NCBI_name	EC_locusTag	motifCoverage	identPercent	motifDesc	mSS	mSE
xynR	b0272	100	42.86	DNA-Binding-Region	25	45
xynR	b0272	94.12	34.38	Conserved-Region	81	250
xynR	b0272	85.71	29.63	Conserved-Region	4	66
betI	b0313	100	55	DNA-Binding-Region	31	50
betI	b0313	100	42.62	Conserved-Region	8	68
phoB	b0399	95.96	48.42	DNA-Binding-Region	129	227
phoB	b0399	100	51.28	Conserved-Region	4	120
nrdR	b0413	100	50	Zn-Finger-Region	3	34
nrdR	b0413	100	39.56	Conserved-Region	49	139
decR	b0447	100	50	DNA-Binding-Region	21	40
decR	b0447	100	50	Conserved-Region	2	63
acrR	b0464	100	65	DNA-Binding-Region	33	52
acrR	b0464	100	44.26	Conserved-Region	10	70
cueR	b0487	100	40	DNA-Binding-Region	4	23
cueR	b0487	100	42.03	Conserved-Region	1	69
cusR	b0571	98.99	43.88	DNA-Binding-Region	125	223
cusR	b0571	100	46.09	Conserved-Region	2	116
kdpE	b0694	98	42.86	DNA-Binding-Region	126	225
kdpE	b0694	100	34.78	Conserved-Region	3	116
cecR	b0796	100	50	DNA-Binding-Region	33	52
cecR	b0796	100	43.08	Conserved-Region	11	70
lrp	b0889	100	50	DNA-Binding-Region	31	50
lrp	b0889	100	48.39	Conserved-Region	12	73
rutR	b1013	100	65	DNA-Binding-Region	39	58
rutR	b1013	100	52.46	Conserved-Region	17	77
comR	b1111	100	45	DNA-Binding-Region	41	60
comR	b1111	100	42.62	Conserved-Region	18	78
phoP	b1130	95.96	36.84	DNA-Binding-Region	124	222
phoP	b1130	100	42.61	Conserved-Region	2	116
puuR	b1299	100	45	DNA-Binding-Region	23	42
puuR	b1299	100	34.55	Conserved-Region	12	66
pgrR	b1328	100	55	DNA-Binding-Region	21	40
pgrR	b1328	100	39.66	Conserved-Region	4	61
fnr	b1334	100	55	DNA-Binding-Region	197	216
fnr	b1334	100	37.66	Conserved-Region	164	237
marR	b1530	79.1	37.84	Conserved-Region	11	144
slyA	b1642	100	50	DNA-Binding-Region	49	72
slyA	b1642	97.76	37.4	Conserved-Region	2	135
purR	b1658	100	66.67	DNA-Binding-Region	48	56
purR	b1658	100	65	DNA-Binding-Region	4	23
purR	b1658	100	56.36	Conserved-Region	2	56
nimR	b1790	100	37.5	DNA-Binding-Region	225	248
nimR	b1790	100	36.36	DNA-Binding-Region	178	199
nimR	b1790	98.02	36.36	Conserved-Region	158	258
yebK	b1853	100	60	DNA-Binding-Region	37	56
yebK	b1853	100	29.08	Conserved-Region	121	260
yebK	b1853	100	38.96	Conserved-Region	1	77
uvrY	b1914	100	35	DNA-Binding-Region	167	186
uvrY	b1914	86.36	29.82	Conserved-Region	143	208
uvrY	b1914	100	38.46	Conserved-Region	3	119
nac	b1988	100	30	DNA-Binding-Region	18	37
nac	b1988	100	43.1	Conserved-Region	1	58
baeR	b2079	100	48.25	Conserved-Region	12	125
baeR	b2079	100	34.62	DNA-Binding-Region	131	234
narP	b2193	100	45	DNA-Binding-Region	171	190
narP	b2193	78.79	44.23	Conserved-Region	147	212
narP	b2193	100	30.77	Conserved-Region	8	124
ada	b2213	100	25	DNA-Binding-Region	102	121
ada	b2213	100	27.45	Conserved-Region	85	183
atoC	b2220	100	87.5	Nucleotide-Phosphate-Binding-Region	173	180
atoC	b2220	100	40	DNA-Binding-Region	433	452
atoC	b2220	100	60	Nucleotide-Phosphate-Binding-Region	236	245
atoC	b2220	100	50.65	Conserved-Region	145	374
atoC	b2220	100	35.04	Conserved-Region	6	120
lrhA	b2289	100	60	DNA-Binding-Region	28	47
lrhA	b2289	100	55.17	Conserved-Region	11	68
hyfR	b2491	0	0	DNA-Binding-Region	641	660
hyfR	b2491	100	80	Nucleotide-Phosphate-Binding-Region	438	447
hyfR	b2491	100	87.5	Nucleotide-Phosphate-Binding-Region	375	382
hyfR	b2491	100	52.61	Conserved-Region	347	576
hyfR	b2491	0	0	Conserved-Region	169	311
iscR	b2531	100	33.33	DNA-Binding-Region	28	51
iscR	b2531	65.38	37.65	Conserved-Region	2	131
gcvA	b2808	100	80	DNA-Binding-Region	23	42
gcvA	b2808	100	65.52	Conserved-Region	6	63
galR	b2837	100	75	DNA-Binding-Region	4	23
galR	b2837	94.64	43.4	Conserved-Region	1	56
lysR	b2839	100	35	DNA-Binding-Region	21	40
lysR	b2839	100	40.98	Conserved-Region	1	61
argP	b2916	100	70	DNA-Binding-Region	21	40
argP	b2916	98.25	50	Conserved-Region	4	60
yqhC	b3010	100	58.33	DNA-Binding-Region	278	301
yqhC	b3010	100	27.27	DNA-Binding-Region	230	251
yqhC	b3010	100	34.34	Conserved-Region	213	311
ttdR	b3060	100	50	DNA-Binding-Region	23	42
ttdR	b3060	93.1	31.48	Conserved-Region	6	63
exuR	b3094	100	55	DNA-Binding-Region	35	54
exuR	b3094	100	53.62	Conserved-Region	7	75
nanR	b3226	100	60	DNA-Binding-Region	58	77
nanR	b3226	100	52.17	Conserved-Region	30	98
accB	b3255	100	53.57	Conserved-Region	73	156
envR	b3264	100	50	DNA-Binding-Region	33	52
envR	b3264	86.89	37.04	Conserved-Region	10	70
zntR	b3292	100	50	DNA-Binding-Region	4	23
zntR	b3292	95.71	46.27	Conserved-Region	1	70
ompR	b3405	98	47.47	DNA-Binding-Region	135	234
ompR	b3405	100	49.14	Conserved-Region	6	120
rtcR	b3422	100	55	DNA-Binding-Region	485	504
rtcR	b3422	100	70	Nucleotide-Phosphate-Binding-Region	281	290
rtcR	b3422	100	100	Nucleotide-Phosphate-Binding-Region	215	222
rtcR	b3422	100	68.62	Conserved-Region	186	424
arsR	b3501	100	40	DNA-Binding-Region	33	52
arsR	b3501	68.48	41.27	Conserved-Region	1	92
dnaA	b3702	100	62.5	Nucleotide-Phosphate-Binding-Region	172	179
rbsR	b3753	100	60	DNA-Binding-Region	4	23
rbsR	b3753	100	43.64	Conserved-Region	2	56
glnG	b3868	100	50	DNA-Binding-Region	445	464
glnG	b3868	100	90	Nucleotide-Phosphate-Binding-Region	231	240
glnG	b3868	100	100	Nucleotide-Phosphate-Binding-Region	168	175
glnG	b3868	100	56.09	Conserved-Region	140	369
glnG	b3868	99.13	37.72	Conserved-Region	5	119
csqR	b3884	100	40	DNA-Binding-Region	25	44
csqR	b3884	94.64	32.08	Conserved-Region	8	63
rhaS	b3905	100	37.5	DNA-Binding-Region	239	262
rhaS	b3905	100	31.82	DNA-Binding-Region	191	212
rhaS	b3905	97.98	34.02	Conserved-Region	174	272
cpxR	b3912	96	50	DNA-Binding-Region	131	230
cpxR	b3912	100	42.98	Conserved-Region	3	115
cytR	b3934	100	60	DNA-Binding-Region	12	31
cytR	b3934	100	45.45	Conserved-Region	10	64
oxyR	b3961	55	63.64	DNA-Binding-Region	18	37
oxyR	b3961	55.17	56.25	Conserved-Region	1	58
birA	b3973	0	0	DNA-Binding-Region	22	41
birA	b3973	88.3	27.59	Conserved-Region	67	254
soxR	b4063	100	80	DNA-Binding-Region	14	33
soxR	b4063	100	72.46	Conserved-Region	11	79
basR	b4113	97.89	40	DNA-Binding-Region	124	218
basR	b4113	100	47.83	Conserved-Region	2	116
cadC	b4133	98	28.57	DNA-Binding-Region	3	102
cadC	b4133	0	0	Transmembrane-Region	155	180
nsrR	b4178	100	37.5	DNA-Binding-Region	28	51
nsrR	b4178	100	41.35	Conserved-Region	2	129
aidB	b4187	100	81.82	Nucleotide-Phosphate-Binding-Region	423	433
aidB	b4187	100	66.67	Nucleotide-Phosphate-Binding-Region	216	218
aidB	b4187	100	90	Nucleotide-Phosphate-Binding-Region	182	191
aidB	b4187	98.4	46.33	Catalytic-Domain	2	439
aidB	b4187	9.8	10	DNA-Binding-Region	440	541
ulaR	b4191	100	45	DNA-Binding-Region	20	39
ulaR	b4191	100	42.86	Conserved-Region	3	58
rob	b4396	100	50	DNA-Binding-Region	73	96
rob	b4396	100	40.91	DNA-Binding-Region	25	46
rob	b4396	95.96	46.88	Conserved-Region	8	106
gntR	b3438	100	60	DNA-Binding-Region	8	27
gntR	b3438	100	40	Conserved-Region	6	60
ihfA	b1712	NA	NA	NA	NA	NA
yefM	b2017	NA	NA	NA	NA	NA
alaS	b2697	NA	NA	NA	NA	NA
nfeR	b3071	NA	NA	NA	NA	NA
frmR	b0357	NA	NA	NA	NA	NA
hupA	b4000	NA	NA	NA	NA	NA
zur	b4046	NA	NA	NA	NA	NA
pepA	b4260	NA	NA	NA	NA	NA
bolA	b0435	NA	NA	NA	NA	NA
yoeB	b4539	NA	NA	NA	NA	NA
fur	b0683	NA	NA	NA	NA	NA
ihfB	b0912	NA	NA	NA	NA	NA
putA	b1014	NA	NA	NA	NA	NA
