ECBLAST_ID	RZBLAST_ID	EC_locusTag	NCBI_name	Regulondb_name	Abasy_name	Ecocyc_name	Synonyms	RegulondbID	EC_proteinID	RZ_locusTag	RZ_locusTag_old	RZ_proteinID	qSS	qSE	BLASTseq	EC_product	RZ_Product	motifDesc	mSS	mSE	motifsSeq	effector_name
gnl|ECaadb|243|NP_414806.1	gnl|RZaadb|3094|WP_016734656.1	b0272	xynR	xynR	NA	xynR	yagI	ECK120002764	NP_414806.1	RPHASCH2410_RS11005	RPHASCH2410_CH11260	WP_016734656.1	13	240	ILDLFNEQATELKITDISKLMGLSKSTLHSLLKTLQLHGYIDQNPENGKYRLGMKLVERGHFVVGSIDIRQKAKGWLTELSRRTGQTTHLGILDGREGVYIEKIEGKLAAIAYSRIGRRLPVHATAIGKVLIAWLGEAELNALLEGYQYTTFTPATLASREALMSALAQTREQGYALDSEENEQGVRCVAVPVWNHESRVIAALSLSTLTSRVDDAELANFREQLQQA	CP4-6 prophage; DNA-binding transcriptional repressor XynR	IclR family transcriptional regulator	DNA-Binding-Region 	25	45	KITDISKLMGLSKSTLHSLLK	D-xylonate
gnl|ECaadb|243|NP_414806.1	gnl|RZaadb|3094|WP_016734656.1	b0272	xynR	xynR	NA	xynR	yagI	ECK120002764	NP_414806.1	RPHASCH2410_RS11005	RPHASCH2410_CH11260	WP_016734656.1	13	240	ILDLFNEQATELKITDISKLMGLSKSTLHSLLKTLQLHGYIDQNPENGKYRLGMKLVERGHFVVGSIDIRQKAKGWLTELSRRTGQTTHLGILDGREGVYIEKIEGKLAAIAYSRIGRRLPVHATAIGKVLIAWLGEAELNALLEGYQYTTFTPATLASREALMSALAQTREQGYALDSEENEQGVRCVAVPVWNHESRVIAALSLSTLTSRVDDAELANFREQLQQA	CP4-6 prophage; DNA-binding transcriptional repressor XynR	IclR family transcriptional regulator	Conserved-Region 	81	250	IRQKAKGWLTELSRRTGQTTHLGILDGREGVYIEKIEGKLAAIAYSRIGRRLPVHATAIGKVLIAWLGEAELNALLEGYQYTTFTPATLASREALMSALAQTREQGYALDSEENEQGVRCVAVPVWNHESRVIAALSLSTLTSRVDDAELANFREQLQQAGLALSRALGY	D-xylonate
gnl|ECaadb|243|NP_414806.1	gnl|RZaadb|3094|WP_016734656.1	b0272	xynR	xynR	NA	xynR	yagI	ECK120002764	NP_414806.1	RPHASCH2410_RS11005	RPHASCH2410_CH11260	WP_016734656.1	13	240	ILDLFNEQATELKITDISKLMGLSKSTLHSLLKTLQLHGYIDQNPENGKYRLGMKLVERGHFVVGSIDIRQKAKGWLTELSRRTGQTTHLGILDGREGVYIEKIEGKLAAIAYSRIGRRLPVHATAIGKVLIAWLGEAELNALLEGYQYTTFTPATLASREALMSALAQTREQGYALDSEENEQGVRCVAVPVWNHESRVIAALSLSTLTSRVDDAELANFREQLQQA	CP4-6 prophage; DNA-binding transcriptional repressor XynR	IclR family transcriptional regulator	Conserved-Region 	4	66	IQSVERALQILDLFNEQATELKITDISKLMGLSKSTLHSLLKTLQLHGYIDQNPENGKYRLGM	D-xylonate
gnl|ECaadb|278|NP_414847.3	gnl|RZaadb|1164|WP_012483077.1	b0313	betI	betI	betI	betI		ECK120000107	NP_414847.3	RPHASCH2410_RS12280	RPHASCH2410_CH12600	WP_012483077.1	6	194	MQSIRRRQLIDATLEAINEVGMHDATIAQIARRAGVSTGIISHYFRDKNGLLEATMRDITSQLRDAVLNRLHALPQGSAEQRLQAIVGGNFDETQVSSAAMKAWLAFWASSMHQPMLYRLQQVSSRRLLSNLVSEFRRELPREQAQEAGYGLAALIDGLWLRAALSGKPLDKTRANSLTRHFITQHLPT	DNA-binding transcriptional repressor BetI	transcriptional regulator BetI	DNA-Binding-Region 	31	50	TIAQIARRAGVSTGIISHYF	choline
gnl|ECaadb|278|NP_414847.3	gnl|RZaadb|1164|WP_012483077.1	b0313	betI	betI	betI	betI		ECK120000107	NP_414847.3	RPHASCH2410_RS12280	RPHASCH2410_CH12600	WP_012483077.1	6	194	MQSIRRRQLIDATLEAINEVGMHDATIAQIARRAGVSTGIISHYFRDKNGLLEATMRDITSQLRDAVLNRLHALPQGSAEQRLQAIVGGNFDETQVSSAAMKAWLAFWASSMHQPMLYRLQQVSSRRLLSNLVSEFRRELPREQAQEAGYGLAALIDGLWLRAALSGKPLDKTRANSLTRHFITQHLPT	DNA-binding transcriptional repressor BetI	transcriptional regulator BetI	Conserved-Region 	8	68	SIRRRQLIDATLEAINEVGMHDATIAQIARRAGVSTGIISHYFRDKNGLLEATMRDITSQL	choline
gnl|ECaadb|355|NP_414933.1	gnl|RZaadb|241|WP_004672768.1	b0399	phoB	phoB	phoB	phoB	phoRc // phoT	ECK120000719	NP_414933.1	RPHASCH2410_RS09385	RPHASCH2410_CH09590	WP_004672768.1	1	223	MARRILVVEDEAPIREMVCFVLEQNGFQPVEAEDYDSAVNQLNEPWPDLILLDWMLPGGSGIQFIKHLKRESMTRDIPVVMLTARGEEEDRVRGLETGADDYITKPFSPKELVARIKAVMRRISPMAVEEVIEMQGLSLDPTSHRVMAGEEPLEMGPTEFKLLHFFMTHPERVYSREQLLNHVWGTNVYVEDRTVDVHIRRLRKALEPGGHDRMVQTVRGTGY	DNA-binding transcriptional dual regulator PhoB	phosphate regulon transcriptional regulatory	DNA-Binding-Region 	129	227	EEVIEMQGLSLDPTSHRVMAGEEPLEMGPTEFKLLHFFMTHPERVYSREQLLNHVWGTNVYVEDRTVDVHIRRLRKALEPGGHDRMVQTVRGTGYRFST	NA
gnl|ECaadb|355|NP_414933.1	gnl|RZaadb|241|WP_004672768.1	b0399	phoB	phoB	phoB	phoB	phoRc // phoT	ECK120000719	NP_414933.1	RPHASCH2410_RS09385	RPHASCH2410_CH09590	WP_004672768.1	1	223	MARRILVVEDEAPIREMVCFVLEQNGFQPVEAEDYDSAVNQLNEPWPDLILLDWMLPGGSGIQFIKHLKRESMTRDIPVVMLTARGEEEDRVRGLETGADDYITKPFSPKELVARIKAVMRRISPMAVEEVIEMQGLSLDPTSHRVMAGEEPLEMGPTEFKLLHFFMTHPERVYSREQLLNHVWGTNVYVEDRTVDVHIRRLRKALEPGGHDRMVQTVRGTGY	DNA-binding transcriptional dual regulator PhoB	phosphate regulon transcriptional regulatory	Conserved-Region 	4	120	RILVVEDEAPIREMVCFVLEQNGFQPVEAEDYDSAVNQLNEPWPDLILLDWMLPGGSGIQFIKHLKRESMTRDIPVVMLTARGEEEDRVRGLETGADDYITKPFSPKELVARIKAVM	NA
gnl|ECaadb|369|NP_414947.1	gnl|RZaadb|16|WP_003547190.1	b0413	nrdR	nrdR	nrdR	nrdR	ybaD	ECK120001291	NP_414947.1	RPHASCH2410_RS14065	RPHASCH2410_CH14440	WP_003547190.1	1	147	MHCPFCFAVDTKVIDSRLVGEGSSVRRRRQCLVCNERFTTFEVAELVMPRVVKSNDVREPFNEEKLRSGMLRALEKRPVSSDDVEMAINHIKSQLRATGEREVPSKMIGNLVMEQLKKLDKVAYIRFASVYRSFEDIKEFGEEIARL	NrdR transcriptional repressor	transcriptional regulator NrdR	Zn-Finger-Region 	3	34	CPFCFAVDTKVIDSRLVGEGSSVRRRRQCLVC	ATP, Zn, dATP
gnl|ECaadb|369|NP_414947.1	gnl|RZaadb|16|WP_003547190.1	b0413	nrdR	nrdR	nrdR	nrdR	ybaD	ECK120001291	NP_414947.1	RPHASCH2410_RS14065	RPHASCH2410_CH14440	WP_003547190.1	1	147	MHCPFCFAVDTKVIDSRLVGEGSSVRRRRQCLVCNERFTTFEVAELVMPRVVKSNDVREPFNEEKLRSGMLRALEKRPVSSDDVEMAINHIKSQLRATGEREVPSKMIGNLVMEQLKKLDKVAYIRFASVYRSFEDIKEFGEEIARL	NrdR transcriptional repressor	transcriptional regulator NrdR	Conserved-Region 	49	139	PRVVKSNDVREPFNEEKLRSGMLRALEKRPVSSDDVEMAINHIKSQLRATGEREVPSKMIGNLVMEQLKKLDKVAYIRFASVYRSFEDIKE	ATP, Zn, dATP
gnl|ECaadb|403|NP_414981.4	gnl|RZaadb|545|WP_004678404.1	b0447	decR	decR	NA	decR	ybaO // cyuR	ECK120002858	NP_414981.4	RPHASCH2410_RS19995	RPHASCH2410_CH20520	WP_004678404.1	2	152	LDKIDRKLLALLQQDCTLSLQALAEAVNLTTTPCWKRLKRLEDDGILIGKVALLDPEKIGLGLTAFVLIKTQHHSSEWYCRFVTVVTEMPEVLGFWRMAGEYDYLMRVQVADMKRYDEFYKRLVNSVPGLSDVTSSFAMEQIKYTTSLPIE	DNA-binding transcriptional activator DecR	Lrp/AsnC family transcriptional regulator	DNA-Binding-Region 	21	40	LQALAEAVNLTTTPCWKRLK	NA
gnl|ECaadb|403|NP_414981.4	gnl|RZaadb|545|WP_004678404.1	b0447	decR	decR	NA	decR	ybaO // cyuR	ECK120002858	NP_414981.4	RPHASCH2410_RS19995	RPHASCH2410_CH20520	WP_004678404.1	2	152	LDKIDRKLLALLQQDCTLSLQALAEAVNLTTTPCWKRLKRLEDDGILIGKVALLDPEKIGLGLTAFVLIKTQHHSSEWYCRFVTVVTEMPEVLGFWRMAGEYDYLMRVQVADMKRYDEFYKRLVNSVPGLSDVTSSFAMEQIKYTTSLPIE	DNA-binding transcriptional activator DecR	Lrp/AsnC family transcriptional regulator	Conserved-Region 	2	63	LDKIDRKLLALLQQDCTLSLQALAEAVNLTTTPCWKRLKRLEDDGILIGKVALLDPEKIGLG	NA
gnl|ECaadb|442|NP_415020.1	gnl|RZaadb|548|WP_004678499.1	b0487	cueR	cueR	cueR	cueR	copR // ybbI	ECK120002871	NP_415020.1	RPHASCH2410_RS22095	RPHASCH2410_PB00905	WP_004678499.1	1	127	MNISDVAKITGLTSKAIRFYEEKGLVTPPMRSENGYRTYTQQHLNELTLLRQARQVGFNLEESGELVNLFNDPQRHSADVKRRTLEKVAEIERHIEELQSMRDQLLALANACPGDDSADCPIIENLS	DNA-binding transcriptional dual regulator CueR	Cu(I)-responsive transcriptional regulator	DNA-Binding-Region 	4	23	SDVAKITGLTSKAIRFYEEK	Cu, Ag, Au
gnl|ECaadb|442|NP_415020.1	gnl|RZaadb|548|WP_004678499.1	b0487	cueR	cueR	cueR	cueR	copR // ybbI	ECK120002871	NP_415020.1	RPHASCH2410_RS22095	RPHASCH2410_PB00905	WP_004678499.1	1	127	MNISDVAKITGLTSKAIRFYEEKGLVTPPMRSENGYRTYTQQHLNELTLLRQARQVGFNLEESGELVNLFNDPQRHSADVKRRTLEKVAEIERHIEELQSMRDQLLALANACPGDDSADCPIIENLS	DNA-binding transcriptional dual regulator CueR	Cu(I)-responsive transcriptional regulator	Conserved-Region 	1	69	MNISDVAKITGLTSKAIRFYEEKGLVTPPMRSENGYRTYTQQHLNELTLLRQARQVGFNLEESGELVNL	Cu, Ag, Au
gnl|ECaadb|512|NP_415103.1	gnl|RZaadb|5833|WP_037113567.1	b0571	cusR	cusR	cusR	cusR	ylcA	ECK120002927	NP_415103.1	RPHASCH2410_RS13060	RPHASCH2410_CH13425	WP_037113567.1	1	222	MKLLIVEDEKKTGEYLTKGLTEAGFVVDLADNGLNGYHLAMTGDYDLIILDIMLPDVNGWDIVRMLRSANKGMPILLLTALGTIEHRVKGLELGADDYLVKPFAFAELLARVRTLLRRGAAVIIESQFQVADLMVDLVSRKVTRSGTRITLTSKEFTLLEFFLRHQGEVLPRSLIASQVWDMNFDSDTNAIDVAVKRLRGKIDNDFEPKLIQTVRGVGYMLE	DNA-binding transcriptional activator CusR	DNA-binding response regulator	DNA-Binding-Region 	125	223	ESQFQVADLMVDLVSRKVTRSGTRITLTSKEFTLLEFFLRHQGEVLPRSLIASQVWDMNFDSDTNAIDVAVKRLRGKIDNDFEPKLIQTVRGVGYMLEV	NA
gnl|ECaadb|512|NP_415103.1	gnl|RZaadb|5833|WP_037113567.1	b0571	cusR	cusR	cusR	cusR	ylcA	ECK120002927	NP_415103.1	RPHASCH2410_RS13060	RPHASCH2410_CH13425	WP_037113567.1	1	222	MKLLIVEDEKKTGEYLTKGLTEAGFVVDLADNGLNGYHLAMTGDYDLIILDIMLPDVNGWDIVRMLRSANKGMPILLLTALGTIEHRVKGLELGADDYLVKPFAFAELLARVRTLLRRGAAVIIESQFQVADLMVDLVSRKVTRSGTRITLTSKEFTLLEFFLRHQGEVLPRSLIASQVWDMNFDSDTNAIDVAVKRLRGKIDNDFEPKLIQTVRGVGYMLE	DNA-binding transcriptional activator CusR	DNA-binding response regulator	Conserved-Region 	2	116	KLLIVEDEKKTGEYLTKGLTEAGFVVDLADNGLNGYHLAMTGDYDLIILDIMLPDVNGWDIVRMLRSANKGMPILLLTALGTIEHRVKGLELGADDYLVKPFAFAELLARVRTLL	NA
gnl|ECaadb|619|NP_415222.1	gnl|RZaadb|4619|WP_016736656.1	b0694	kdpE	kdpE	kdpE	kdpE		ECK120000510	NP_415222.1	RPHASCH2410_RS23120	RPHASCH2410_PB01930	WP_016736656.1	2	223	TNVLIVEDEQAIRRFLRTALEGDGMRVFEAETLQRGLLEAATRKPDLIILDLGLPDGDGIEFIRDLRQWSAVPVIVLSARSEESDKIAALDAGADDYLSKPFGIGELQARLRVALRRHSATTAPDPLVKFSDVTVDLAARVIHRGEEEVHLTPIEFRLLAVLLNNAGKVLTQRQLLNQVWGPNAVEHSHYLRIYMGHLRQKLEQDPARPRHFITETGIGYRF	DNA-binding transcriptional activator KdpE	DNA-binding response regulator	DNA-Binding-Region 	126	225	DPLVKFSDVTVDLAARVIHRGEEEVHLTPIEFRLLAVLLNNAGKVLTQRQLLNQVWGPNAVEHSHYLRIYMGHLRQKLEQDPARPRHFITETGIGYRFML	NA
gnl|ECaadb|619|NP_415222.1	gnl|RZaadb|4619|WP_016736656.1	b0694	kdpE	kdpE	kdpE	kdpE		ECK120000510	NP_415222.1	RPHASCH2410_RS23120	RPHASCH2410_PB01930	WP_016736656.1	2	223	TNVLIVEDEQAIRRFLRTALEGDGMRVFEAETLQRGLLEAATRKPDLIILDLGLPDGDGIEFIRDLRQWSAVPVIVLSARSEESDKIAALDAGADDYLSKPFGIGELQARLRVALRRHSATTAPDPLVKFSDVTVDLAARVIHRGEEEVHLTPIEFRLLAVLLNNAGKVLTQRQLLNQVWGPNAVEHSHYLRIYMGHLRQKLEQDPARPRHFITETGIGYRF	DNA-binding transcriptional activator KdpE	DNA-binding response regulator	Conserved-Region 	3	116	NVLIVEDEQAIRRFLRTALEGDGMRVFEAETLQRGLLEAATRKPDLIILDLGLPDGDGIEFIRDLRQWSAVPVIVLSARSEESDKIAALDAGADDYLSKPFGIGELQARLRVAL	NA
gnl|ECaadb|710|NP_415317.4	gnl|RZaadb|2498|WP_016733870.1	b0796	cecR	cecR	NA	cecR	ybiH	ECK120002268	NP_415317.4	RPHASCH2410_RS15230	RPHASCH2410_CH15625	WP_016733870.1	2	214	NNPAMTIKGEQAKKQLIAAALAQFGEYGMNATTREIAAQAGQNIAAITYYFGSKEDLYLACAQWIADFIGEQFRPHAEEAERLFAQPQPDRAAIRELILRACRNMIKLLTQDDTVNLSKFISREQLSPTAAYHLVHEQVISPLHSHLTRLIAAWTGCDANDTRMILHTHALIGEILAFRLGKETILLRTGWTAFDEEKTELINQTVTCHIDLI	DNA-binding transcriptional dual regulator CecR	DUF1956 domain-containing protein	DNA-Binding-Region 	33	52	TTREIAAQAGQNIAAITYYF	NA
gnl|ECaadb|710|NP_415317.4	gnl|RZaadb|2498|WP_016733870.1	b0796	cecR	cecR	NA	cecR	ybiH	ECK120002268	NP_415317.4	RPHASCH2410_RS15230	RPHASCH2410_CH15625	WP_016733870.1	2	214	NNPAMTIKGEQAKKQLIAAALAQFGEYGMNATTREIAAQAGQNIAAITYYFGSKEDLYLACAQWIADFIGEQFRPHAEEAERLFAQPQPDRAAIRELILRACRNMIKLLTQDDTVNLSKFISREQLSPTAAYHLVHEQVISPLHSHLTRLIAAWTGCDANDTRMILHTHALIGEILAFRLGKETILLRTGWTAFDEEKTELINQTVTCHIDLI	DNA-binding transcriptional dual regulator CecR	DUF1956 domain-containing protein	Conserved-Region 	11	70	EQAKKQLIAAALAQFGEYGMNATTREIAAQAGQNIAAITYYFGSKEDLYLACAQWIADFI	NA
gnl|ECaadb|801|NP_415409.1	gnl|RZaadb|4068|WP_016735903.1	b0889	lrp	lrp	lrp	lrp	rblA // oppI // mbf // lstR // alsB // ihb // livR // lrs // lss	ECK120000540	NP_415409.1	RPHASCH2410_RS28065	RPHASCH2410_PD03050	WP_016735903.1	11	155	DLDRIDRNILNELQKDGRISNVELSKRVGLSPTPCLERVRRLERQGFIQGYTALLNPHYLDASLLVFVEITLNRGAPDVFEQFNTAVQKLEEIQECHLVSGDFDYLLKTRVPDMSAYRKLLGETLLRLPGVNDTRTYVVMEEVKQ	DNA-binding transcriptional dual regulator Lrp	ArsR family transcriptional regulator	DNA-Binding-Region 	31	50	NVELSKRVGLSPTPCLERVR	L-leucine
gnl|ECaadb|801|NP_415409.1	gnl|RZaadb|4068|WP_016735903.1	b0889	lrp	lrp	lrp	lrp	rblA // oppI // mbf // lstR // alsB // ihb // livR // lrs // lss	ECK120000540	NP_415409.1	RPHASCH2410_RS28065	RPHASCH2410_PD03050	WP_016735903.1	11	155	DLDRIDRNILNELQKDGRISNVELSKRVGLSPTPCLERVRRLERQGFIQGYTALLNPHYLDASLLVFVEITLNRGAPDVFEQFNTAVQKLEEIQECHLVSGDFDYLLKTRVPDMSAYRKLLGETLLRLPGVNDTRTYVVMEEVKQ	DNA-binding transcriptional dual regulator Lrp	ArsR family transcriptional regulator	Conserved-Region 	12	73	LDRIDRNILNELQKDGRISNVELSKRVGLSPTPCLERVRRLERQGFIQGYTALLNPHYLDAS	L-leucine
gnl|ECaadb|924|NP_415533.1	gnl|RZaadb|5412|WP_029531483.1	b1013	rutR	rutR	rutR	rutR	ycdC	ECK120002180	NP_415533.1	RPHASCH2410_RS15505	RPHASCH2410_CH15905	WP_029531483.1	29	211	DTFSQFGFHGTRLEQIAELAGVSKTNLLYYFPSKEALYIAVLRQILDIWLAPLKAFREDFAPLAAIKEYIRLKLEVSRDYPQASRLFCMEMLAGAPLLMDELTGDLKALIDEKSALIAGWVKSGKLAPIDPQHLIFMIWASTQHYADFAPQVEAVTGATLRDEVFFNQTVENVQRIIIEGIRP	DNA-binding transcriptional dual regulator RutR	TetR family transcriptional regulator	DNA-Binding-Region 	39	58	TRLEQIAELAGVSKTNLLYY	uracil, thymine
gnl|ECaadb|924|NP_415533.1	gnl|RZaadb|5412|WP_029531483.1	b1013	rutR	rutR	rutR	rutR	ycdC	ECK120002180	NP_415533.1	RPHASCH2410_RS15505	RPHASCH2410_CH15905	WP_029531483.1	29	211	DTFSQFGFHGTRLEQIAELAGVSKTNLLYYFPSKEALYIAVLRQILDIWLAPLKAFREDFAPLAAIKEYIRLKLEVSRDYPQASRLFCMEMLAGAPLLMDELTGDLKALIDEKSALIAGWVKSGKLAPIDPQHLIFMIWASTQHYADFAPQVEAVTGATLRDEVFFNQTVENVQRIIIEGIRP	DNA-binding transcriptional dual regulator RutR	TetR family transcriptional regulator	Conserved-Region 	17	77	SAKKKAILSAALDTFSQFGFHGTRLEQIAELAGVSKTNLLYYFPSKEALYIAVLRQILDIW	uracil, thymine
gnl|ECaadb|1015|NP_415629.4	gnl|RZaadb|930|WP_010025457.1	b1111	comR	comR	comR	comR	ycfQ	ECK120003165	NP_415629.4	RPHASCH2410_RS12610	RPHASCH2410_CH12940	WP_010025457.1	10	204	KKSRGRPKVFDRDAALDKAMKLFWQHGYEATSLADLVEATGAKAPTLYAEFTNKEGLFRAVLDRYIDRFAAKHEAQLFCEEKSVESALADYFAAIANCFTSKDTPAGCFMINNCTTLSPDSGDIANTLKSRHAMQERTLQQFLCQRQARGEIPPHCDVTHLAEFLNCIIQGMSISAREGASLEKLMQIAGTTLRL	DNA-binding transcriptional repressor ComR	TetR/AcrR family transcriptional regulator	DNA-Binding-Region 	41	60	SLADLVEATGAKAPTLYAEF	Cu
gnl|ECaadb|1015|NP_415629.4	gnl|RZaadb|930|WP_010025457.1	b1111	comR	comR	comR	comR	ycfQ	ECK120003165	NP_415629.4	RPHASCH2410_RS12610	RPHASCH2410_CH12940	WP_010025457.1	10	204	KKSRGRPKVFDRDAALDKAMKLFWQHGYEATSLADLVEATGAKAPTLYAEFTNKEGLFRAVLDRYIDRFAAKHEAQLFCEEKSVESALADYFAAIANCFTSKDTPAGCFMINNCTTLSPDSGDIANTLKSRHAMQERTLQQFLCQRQARGEIPPHCDVTHLAEFLNCIIQGMSISAREGASLEKLMQIAGTTLRL	DNA-binding transcriptional repressor ComR	TetR/AcrR family transcriptional regulator	Conserved-Region 	18	78	VFDRDAALDKAMKLFWQHGYEATSLADLVEATGAKAPTLYAEFTNKEGLFRAVLDRYIDRF	Cu
gnl|ECaadb|1034|NP_415648.1	gnl|RZaadb|1178|WP_012483203.1	b1130	phoP	phoP	phoP	phoP		ECK120000722	NP_415648.1	RPHASCH2410_RS13020	RPHASCH2410_CH13385	WP_012483203.1	1	218	MRVLVVEDNALLRHHLKVQIQDAGHQVDDAEDAKEADYYLNEHIPDIAIVDLGLPDEDGLSLIRRWRSNDVSLPILVLTARESWQDKVEVLSAGADDYVTKPFHIEEVMARMQALMRRNSGLASQVISLPPFQVDLSRRELSINDEVIKLTAFEYTIMETLIRNNGKVVSKDSLMLQLYPDAELRESHTIDVLMGRLRKKIQAQYPQEVITTVRGQGY	DNA-binding transcriptional dual regulator PhoP	DNA-binding response regulator	DNA-Binding-Region 	124	222	SQVISLPPFQVDLSRRELSINDEVIKLTAFEYTIMETLIRNNGKVVSKDSLMLQLYPDAELRESHTIDVLMGRLRKKIQAQYPQEVITTVRGQGYLFEL	NA
gnl|ECaadb|1034|NP_415648.1	gnl|RZaadb|1178|WP_012483203.1	b1130	phoP	phoP	phoP	phoP		ECK120000722	NP_415648.1	RPHASCH2410_RS13020	RPHASCH2410_CH13385	WP_012483203.1	1	218	MRVLVVEDNALLRHHLKVQIQDAGHQVDDAEDAKEADYYLNEHIPDIAIVDLGLPDEDGLSLIRRWRSNDVSLPILVLTARESWQDKVEVLSAGADDYVTKPFHIEEVMARMQALMRRNSGLASQVISLPPFQVDLSRRELSINDEVIKLTAFEYTIMETLIRNNGKVVSKDSLMLQLYPDAELRESHTIDVLMGRLRKKIQAQYPQEVITTVRGQGY	DNA-binding transcriptional dual regulator PhoP	DNA-binding response regulator	Conserved-Region 	2	116	RVLVVEDNALLRHHLKVQIQDAGHQVDDAEDAKEADYYLNEHIPDIAIVDLGLPDEDGLSLIRRWRSNDVSLPILVLTARESWQDKVEVLSAGADDYVTKPFHIEEVMARMQALM	NA
gnl|ECaadb|1189|NP_415815.1	gnl|RZaadb|5641|WP_029531806.1	b1299	puuR	puuR	puuR	puuR	ycjC	ECK120002286	NP_415815.1	RPHASCH2410_RS28340	RPHASCH2410_PD03330	WP_029531806.1	9	185	GKRLSEIRQQQGLSQRRAAELSGLTHSAISTIEQDKVSPAISTLQKLLKVYGLSLSEFFSEPEKPDEPQVVINQDDLIEMGSQGVSMKLVHNGNPNRTLAMIFETYQPGTTTGERIKHQGEEIGTVLEGEIVLTINGQDYHLVAGQSYAINTGIPHSFSNTSAGICRIISAHTPTTF	DNA-binding transcriptional repressor PuuR	cupin domain-containing protein	DNA-Binding-Region 	23	42	QRRAAELSGLTHSAISTIEQ	putrescine
gnl|ECaadb|1189|NP_415815.1	gnl|RZaadb|5641|WP_029531806.1	b1299	puuR	puuR	puuR	puuR	ycjC	ECK120002286	NP_415815.1	RPHASCH2410_RS28340	RPHASCH2410_PD03330	WP_029531806.1	9	185	GKRLSEIRQQQGLSQRRAAELSGLTHSAISTIEQDKVSPAISTLQKLLKVYGLSLSEFFSEPEKPDEPQVVINQDDLIEMGSQGVSMKLVHNGNPNRTLAMIFETYQPGTTTGERIKHQGEEIGTVLEGEIVLTINGQDYHLVAGQSYAINTGIPHSFSNTSAGICRIISAHTPTTF	DNA-binding transcriptional repressor PuuR	cupin domain-containing protein	Conserved-Region 	12	66	LSEIRQQQGLSQRRAAELSGLTHSAISTIEQDKVSPAISTLQKLLKVYGLSLSEF	putrescine
gnl|ECaadb|1217|NP_415844.1	gnl|RZaadb|1316|WP_012484080.1	b1328	pgrR	pgrR	pgrR	pgrR	ycjZ	ECK120003259	NP_415844.1	RPHASCH2410_RS19840	RPHASCH2410_CH20355	WP_012484080.1	1	297	MKREEIADLMAFVVVAEERSFTRAAARLSMAQSALSQIVRRIEERLGLRLLTRTTRSVVPTEAGEHLLSVLGPMLHDIDSAMASLSDLQNRPSGTIRITTVEHAAKTILLPAMRTFLKSHPEIDIQLTIDYGLTDVVSERFDAGVRLGGEMDKDMIAIRIGPDIPMAIVGSPDYFSRRSVPTSVSQLIDHQAINLYLPTSGTANRWRLIRGGREVRVRMEGQLLLNTIDLIIDAAIDGHGLAYLPYDQVERAIKEKKLIRVLDKFTPDLPGYHLYYPHRRHAGSAFSLFIDRLKYKG	DNA-binding transcriptional repressor PgrR	LysR family transcriptional regulator	DNA-Binding-Region 	21	40	FTRAAARLSMAQSALSQIVR	NA
gnl|ECaadb|1217|NP_415844.1	gnl|RZaadb|1316|WP_012484080.1	b1328	pgrR	pgrR	pgrR	pgrR	ycjZ	ECK120003259	NP_415844.1	RPHASCH2410_RS19840	RPHASCH2410_CH20355	WP_012484080.1	1	297	MKREEIADLMAFVVVAEERSFTRAAARLSMAQSALSQIVRRIEERLGLRLLTRTTRSVVPTEAGEHLLSVLGPMLHDIDSAMASLSDLQNRPSGTIRITTVEHAAKTILLPAMRTFLKSHPEIDIQLTIDYGLTDVVSERFDAGVRLGGEMDKDMIAIRIGPDIPMAIVGSPDYFSRRSVPTSVSQLIDHQAINLYLPTSGTANRWRLIRGGREVRVRMEGQLLLNTIDLIIDAAIDGHGLAYLPYDQVERAIKEKKLIRVLDKFTPDLPGYHLYYPHRRHAGSAFSLFIDRLKYKG	DNA-binding transcriptional repressor PgrR	LysR family transcriptional regulator	Conserved-Region 	4	61	EEIADLMAFVVVAEERSFTRAAARLSMAQSALSQIVRRIEERLGLRLLTRTTRSVVPT	NA
gnl|ECaadb|1498|NP_416159.2	gnl|RZaadb|2566|WP_016733953.1	b1642	slyA	slyA	slyA	slyA		ECK120003471	NP_416159.2	RPHASCH2410_RS15855	RPHASCH2410_CH16260	WP_016733953.1	5	139	LGSDLARLVRIWRALIDHRLKPLELTQTHWVTLHNIHQLPPDQSQIQLAKAIGIEQPSLVRTLDQLEEKGLISRQTCASDRRAKRIKLTEKAEPLISEMEAVINKTRAEILHGISAEELEQLITLIAKLEHNIIE	DNA-binding transcriptional dual regulator SlyA	MarR family transcriptional regulator	DNA-Binding-Region 	49	72	QIQLAKAIGIEQPSLVRTLDQLEE	NA
gnl|ECaadb|1498|NP_416159.2	gnl|RZaadb|2566|WP_016733953.1	b1642	slyA	slyA	slyA	slyA		ECK120003471	NP_416159.2	RPHASCH2410_RS15855	RPHASCH2410_CH16260	WP_016733953.1	5	139	LGSDLARLVRIWRALIDHRLKPLELTQTHWVTLHNIHQLPPDQSQIQLAKAIGIEQPSLVRTLDQLEEKGLISRQTCASDRRAKRIKLTEKAEPLISEMEAVINKTRAEILHGISAEELEQLITLIAKLEHNIIE	DNA-binding transcriptional dual regulator SlyA	MarR family transcriptional regulator	Conserved-Region 	2	135	ESPLGSDLARLVRIWRALIDHRLKPLELTQTHWVTLHNIHQLPPDQSQIQLAKAIGIEQPSLVRTLDQLEEKGLISRQTCASDRRAKRIKLTEKAEPLISEMEAVINKTRAEILHGISAEELEQLITLIAKLEH	NA
gnl|ECaadb|1513|NP_416175.1	gnl|RZaadb|3019|WP_016734548.1	b1658	purR	purR	purR	purR		ECK120000791	NP_416175.1	RPHASCH2410_RS11730	RPHASCH2410_CH12005	WP_016734548.1	1	334	MATIKDVAKRANVSTTTVSHVINKTRFVAEETRNAVWAAIKELHYSPSAVARSLKVNHTKSIGLLATSSEAAYFAEIIEAVEKNCFQKGYTLILGNAWNNLEKQRAYLSMMAQKRVDGLLVMCSEYPEPLLAMLEEYRHIPMVVMDWGEAKADFTDAVIDNAFEGGYMAGRYLIERGHREIGVIPGPLERNTGAGRLAGFMKAMEEAMIKVPESWIVQGDFEPESGYRAMQQILSQPHRPTAVFCGGDIMAMGALCAADEMGLRVPQDVSLIGYDNVRNARYFTPALTTIHQPKDSLGETAFNMLLDRIVNKREEPQSIEVHPRLIERRSVADG	DNA-binding transcriptional repressor PurR	LacI family transcriptional regulator	DNA-Binding-Region 	48	56	SAVARSLKV	Guanine, hypoxanthine
gnl|ECaadb|1513|NP_416175.1	gnl|RZaadb|3019|WP_016734548.1	b1658	purR	purR	purR	purR		ECK120000791	NP_416175.1	RPHASCH2410_RS11730	RPHASCH2410_CH12005	WP_016734548.1	1	334	MATIKDVAKRANVSTTTVSHVINKTRFVAEETRNAVWAAIKELHYSPSAVARSLKVNHTKSIGLLATSSEAAYFAEIIEAVEKNCFQKGYTLILGNAWNNLEKQRAYLSMMAQKRVDGLLVMCSEYPEPLLAMLEEYRHIPMVVMDWGEAKADFTDAVIDNAFEGGYMAGRYLIERGHREIGVIPGPLERNTGAGRLAGFMKAMEEAMIKVPESWIVQGDFEPESGYRAMQQILSQPHRPTAVFCGGDIMAMGALCAADEMGLRVPQDVSLIGYDNVRNARYFTPALTTIHQPKDSLGETAFNMLLDRIVNKREEPQSIEVHPRLIERRSVADG	DNA-binding transcriptional repressor PurR	LacI family transcriptional regulator	DNA-Binding-Region 	4	23	IKDVAKRANVSTTTVSHVIN	Guanine, hypoxanthine
gnl|ECaadb|1513|NP_416175.1	gnl|RZaadb|3019|WP_016734548.1	b1658	purR	purR	purR	purR		ECK120000791	NP_416175.1	RPHASCH2410_RS11730	RPHASCH2410_CH12005	WP_016734548.1	1	334	MATIKDVAKRANVSTTTVSHVINKTRFVAEETRNAVWAAIKELHYSPSAVARSLKVNHTKSIGLLATSSEAAYFAEIIEAVEKNCFQKGYTLILGNAWNNLEKQRAYLSMMAQKRVDGLLVMCSEYPEPLLAMLEEYRHIPMVVMDWGEAKADFTDAVIDNAFEGGYMAGRYLIERGHREIGVIPGPLERNTGAGRLAGFMKAMEEAMIKVPESWIVQGDFEPESGYRAMQQILSQPHRPTAVFCGGDIMAMGALCAADEMGLRVPQDVSLIGYDNVRNARYFTPALTTIHQPKDSLGETAFNMLLDRIVNKREEPQSIEVHPRLIERRSVADG	DNA-binding transcriptional repressor PurR	LacI family transcriptional regulator	Conserved-Region 	2	56	ATIKDVAKRANVSTTTVSHVINKTRFVAEETRNAVWAAIKELHYSPSAVARSLKV	Guanine, hypoxanthine
gnl|ECaadb|1638|NP_416304.1	gnl|RZaadb|3731|WP_016735466.1	b1790	nimR	nimR	NA	nimR	yeaM	ECK120003563	NP_416304.1	RPHASCH2410_RS25605	RPHASCH2410_PD00560	WP_016735466.1	32	256	TSPVHQHRKGQLILALHGAITCTVENALWMVPPQYAVWIPGGVEHSNQVTANAELCFLFIEPSAVTMPTTCCTLKISPLCRELILTLANRTTTQRAEPMTRRLIQVLFDELPQQPQQQLHLPVSSHPKIRTMVEMMAKGPVEWGALGQWAGFFAMSERNLARLIVKETGLSFRQWRQQLQLIMALQGLVKGDTVQKVAHTLGYDSTTAFITMFKKGLGQTPGRYI	DNA-binding transcriptional repressor NimR	AraC family transcriptional regulator	DNA-Binding-Region 	225	248	VQKVAHTLGYDSTTAFITMFKKGL	NA
gnl|ECaadb|1638|NP_416304.1	gnl|RZaadb|3731|WP_016735466.1	b1790	nimR	nimR	NA	nimR	yeaM	ECK120003563	NP_416304.1	RPHASCH2410_RS25605	RPHASCH2410_PD00560	WP_016735466.1	32	256	TSPVHQHRKGQLILALHGAITCTVENALWMVPPQYAVWIPGGVEHSNQVTANAELCFLFIEPSAVTMPTTCCTLKISPLCRELILTLANRTTTQRAEPMTRRLIQVLFDELPQQPQQQLHLPVSSHPKIRTMVEMMAKGPVEWGALGQWAGFFAMSERNLARLIVKETGLSFRQWRQQLQLIMALQGLVKGDTVQKVAHTLGYDSTTAFITMFKKGLGQTPGRYI	DNA-binding transcriptional repressor NimR	AraC family transcriptional regulator	DNA-Binding-Region 	178	199	GQWAGFFAMSERNLARLIVKET	NA
gnl|ECaadb|1638|NP_416304.1	gnl|RZaadb|3731|WP_016735466.1	b1790	nimR	nimR	NA	nimR	yeaM	ECK120003563	NP_416304.1	RPHASCH2410_RS25605	RPHASCH2410_PD00560	WP_016735466.1	32	256	TSPVHQHRKGQLILALHGAITCTVENALWMVPPQYAVWIPGGVEHSNQVTANAELCFLFIEPSAVTMPTTCCTLKISPLCRELILTLANRTTTQRAEPMTRRLIQVLFDELPQQPQQQLHLPVSSHPKIRTMVEMMAKGPVEWGALGQWAGFFAMSERNLARLIVKETGLSFRQWRQQLQLIMALQGLVKGDTVQKVAHTLGYDSTTAFITMFKKGLGQTPGRYI	DNA-binding transcriptional repressor NimR	AraC family transcriptional regulator	Conserved-Region 	158	258	PKIRTMVEMMAKGPVEWGALGQWAGFFAMSERNLARLIVKETGLSFRQWRQQLQLIMALQGLVKGDTVQKVAHTLGYDSTTAFITMFKKGLGQTPGRYIAR	NA
gnl|ECaadb|1700|NP_416367.1	gnl|RZaadb|4681|WP_016736730.1	b1853	yebK	yebK	NA	yebK	hexR(P.a.)	ECK120002406	NP_416367.1	RPHASCH2410_RS21695	RPHASCH2410_PB00500	WP_016736730.1	1	284	MNMLEKIQSQLEHLSKSERKVAEVILASPDNAIHSSIAAMALEANVSEPTVNRFCRSMDTRGFPDFKLHLAQSLANGTPYVNRNVNEDDSVESYTGKIFESAMATLDHVRHSLDKSAINRAVDLLTQAKKIAFFGLGSSAAVAHDAMNKFFRFNVPVVYSDDIVLQRMSCMNCSDGDVVVLISHTGRTKNLVELAQLARENDAMVIALTSAGTPLAREATLAITLDVPEDTDIYMPMVSRLAQLTVIDVLATGFTLRRGAKFRDNLKRVKEALKESRFDKQLLN	DNA-binding transcriptional repressor YebK	MurR/RpiR family transcriptional regulator	DNA-Binding-Region 	37	56	IAAMALEANVSEPTVNRFCR	2-dehydro-3-deoxy-D-gluconate 6-phosphate
gnl|ECaadb|1700|NP_416367.1	gnl|RZaadb|4681|WP_016736730.1	b1853	yebK	yebK	NA	yebK	hexR(P.a.)	ECK120002406	NP_416367.1	RPHASCH2410_RS21695	RPHASCH2410_PB00500	WP_016736730.1	1	284	MNMLEKIQSQLEHLSKSERKVAEVILASPDNAIHSSIAAMALEANVSEPTVNRFCRSMDTRGFPDFKLHLAQSLANGTPYVNRNVNEDDSVESYTGKIFESAMATLDHVRHSLDKSAINRAVDLLTQAKKIAFFGLGSSAAVAHDAMNKFFRFNVPVVYSDDIVLQRMSCMNCSDGDVVVLISHTGRTKNLVELAQLARENDAMVIALTSAGTPLAREATLAITLDVPEDTDIYMPMVSRLAQLTVIDVLATGFTLRRGAKFRDNLKRVKEALKESRFDKQLLN	DNA-binding transcriptional repressor YebK	MurR/RpiR family transcriptional regulator	Conserved-Region 	121	260	AVDLLTQAKKIAFFGLGSSAAVAHDAMNKFFRFNVPVVYSDDIVLQRMSCMNCSDGDVVVLISHTGRTKNLVELAQLARENDAMVIALTSAGTPLAREATLAITLDVPEDTDIYMPMVSRLAQLTVIDVLATGFTLRRGA	2-dehydro-3-deoxy-D-gluconate 6-phosphate
gnl|ECaadb|1700|NP_416367.1	gnl|RZaadb|4681|WP_016736730.1	b1853	yebK	yebK	NA	yebK	hexR(P.a.)	ECK120002406	NP_416367.1	RPHASCH2410_RS21695	RPHASCH2410_PB00500	WP_016736730.1	1	284	MNMLEKIQSQLEHLSKSERKVAEVILASPDNAIHSSIAAMALEANVSEPTVNRFCRSMDTRGFPDFKLHLAQSLANGTPYVNRNVNEDDSVESYTGKIFESAMATLDHVRHSLDKSAINRAVDLLTQAKKIAFFGLGSSAAVAHDAMNKFFRFNVPVVYSDDIVLQRMSCMNCSDGDVVVLISHTGRTKNLVELAQLARENDAMVIALTSAGTPLAREATLAITLDVPEDTDIYMPMVSRLAQLTVIDVLATGFTLRRGAKFRDNLKRVKEALKESRFDKQLLN	DNA-binding transcriptional repressor YebK	MurR/RpiR family transcriptional regulator	Conserved-Region 	1	77	MNMLEKIQSQLEHLSKSERKVAEVILASPDNAIHSSIAAMALEANVSEPTVNRFCRSMDTRGFPDFKLHLAQSLANG	2-dehydro-3-deoxy-D-gluconate 6-phosphate
gnl|ECaadb|1755|NP_416424.1	gnl|RZaadb|1230|WP_012483518.1	b1914	uvrY	uvrY	uvrY	uvrY	yecB	ECK120001124	NP_416424.1	RPHASCH2410_RS01355	RPHASCH2410_CH01420	WP_012483518.1	2	199	INVLLVDDHELVRAGIRRILEDIKGIKVVGEASCGEDAVKWCRTNAVDVVLMDMSMPGIGGLEATRKIARSTADVKIIMLTVHTENPLPAKVMQAGAAGYLSKGAAPQEVVSAIRSVYSGQRYIASDIAQQMALSQIEPEKTESPFASLSERELQIMLMITKGQKVNEISEQLNLSPKTVNSYRYRMFSKLNIHGDVE	DNA-binding transcriptional activator UvrY	DNA-binding response regulator	DNA-Binding-Region 	167	186	VNEISEQLNLSPKTVNSYRY	NA
gnl|ECaadb|1755|NP_416424.1	gnl|RZaadb|1230|WP_012483518.1	b1914	uvrY	uvrY	uvrY	uvrY	yecB	ECK120001124	NP_416424.1	RPHASCH2410_RS01355	RPHASCH2410_CH01420	WP_012483518.1	2	199	INVLLVDDHELVRAGIRRILEDIKGIKVVGEASCGEDAVKWCRTNAVDVVLMDMSMPGIGGLEATRKIARSTADVKIIMLTVHTENPLPAKVMQAGAAGYLSKGAAPQEVVSAIRSVYSGQRYIASDIAQQMALSQIEPEKTESPFASLSERELQIMLMITKGQKVNEISEQLNLSPKTVNSYRYRMFSKLNIHGDVE	DNA-binding transcriptional activator UvrY	DNA-binding response regulator	Conserved-Region 	143	208	TESPFASLSERELQIMLMITKGQKVNEISEQLNLSPKTVNSYRYRMFSKLNIHGDVELTHLAIRHG	NA
gnl|ECaadb|1755|NP_416424.1	gnl|RZaadb|1230|WP_012483518.1	b1914	uvrY	uvrY	uvrY	uvrY	yecB	ECK120001124	NP_416424.1	RPHASCH2410_RS01355	RPHASCH2410_CH01420	WP_012483518.1	2	199	INVLLVDDHELVRAGIRRILEDIKGIKVVGEASCGEDAVKWCRTNAVDVVLMDMSMPGIGGLEATRKIARSTADVKIIMLTVHTENPLPAKVMQAGAAGYLSKGAAPQEVVSAIRSVYSGQRYIASDIAQQMALSQIEPEKTESPFASLSERELQIMLMITKGQKVNEISEQLNLSPKTVNSYRYRMFSKLNIHGDVE	DNA-binding transcriptional activator UvrY	DNA-binding response regulator	Conserved-Region 	3	119	NVLLVDDHELVRAGIRRILEDIKGIKVVGEASCGEDAVKWCRTNAVDVVLMDMSMPGIGGLEATRKIARSTADVKIIMLTVHTENPLPAKVMQAGAAGYLSKGAAPQEVVSAIRSVY	NA
gnl|ECaadb|1814|NP_416493.1	gnl|RZaadb|4895|WP_016736998.1	b1988	nac	nac	nac	nac		ECK120003658	NP_416493.1	RPHASCH2410_RS31825	RPHASCH2410_PA01515	WP_016736998.1	1	290	MNFRRLKYFVKIVDIGSLTQAAEVLHIAQPALSQQVATLEGELNQQLLIRTKRGVTPTDAGKILYTHARAILRQCEQAQLAVHNVGQALSGQVSIGFAPGTAASSITMPLLQAVRAEFPEIVIYLHENSGAVLNEKLINHQLDMAVIYEHSPVAGVSSQALLKEDLFLVGTQDCPGQSVDVNAIAQMNLFLPSDYSAIRLRVDEAFSLRRLTAKVIGEIESIATLTAAIASGMGVAVLPESAARSLCGAVNGWMSRITTPSMSLSLSLNLPARANLSPQAQAVKELLMSV	DNA-binding transcriptional dual regulator Nac	LysR family transcriptional regulator	DNA-Binding-Region 	18	37	LTQAAEVLHIAQPALSQQVA	NA
gnl|ECaadb|1814|NP_416493.1	gnl|RZaadb|4895|WP_016736998.1	b1988	nac	nac	nac	nac		ECK120003658	NP_416493.1	RPHASCH2410_RS31825	RPHASCH2410_PA01515	WP_016736998.1	1	290	MNFRRLKYFVKIVDIGSLTQAAEVLHIAQPALSQQVATLEGELNQQLLIRTKRGVTPTDAGKILYTHARAILRQCEQAQLAVHNVGQALSGQVSIGFAPGTAASSITMPLLQAVRAEFPEIVIYLHENSGAVLNEKLINHQLDMAVIYEHSPVAGVSSQALLKEDLFLVGTQDCPGQSVDVNAIAQMNLFLPSDYSAIRLRVDEAFSLRRLTAKVIGEIESIATLTAAIASGMGVAVLPESAARSLCGAVNGWMSRITTPSMSLSLSLNLPARANLSPQAQAVKELLMSV	DNA-binding transcriptional dual regulator Nac	LysR family transcriptional regulator	Conserved-Region 	1	58	MNFRRLKYFVKIVDIGSLTQAAEVLHIAQPALSQQVATLEGELNQQLLIRTKRGVTPT	NA
gnl|ECaadb|1897|NP_416583.1	gnl|RZaadb|4872|WP_016736973.1	b2079	baeR	baeR	baeR	baeR		ECK120001566	NP_416583.1	RPHASCH2410_RS31955	RPHASCH2410_PA01645	WP_016736973.1	10	238	TPRILIVEDEPKLGQLLIDYLRAASYAPTLISHGDQVLPYVRQTPPDLILLDLMLPGTDGLTLCREIRRFSDIPIVMVTAKIEEIDRLLGLEIGADDYICKPYSPREVVARVKTILRRCKPQRELQQQDAESPLIIDEGRFQASWRGKMLDLTPAEFRLLKTLSHEPGKVFSREQLLNHLYDDYRVVTDRTIDSHIKNLRRKLESLDAEQSFIRAVYGVGYRWEADACR	DNA-binding transcriptional activator BaeR	DNA-binding response regulator	Conserved-Region 	12	125	RILIVEDEPKLGQLLIDYLRAASYAPTLISHGDQVLPYVRQTPPDLILLDLMLPGTDGLTLCREIRRFSDIPIVMVTAKIEEIDRLLGLEIGADDYICKPYSPREVVARVKTIL	NA
gnl|ECaadb|1897|NP_416583.1	gnl|RZaadb|4872|WP_016736973.1	b2079	baeR	baeR	baeR	baeR		ECK120001566	NP_416583.1	RPHASCH2410_RS31955	RPHASCH2410_PA01645	WP_016736973.1	10	238	TPRILIVEDEPKLGQLLIDYLRAASYAPTLISHGDQVLPYVRQTPPDLILLDLMLPGTDGLTLCREIRRFSDIPIVMVTAKIEEIDRLLGLEIGADDYICKPYSPREVVARVKTILRRCKPQRELQQQDAESPLIIDEGRFQASWRGKMLDLTPAEFRLLKTLSHEPGKVFSREQLLNHLYDDYRVVTDRTIDSHIKNLRRKLESLDAEQSFIRAVYGVGYRWEADACR	DNA-binding transcriptional activator BaeR	DNA-binding response regulator	DNA-Binding-Region 	131	234	QRELQQQDAESPLIIDEGRFQASWRGKMLDLTPAEFRLLKTLSHEPGKVFSREQLLNHLYDDYRVVTDRTIDSHIKNLRRKLESLDAEQSFIRAVYGVGYRWEA	NA
gnl|ECaadb|1897|NP_416583.1	gnl|RZaadb|4872|WP_016736973.1	b2079	baeR	baeR	baeR	baeR		ECK120001566	NP_416583.1	RPHASCH2410_RS31955	RPHASCH2410_PA01645	WP_016736973.1	10	238	TPRILIVEDEPKLGQLLIDYLRAASYAPTLISHGDQVLPYVRQTPPDLILLDLMLPGTDGLTLCREIRRFSDIPIVMVTAKIEEIDRLLGLEIGADDYICKPYSPREVVARVKTILRRCKPQRELQQQDAESPLIIDEGRFQASWRGKMLDLTPAEFRLLKTLSHEPGKVFSREQLLNHLYDDYRVVTDRTIDSHIKNLRRKLESLDAEQSFIRAVYGVGYRWEADACR	DNA-binding transcriptional activator BaeR	DNA-binding response regulator	Conserved-Region 	12	125	RILIVEDEPKLGQLLIDYLRAASYAPTLISHGDQVLPYVRQTPPDLILLDLMLPGTDGLTLCREIRRFSDIPIVMVTAKIEEIDRLLGLEIGADDYICKPYSPREVVARVKTIL	NA
gnl|ECaadb|1897|NP_416583.1	gnl|RZaadb|4872|WP_016736973.1	b2079	baeR	baeR	baeR	baeR		ECK120001566	NP_416583.1	RPHASCH2410_RS31955	RPHASCH2410_PA01645	WP_016736973.1	10	238	TPRILIVEDEPKLGQLLIDYLRAASYAPTLISHGDQVLPYVRQTPPDLILLDLMLPGTDGLTLCREIRRFSDIPIVMVTAKIEEIDRLLGLEIGADDYICKPYSPREVVARVKTILRRCKPQRELQQQDAESPLIIDEGRFQASWRGKMLDLTPAEFRLLKTLSHEPGKVFSREQLLNHLYDDYRVVTDRTIDSHIKNLRRKLESLDAEQSFIRAVYGVGYRWEADACR	DNA-binding transcriptional activator BaeR	DNA-binding response regulator	Conserved-Region 	12	125	RILIVEDEPKLGQLLIDYLRAASYAPTLISHGDQVLPYVRQTPPDLILLDLMLPGTDGLTLCREIRRFSDIPIVMVTAKIEEIDRLLGLEIGADDYICKPYSPREVVARVKTIL	NA
gnl|ECaadb|1897|NP_416583.1	gnl|RZaadb|4872|WP_016736973.1	b2079	baeR	baeR	baeR	baeR		ECK120001566	NP_416583.1	RPHASCH2410_RS31955	RPHASCH2410_PA01645	WP_016736973.1	10	238	TPRILIVEDEPKLGQLLIDYLRAASYAPTLISHGDQVLPYVRQTPPDLILLDLMLPGTDGLTLCREIRRFSDIPIVMVTAKIEEIDRLLGLEIGADDYICKPYSPREVVARVKTILRRCKPQRELQQQDAESPLIIDEGRFQASWRGKMLDLTPAEFRLLKTLSHEPGKVFSREQLLNHLYDDYRVVTDRTIDSHIKNLRRKLESLDAEQSFIRAVYGVGYRWEADACR	DNA-binding transcriptional activator BaeR	DNA-binding response regulator	DNA-Binding-Region 	131	234	QRELQQQDAESPLIIDEGRFQASWRGKMLDLTPAEFRLLKTLSHEPGKVFSREQLLNHLYDDYRVVTDRTIDSHIKNLRRKLESLDAEQSFIRAVYGVGYRWEA	NA
gnl|ECaadb|1897|NP_416583.1	gnl|RZaadb|4872|WP_016736973.1	b2079	baeR	baeR	baeR	baeR		ECK120001566	NP_416583.1	RPHASCH2410_RS31955	RPHASCH2410_PA01645	WP_016736973.1	10	238	TPRILIVEDEPKLGQLLIDYLRAASYAPTLISHGDQVLPYVRQTPPDLILLDLMLPGTDGLTLCREIRRFSDIPIVMVTAKIEEIDRLLGLEIGADDYICKPYSPREVVARVKTILRRCKPQRELQQQDAESPLIIDEGRFQASWRGKMLDLTPAEFRLLKTLSHEPGKVFSREQLLNHLYDDYRVVTDRTIDSHIKNLRRKLESLDAEQSFIRAVYGVGYRWEADACR	DNA-binding transcriptional activator BaeR	DNA-binding response regulator	Conserved-Region 	12	125	RILIVEDEPKLGQLLIDYLRAASYAPTLISHGDQVLPYVRQTPPDLILLDLMLPGTDGLTLCREIRRFSDIPIVMVTAKIEEIDRLLGLEIGADDYICKPYSPREVVARVKTIL	NA
gnl|ECaadb|1997|NP_416697.1	gnl|RZaadb|4928|WP_016737036.1	b2193	narP	narP	narP	narP		ECK120001481	NP_416697.1	RPHASCH2410_RS31630	RPHASCH2410_PA01320	WP_016737036.1	1	198	MPEATPFQVMIVDDHPLMRRGVRQLLELDPGSEVVAEAGDGASAIDLANRLDIDVILLDLNMKGMSGLDTLNALRRDGVTAQIIILTVSDASSDVFALIDAGADGYLLKDSDPEVLLEAIRAGAKGSKVFSERVNQYLREREMFGAEEDPFSVLTERELDVLHELAQGLSNKQIASVLNISEQTVKVHIRNLLRKLNV	DNA-binding transcriptional dual regulator NarP	DNA-binding response regulator	DNA-Binding-Region 	171	190	NKQIASVLNISEQTVKVHIR	NA
gnl|ECaadb|1997|NP_416697.1	gnl|RZaadb|4928|WP_016737036.1	b2193	narP	narP	narP	narP		ECK120001481	NP_416697.1	RPHASCH2410_RS31630	RPHASCH2410_PA01320	WP_016737036.1	1	198	MPEATPFQVMIVDDHPLMRRGVRQLLELDPGSEVVAEAGDGASAIDLANRLDIDVILLDLNMKGMSGLDTLNALRRDGVTAQIIILTVSDASSDVFALIDAGADGYLLKDSDPEVLLEAIRAGAKGSKVFSERVNQYLREREMFGAEEDPFSVLTERELDVLHELAQGLSNKQIASVLNISEQTVKVHIRNLLRKLNV	DNA-binding transcriptional dual regulator NarP	DNA-binding response regulator	Conserved-Region 	147	212	EEDPFSVLTERELDVLHELAQGLSNKQIASVLNISEQTVKVHIRNLLRKLNVRSRVAATILFLQQR	NA
gnl|ECaadb|1997|NP_416697.1	gnl|RZaadb|4928|WP_016737036.1	b2193	narP	narP	narP	narP		ECK120001481	NP_416697.1	RPHASCH2410_RS31630	RPHASCH2410_PA01320	WP_016737036.1	1	198	MPEATPFQVMIVDDHPLMRRGVRQLLELDPGSEVVAEAGDGASAIDLANRLDIDVILLDLNMKGMSGLDTLNALRRDGVTAQIIILTVSDASSDVFALIDAGADGYLLKDSDPEVLLEAIRAGAKGSKVFSERVNQYLREREMFGAEEDPFSVLTERELDVLHELAQGLSNKQIASVLNISEQTVKVHIRNLLRKLNV	DNA-binding transcriptional dual regulator NarP	DNA-binding response regulator	Conserved-Region 	8	124	QVMIVDDHPLMRRGVRQLLELDPGSEVVAEAGDGASAIDLANRLDIDVILLDLNMKGMSGLDTLNALRRDGVTAQIIILTVSDASSDVFALIDAGADGYLLKDSDPEVLLEAIRAGA	NA
gnl|ECaadb|2017|NP_416717.1	gnl|RZaadb|3319|WP_016734937.1	b2213	ada	ada	ada	ada		ECK120000026	NP_416717.1	RPHASCH2410_RS08935	RPHASCH2410_CH09100	WP_016734937.1	9	348	DDQRWQSVLARDPNADGEFVFAVRTTGIFCRPSCRARHALRENVSFYANASEALAAGFRPCKRCQPEKANAQQHRLDKITHACRLLEQETPVTLEALADQVAMSPFHLHRLFKATTGMTPKAWQQAWRARRLRESLAKGESVTTSILNAGFPDSSSYYRKADETLGMTAKQFRHGGENLAVRYALADCELGRCLVAESERGICAILLGDDDATLISELQQMFPAADNAPADLMFQQHVREVIASLNQRDTPLTLPLDIRGTAFQQQVWQALRTIPCGETVSYQQLANAIGKPKAVRAVASACAANKLAIIIPCHRVVRGDGTLSGYRWGVSRKAQLLRRE	DNA-binding transcriptional dual regulator/DNA repair protein Ada	6-O-methylguanine DNA methyltransferase	DNA-Binding-Region 	102	121	LEALADQVAMSPFHLHRLFK	Methyl
gnl|ECaadb|2017|NP_416717.1	gnl|RZaadb|3319|WP_016734937.1	b2213	ada	ada	ada	ada		ECK120000026	NP_416717.1	RPHASCH2410_RS08935	RPHASCH2410_CH09100	WP_016734937.1	9	348	DDQRWQSVLARDPNADGEFVFAVRTTGIFCRPSCRARHALRENVSFYANASEALAAGFRPCKRCQPEKANAQQHRLDKITHACRLLEQETPVTLEALADQVAMSPFHLHRLFKATTGMTPKAWQQAWRARRLRESLAKGESVTTSILNAGFPDSSSYYRKADETLGMTAKQFRHGGENLAVRYALADCELGRCLVAESERGICAILLGDDDATLISELQQMFPAADNAPADLMFQQHVREVIASLNQRDTPLTLPLDIRGTAFQQQVWQALRTIPCGETVSYQQLANAIGKPKAVRAVASACAANKLAIIIPCHRVVRGDGTLSGYRWGVSRKAQLLRRE	DNA-binding transcriptional dual regulator/DNA repair protein Ada	6-O-methylguanine DNA methyltransferase	Conserved-Region 	85	183	DKITHACRLLEQETPVTLEALADQVAMSPFHLHRLFKATTGMTPKAWQQAWRARRLRESLAKGESVTTSILNAGFPDSSSYYRKADETLGMTAKQFRHG	Methyl
gnl|ECaadb|2024|NP_416724.1	gnl|RZaadb|5072|WP_016737218.1	b2220	atoC	atoC	atoC	atoC		ECK120001611	NP_416724.1	RPHASCH2410_RS16845	RPHASCH2410_CH17270	WP_016737218.1	1	458	MTAINRILIVDDEDNVRRMLSTAFALQGFETHCANNGRTALHLFADIHPDVVLMDIRMPEMDGIKALKEMRSHETRTPVILMTAYAEVETAVEALRCGAFDYVIKPFDLDELNLIVQRALQLQSMKKEIRHLHQALSTSWQWGHILTNSPAMMDICKDTAKIALSQASVLISGESGTGKELIARAIHYNSRRAKGPFIKVNCAALPESLLESELFGHEKGAFTGAQTLRQGLFERANEGTLLLDEIGEMPLVLQAKLLRILQEREFERIGGHQTIKVDIRIIAATNRDLQAMVKEGTFREDLFYRLNVIHLILPPLRDRREDISLLANHFLQKFSSENQRDIIDIDPMAMSLLTAWSWPGNIRELSNVIERAVVMNSGPIIFSEDLPPQIRQPVCNAGEVKTAPVGERNLKEEIKRVEKRIIMEVLEQQEGNRTRTALMLGISRRALMYKLQEYGIDP	DNA-binding transcriptional activator/ornithine decarboxylase inhibitor AtoC	sigma-54-dependent Fis family transcriptional	Nucleotide-Phosphate-Binding-Region 	173	180	GESGTGKE	NA
gnl|ECaadb|2024|NP_416724.1	gnl|RZaadb|5072|WP_016737218.1	b2220	atoC	atoC	atoC	atoC		ECK120001611	NP_416724.1	RPHASCH2410_RS16845	RPHASCH2410_CH17270	WP_016737218.1	1	458	MTAINRILIVDDEDNVRRMLSTAFALQGFETHCANNGRTALHLFADIHPDVVLMDIRMPEMDGIKALKEMRSHETRTPVILMTAYAEVETAVEALRCGAFDYVIKPFDLDELNLIVQRALQLQSMKKEIRHLHQALSTSWQWGHILTNSPAMMDICKDTAKIALSQASVLISGESGTGKELIARAIHYNSRRAKGPFIKVNCAALPESLLESELFGHEKGAFTGAQTLRQGLFERANEGTLLLDEIGEMPLVLQAKLLRILQEREFERIGGHQTIKVDIRIIAATNRDLQAMVKEGTFREDLFYRLNVIHLILPPLRDRREDISLLANHFLQKFSSENQRDIIDIDPMAMSLLTAWSWPGNIRELSNVIERAVVMNSGPIIFSEDLPPQIRQPVCNAGEVKTAPVGERNLKEEIKRVEKRIIMEVLEQQEGNRTRTALMLGISRRALMYKLQEYGIDP	DNA-binding transcriptional activator/ornithine decarboxylase inhibitor AtoC	sigma-54-dependent Fis family transcriptional	DNA-Binding-Region 	433	452	RTRTALMLGISRRALMYKLQ	NA
gnl|ECaadb|2024|NP_416724.1	gnl|RZaadb|5072|WP_016737218.1	b2220	atoC	atoC	atoC	atoC		ECK120001611	NP_416724.1	RPHASCH2410_RS16845	RPHASCH2410_CH17270	WP_016737218.1	1	458	MTAINRILIVDDEDNVRRMLSTAFALQGFETHCANNGRTALHLFADIHPDVVLMDIRMPEMDGIKALKEMRSHETRTPVILMTAYAEVETAVEALRCGAFDYVIKPFDLDELNLIVQRALQLQSMKKEIRHLHQALSTSWQWGHILTNSPAMMDICKDTAKIALSQASVLISGESGTGKELIARAIHYNSRRAKGPFIKVNCAALPESLLESELFGHEKGAFTGAQTLRQGLFERANEGTLLLDEIGEMPLVLQAKLLRILQEREFERIGGHQTIKVDIRIIAATNRDLQAMVKEGTFREDLFYRLNVIHLILPPLRDRREDISLLANHFLQKFSSENQRDIIDIDPMAMSLLTAWSWPGNIRELSNVIERAVVMNSGPIIFSEDLPPQIRQPVCNAGEVKTAPVGERNLKEEIKRVEKRIIMEVLEQQEGNRTRTALMLGISRRALMYKLQEYGIDP	DNA-binding transcriptional activator/ornithine decarboxylase inhibitor AtoC	sigma-54-dependent Fis family transcriptional	Nucleotide-Phosphate-Binding-Region 	236	245	ANEGTLLLDE	NA
gnl|ECaadb|2024|NP_416724.1	gnl|RZaadb|5072|WP_016737218.1	b2220	atoC	atoC	atoC	atoC		ECK120001611	NP_416724.1	RPHASCH2410_RS16845	RPHASCH2410_CH17270	WP_016737218.1	1	458	MTAINRILIVDDEDNVRRMLSTAFALQGFETHCANNGRTALHLFADIHPDVVLMDIRMPEMDGIKALKEMRSHETRTPVILMTAYAEVETAVEALRCGAFDYVIKPFDLDELNLIVQRALQLQSMKKEIRHLHQALSTSWQWGHILTNSPAMMDICKDTAKIALSQASVLISGESGTGKELIARAIHYNSRRAKGPFIKVNCAALPESLLESELFGHEKGAFTGAQTLRQGLFERANEGTLLLDEIGEMPLVLQAKLLRILQEREFERIGGHQTIKVDIRIIAATNRDLQAMVKEGTFREDLFYRLNVIHLILPPLRDRREDISLLANHFLQKFSSENQRDIIDIDPMAMSLLTAWSWPGNIRELSNVIERAVVMNSGPIIFSEDLPPQIRQPVCNAGEVKTAPVGERNLKEEIKRVEKRIIMEVLEQQEGNRTRTALMLGISRRALMYKLQEYGIDP	DNA-binding transcriptional activator/ornithine decarboxylase inhibitor AtoC	sigma-54-dependent Fis family transcriptional	Conserved-Region 	145	374	ILTNSPAMMDICKDTAKIALSQASVLISGESGTGKELIARAIHYNSRRAKGPFIKVNCAALPESLLESELFGHEKGAFTGAQTLRQGLFERANEGTLLLDEIGEMPLVLQAKLLRILQEREFERIGGHQTIKVDIRIIAATNRDLQAMVKEGTFREDLFYRLNVIHLILPPLRDRREDISLLANHFLQKFSSENQRDIIDIDPMAMSLLTAWSWPGNIRELSNVIERAVV	NA
gnl|ECaadb|2024|NP_416724.1	gnl|RZaadb|5072|WP_016737218.1	b2220	atoC	atoC	atoC	atoC		ECK120001611	NP_416724.1	RPHASCH2410_RS16845	RPHASCH2410_CH17270	WP_016737218.1	1	458	MTAINRILIVDDEDNVRRMLSTAFALQGFETHCANNGRTALHLFADIHPDVVLMDIRMPEMDGIKALKEMRSHETRTPVILMTAYAEVETAVEALRCGAFDYVIKPFDLDELNLIVQRALQLQSMKKEIRHLHQALSTSWQWGHILTNSPAMMDICKDTAKIALSQASVLISGESGTGKELIARAIHYNSRRAKGPFIKVNCAALPESLLESELFGHEKGAFTGAQTLRQGLFERANEGTLLLDEIGEMPLVLQAKLLRILQEREFERIGGHQTIKVDIRIIAATNRDLQAMVKEGTFREDLFYRLNVIHLILPPLRDRREDISLLANHFLQKFSSENQRDIIDIDPMAMSLLTAWSWPGNIRELSNVIERAVVMNSGPIIFSEDLPPQIRQPVCNAGEVKTAPVGERNLKEEIKRVEKRIIMEVLEQQEGNRTRTALMLGISRRALMYKLQEYGIDP	DNA-binding transcriptional activator/ornithine decarboxylase inhibitor AtoC	sigma-54-dependent Fis family transcriptional	Conserved-Region 	6	120	RILIVDDEDNVRRMLSTAFALQGFETHCANNGRTALHLFADIHPDVVLMDIRMPEMDGIKALKEMRSHETRTPVILMTAYAEVETAVEALRCGAFDYVIKPFDLDELNLIVQRAL	NA
gnl|ECaadb|2090|NP_416792.1	gnl|RZaadb|1129|WP_012482798.1	b2289	lrhA	lrhA	lrhA	lrhA	genR	ECK120002026	NP_416792.1	RPHASCH2410_RS10710	RPHASCH2410_CH10960	WP_012482798.1	11	280	LDLDLLRTFVAVADLNTFAAAAAAVCRTQSAVSQQMQRLEQLVGKELFARHGRNKLLTEHGIQLLGYARKILRFNDEACSSLMFSNLQGVLTIGASDESADTILPFLLNRVSSVYPKLALDVRVKRNAYMAEMLESQEVDLMVTTHRPSAFKALNLRTSPTHWYCAAEYILQKGEPIPLVLLDDPSPFRDMVLATLNKADIPWRLAYVASTLPAVRAAVKAGLGVTARPVEMMSPDLRVLSGVDGLPPLPDTEYLLCYDPSSNNELAQVI	DNA-binding transcriptional dual regulator LrhA	LysR family transcriptional regulator	DNA-Binding-Region 	28	47	FAAAAAAVCRTQSAVSQQMQ	NA
gnl|ECaadb|2090|NP_416792.1	gnl|RZaadb|1129|WP_012482798.1	b2289	lrhA	lrhA	lrhA	lrhA	genR	ECK120002026	NP_416792.1	RPHASCH2410_RS10710	RPHASCH2410_CH10960	WP_012482798.1	11	280	LDLDLLRTFVAVADLNTFAAAAAAVCRTQSAVSQQMQRLEQLVGKELFARHGRNKLLTEHGIQLLGYARKILRFNDEACSSLMFSNLQGVLTIGASDESADTILPFLLNRVSSVYPKLALDVRVKRNAYMAEMLESQEVDLMVTTHRPSAFKALNLRTSPTHWYCAAEYILQKGEPIPLVLLDDPSPFRDMVLATLNKADIPWRLAYVASTLPAVRAAVKAGLGVTARPVEMMSPDLRVLSGVDGLPPLPDTEYLLCYDPSSNNELAQVI	DNA-binding transcriptional dual regulator LrhA	LysR family transcriptional regulator	Conserved-Region 	11	68	LDLDLLRTFVAVADLNTFAAAAAAVCRTQSAVSQQMQRLEQLVGKELFARHGRNKLLT	NA
gnl|ECaadb|2554|NP_417288.1	gnl|RZaadb|2466|WP_016733827.1	b2808	gcvA	gcvA	gcvA	gcvA		ECK120001729	NP_417288.1	RPHASCH2410_RS14950	RPHASCH2410_CH15335	WP_016733827.1	1	292	MSKRLPPLNALRVFDAAARHLSFTRAAEELFVTQAAVSHQIKSLEDFLGLKLFRRRNRSLLLTEEGQSYFLDIKEIFSQLTEATRKLQARSAKGALTVSLLPSFAIHWLVPRLSSFNSAYPGIDVRIQAVDRQEDKLADDVDVAIFYGRGNWPGLRVEKLYAEYLLPVCSPLLLTGEKPLKTPEDLAKHTLLHDASRRDWQTYTRQLGLNHINVQQGPIFSHSAMVLQAAIHGQGVALANNVMAQSEIEAGRLVCPFNDVLVSKNAFYLVCHDSQAELGKIAAFRQWILAKA	DNA-binding transcriptional dual regulator GcvA	LysR family transcriptional regulator	DNA-Binding-Region 	23	42	FTRAAEELFVTQAAVSHQIK	glycine, Purine
gnl|ECaadb|2554|NP_417288.1	gnl|RZaadb|2466|WP_016733827.1	b2808	gcvA	gcvA	gcvA	gcvA		ECK120001729	NP_417288.1	RPHASCH2410_RS14950	RPHASCH2410_CH15335	WP_016733827.1	1	292	MSKRLPPLNALRVFDAAARHLSFTRAAEELFVTQAAVSHQIKSLEDFLGLKLFRRRNRSLLLTEEGQSYFLDIKEIFSQLTEATRKLQARSAKGALTVSLLPSFAIHWLVPRLSSFNSAYPGIDVRIQAVDRQEDKLADDVDVAIFYGRGNWPGLRVEKLYAEYLLPVCSPLLLTGEKPLKTPEDLAKHTLLHDASRRDWQTYTRQLGLNHINVQQGPIFSHSAMVLQAAIHGQGVALANNVMAQSEIEAGRLVCPFNDVLVSKNAFYLVCHDSQAELGKIAAFRQWILAKA	DNA-binding transcriptional dual regulator GcvA	LysR family transcriptional regulator	Conserved-Region 	6	63	PPLNALRVFDAAARHLSFTRAAEELFVTQAAVSHQIKSLEDFLGLKLFRRRNRSLLLT	glycine, Purine
gnl|ECaadb|2580|NP_417314.1	gnl|RZaadb|345|WP_004674538.1	b2837	galR	galR	galR	galR	Rgal	ECK120000357	NP_417314.1	RPHASCH2410_RS09860	RPHASCH2410_CH10080	WP_004674538.1	4	292	IKDVARLAGVSVATVSRVINNSPKASEASRLAVHSAMESLSYHPNANARALAQQTTETVGLVVGDVSDPFFGAMVKAVEQVAYHTGNFLLIGNGYHNEQKERQAIEQLIRHRCAALVVHAKMIPDADLASLMKQMPGMVLINRILPGFENRCIALDDRYGAWLATRHLIQQGHTRIGYLCSNHSISDAEDRLQGYYDALAESGIAANDRLVTFGEPDESGGEQAMTELLGRGRNFTAVACYNDSMAAGAMGVLNDNGIDVPGEISLIGFDDVLVSRYVRPRLTTVRYPI	DNA-binding transcriptional dual regulator GalR	LacI family transcriptional regulator	DNA-Binding-Region 	4	23	IKDVARLAGVSVATVSRVIN	D-galactose
gnl|ECaadb|2580|NP_417314.1	gnl|RZaadb|345|WP_004674538.1	b2837	galR	galR	galR	galR	Rgal	ECK120000357	NP_417314.1	RPHASCH2410_RS09860	RPHASCH2410_CH10080	WP_004674538.1	4	292	IKDVARLAGVSVATVSRVINNSPKASEASRLAVHSAMESLSYHPNANARALAQQTTETVGLVVGDVSDPFFGAMVKAVEQVAYHTGNFLLIGNGYHNEQKERQAIEQLIRHRCAALVVHAKMIPDADLASLMKQMPGMVLINRILPGFENRCIALDDRYGAWLATRHLIQQGHTRIGYLCSNHSISDAEDRLQGYYDALAESGIAANDRLVTFGEPDESGGEQAMTELLGRGRNFTAVACYNDSMAAGAMGVLNDNGIDVPGEISLIGFDDVLVSRYVRPRLTTVRYPI	DNA-binding transcriptional dual regulator GalR	LacI family transcriptional regulator	Conserved-Region 	1	56	MATIKDVARLAGVSVATVSRVINNSPKASEASRLAVHSAMESLSYHPNANARALAQ	D-galactose
gnl|ECaadb|2582|NP_417316.1	gnl|RZaadb|3572|WP_016735246.1	b2839	lysR	lysR	NA	lysR		ECK120000544	NP_417316.1	RPHASCH2410_RS29630	RPHASCH2410_PD04755	WP_016735246.1	1	261	MAAVNLRHIEIFHAVMTAGSLTEAAHLLHTSQPTVSRELARFEKVIGLKLFERVRGRLHPTVQGLRLFEEVQRSWYGLDRIVSAAESLREFRQGELSIACLPVFSQSFLPQLLQPFLARYPDVSLNIVPQESPLLEEWLSAQRHDLGLTETLHTPAGTERTELLSLDEVCVLPPGHPLAVKKVLTPDDFQGENYISLSRTDSYRQLLDQLFTEHQVKRRMIVETHSAASVCAMVRAGVGISVVNPLTALDYAASGLVVRRF	DNA-binding transcriptional dual regulator LysR	LysR family transcriptional regulator	DNA-Binding-Region 	21	40	LTEAAHLLHTSQPTVSRELA	NA
gnl|ECaadb|2582|NP_417316.1	gnl|RZaadb|3572|WP_016735246.1	b2839	lysR	lysR	NA	lysR		ECK120000544	NP_417316.1	RPHASCH2410_RS29630	RPHASCH2410_PD04755	WP_016735246.1	1	261	MAAVNLRHIEIFHAVMTAGSLTEAAHLLHTSQPTVSRELARFEKVIGLKLFERVRGRLHPTVQGLRLFEEVQRSWYGLDRIVSAAESLREFRQGELSIACLPVFSQSFLPQLLQPFLARYPDVSLNIVPQESPLLEEWLSAQRHDLGLTETLHTPAGTERTELLSLDEVCVLPPGHPLAVKKVLTPDDFQGENYISLSRTDSYRQLLDQLFTEHQVKRRMIVETHSAASVCAMVRAGVGISVVNPLTALDYAASGLVVRRF	DNA-binding transcriptional dual regulator LysR	LysR family transcriptional regulator	Conserved-Region 	1	61	MAAVNLRHIEIFHAVMTAGSLTEAAHLLHTSQPTVSRELARFEKVIGLKLFERVRGRLHPT	NA
gnl|ECaadb|2644|NP_417391.1	gnl|RZaadb|2096|WP_016733336.1	b2916	argP	argP	argP	argP	iciA	ECK120000483	NP_417391.1	RPHASCH2410_RS19540	RPHASCH2410_CH20050	WP_016733336.1	5	297	DYRTLQALDAVIRERGFERAAQKLCITQSAVSQRIKQLENMFGQPLLVRTVPPRPTEQGQKLLALLRQVELLEEEWLGDEQTGSTPLLLSLAVNADSLATWLLPALAPVLADSPIRLNLQVEDETRTQERLRRGEVVGAVSIQHQALPSCLVDKLGALDYLFVSSKPFAEKYFPNGVTRSALLKAPVVAFDHLDDMHQAFLQQNFDLPPGSVPCHIVNSSEAFVQLARQGTTCCMIPHLQIEKELASGELIDLTPGLFQRRMLYWHRFAPESRMMRKVTDALLDYGHKVLRQD	DNA-binding transcriptional dual regulator ArgP	transcriptional regulator ArgP	DNA-Binding-Region 	21	40	FERAAQKLCITQSAVSQRIK	L-lysine, L-arginine
gnl|ECaadb|2644|NP_417391.1	gnl|RZaadb|2096|WP_016733336.1	b2916	argP	argP	argP	argP	iciA	ECK120000483	NP_417391.1	RPHASCH2410_RS19540	RPHASCH2410_CH20050	WP_016733336.1	5	297	DYRTLQALDAVIRERGFERAAQKLCITQSAVSQRIKQLENMFGQPLLVRTVPPRPTEQGQKLLALLRQVELLEEEWLGDEQTGSTPLLLSLAVNADSLATWLLPALAPVLADSPIRLNLQVEDETRTQERLRRGEVVGAVSIQHQALPSCLVDKLGALDYLFVSSKPFAEKYFPNGVTRSALLKAPVVAFDHLDDMHQAFLQQNFDLPPGSVPCHIVNSSEAFVQLARQGTTCCMIPHLQIEKELASGELIDLTPGLFQRRMLYWHRFAPESRMMRKVTDALLDYGHKVLRQD	DNA-binding transcriptional dual regulator ArgP	transcriptional regulator ArgP	Conserved-Region 	4	60	PDYRTLQALDAVIRERGFERAAQKLCITQSAVSQRIKQLENMFGQPLLVRTVPPRPT	L-lysine, L-arginine
gnl|ECaadb|2766|NP_417532.1	gnl|RZaadb|3120|WP_016734691.1	b3060	ttdR	ttdR	ttdR	ttdR	dan // ygiP	ECK120002359	NP_417532.1	RPHASCH2410_RS10745	RPHASCH2410_CH10995	WP_016734691.1	10	292	DLQVLVEIVHSGSFSAAAATLGQTPAFVTKRIQILENTLATTLLNRSARGVALTESGQRCYEHALEILTQYQRLVDDVTQIKTRPEGMIRIGCSFGFGRSHIAPAITELMRNYPELQVHFELFDRQIDLVQDNIDLDIRINDEIPDYYIAHLLTKNKRILCAAPEYLQKYPQPQSLQELSRHDCLVTKERDMTHGIWELGNGQEKKSVKVSGHLSSNSGEIVLQWALEGKGIMLRSEWDVLPFLESGKLVQVLPEYAQSANIWAVYREPLYRSMKLRVCVEFL	DNA-binding transcriptional activator Dan	LysR family transcriptional regulator	DNA-Binding-Region 	23	42	FSAAAATLGQTPAFVTKRIQ	L-tartrate
gnl|ECaadb|2766|NP_417532.1	gnl|RZaadb|3120|WP_016734691.1	b3060	ttdR	ttdR	ttdR	ttdR	dan // ygiP	ECK120002359	NP_417532.1	RPHASCH2410_RS10745	RPHASCH2410_CH10995	WP_016734691.1	10	292	DLQVLVEIVHSGSFSAAAATLGQTPAFVTKRIQILENTLATTLLNRSARGVALTESGQRCYEHALEILTQYQRLVDDVTQIKTRPEGMIRIGCSFGFGRSHIAPAITELMRNYPELQVHFELFDRQIDLVQDNIDLDIRINDEIPDYYIAHLLTKNKRILCAAPEYLQKYPQPQSLQELSRHDCLVTKERDMTHGIWELGNGQEKKSVKVSGHLSSNSGEIVLQWALEGKGIMLRSEWDVLPFLESGKLVQVLPEYAQSANIWAVYREPLYRSMKLRVCVEFL	DNA-binding transcriptional activator Dan	LysR family transcriptional regulator	Conserved-Region 	6	63	PLAKDLQVLVEIVHSGSFSAAAATLGQTPAFVTKRIQILENTLATTLLNRSARGVALT	L-tartrate
gnl|ECaadb|2914|NP_417693.3	gnl|RZaadb|3631|WP_016735333.1	b3226	nanR	nanR	nanR	nanR	yhcK	ECK120004225	NP_417693.3	RPHASCH2410_RS30095	RPHASCH2410_PD05225	WP_016735333.1	27	252	LARKKLSEMVEEELEQMIRRREFGEGEQLPSERELMAFFNVGRPSVREALAALKRKGLVQINNGERARVSRPSADTIIGELSGMAKDFLSHPGGIAHFEQLRLFFESSLVRYAAEHATDEQIDLLAKALEINSQSLDNNAAFIRSDVDFHRVLAEIPGNPIFMAIHVALLDWLIAARPTVTDQALHEHNNVSYQQHIAIVDAIRRHDPDEADRALQSHLNSVSATW	DNA-binding transcriptional dual regulator NanR	transcriptional regulator NanR	DNA-Binding-Region 	58	77	ERELMAFFNVGRPSVREALA	acetylneuraminate
gnl|ECaadb|2914|NP_417693.3	gnl|RZaadb|3631|WP_016735333.1	b3226	nanR	nanR	nanR	nanR	yhcK	ECK120004225	NP_417693.3	RPHASCH2410_RS30095	RPHASCH2410_PD05225	WP_016735333.1	27	252	LARKKLSEMVEEELEQMIRRREFGEGEQLPSERELMAFFNVGRPSVREALAALKRKGLVQINNGERARVSRPSADTIIGELSGMAKDFLSHPGGIAHFEQLRLFFESSLVRYAAEHATDEQIDLLAKALEINSQSLDNNAAFIRSDVDFHRVLAEIPGNPIFMAIHVALLDWLIAARPTVTDQALHEHNNVSYQQHIAIVDAIRRHDPDEADRALQSHLNSVSATW	DNA-binding transcriptional dual regulator NanR	transcriptional regulator NanR	Conserved-Region 	30	98	KKLSEMVEEELEQMIRRREFGEGEQLPSERELMAFFNVGRPSVREALAALKRKGLVQINNGERARVSRP	acetylneuraminate
gnl|ECaadb|2965|NP_417751.1	gnl|RZaadb|5254|WP_016737522.1	b3292	zntR	zntR	zntR	zntR	yhdM	ECK120001894	NP_417751.1	RPHASCH2410_RS04430	RPHASCH2410_CH04555	WP_016737522.1	4	130	IGELAKMAEVTPDTIRYYEKQQMMEHEVRTEGGFRLYTESDLQRLKFIRHARQLGFSLESIRELLSIRIDPEHHTCQESKGIVQERLQEVEARIAELQSMQRSLQRLNDACCGTAHSSVYCSILEAL	DNA-binding transcriptional activator ZntR	MerR family DNA-binding transcriptional	DNA-Binding-Region 	4	23	IGELAKMAEVTPDTIRYYEK	Zn, Hg, Cd
gnl|ECaadb|2965|NP_417751.1	gnl|RZaadb|5254|WP_016737522.1	b3292	zntR	zntR	zntR	zntR	yhdM	ECK120001894	NP_417751.1	RPHASCH2410_RS04430	RPHASCH2410_CH04555	WP_016737522.1	4	130	IGELAKMAEVTPDTIRYYEKQQMMEHEVRTEGGFRLYTESDLQRLKFIRHARQLGFSLESIRELLSIRIDPEHHTCQESKGIVQERLQEVEARIAELQSMQRSLQRLNDACCGTAHSSVYCSILEAL	DNA-binding transcriptional activator ZntR	MerR family DNA-binding transcriptional	Conserved-Region 	1	70	MYRIGELAKMAEVTPDTIRYYEKQQMMEHEVRTEGGFRLYTESDLQRLKFIRHARQLGFSLESIRELLSI	Zn, Hg, Cd
gnl|ECaadb|3073|NP_417864.1	gnl|RZaadb|815|WP_010014366.1	b3405	ompR	ompR	ompR	ompR	cry // kmt // ompB	ECK120000665	NP_417864.1	RPHASCH2410_RS31335	RPHASCH2410_PA01025	WP_010014366.1	2	232	QENYKILVVDDDMRLRALLERYLTEQGFQVRSVANAEQMDRLLTRESFHLMVLDLMLPGEDGLSICRRLRSQSNPMPIIMVTAKGEEVDRIVGLEIGADDYIPKPFNPRELLARIRAVLRRQANELPGAPSQEEAVIAFGKFKLNLGTREMFREDEPMPLTSGEFAVLKALVSHPREPLSRDKLMNLARGREYSAMERSIDVQISRLRRMVEEDPAHPRYIQTVWGLGYVF	DNA-binding transcriptional dual regulator OmpR	DNA-binding response regulator	DNA-Binding-Region 	135	234	EAVIAFGKFKLNLGTREMFREDEPMPLTSGEFAVLKALVSHPREPLSRDKLMNLARGREYSAMERSIDVQISRLRRMVEEDPAHPRYIQTVWGLGYVFVP	NA
gnl|ECaadb|3073|NP_417864.1	gnl|RZaadb|815|WP_010014366.1	b3405	ompR	ompR	ompR	ompR	cry // kmt // ompB	ECK120000665	NP_417864.1	RPHASCH2410_RS31335	RPHASCH2410_PA01025	WP_010014366.1	2	232	QENYKILVVDDDMRLRALLERYLTEQGFQVRSVANAEQMDRLLTRESFHLMVLDLMLPGEDGLSICRRLRSQSNPMPIIMVTAKGEEVDRIVGLEIGADDYIPKPFNPRELLARIRAVLRRQANELPGAPSQEEAVIAFGKFKLNLGTREMFREDEPMPLTSGEFAVLKALVSHPREPLSRDKLMNLARGREYSAMERSIDVQISRLRRMVEEDPAHPRYIQTVWGLGYVF	DNA-binding transcriptional dual regulator OmpR	DNA-binding response regulator	Conserved-Region 	6	120	KILVVDDDMRLRALLERYLTEQGFQVRSVANAEQMDRLLTRESFHLMVLDLMLPGEDGLSICRRLRSQSNPMPIIMVTAKGEEVDRIVGLEIGADDYIPKPFNPRELLARIRAVL	NA
gnl|ECaadb|3085|NP_417880.1	gnl|RZaadb|4704|WP_016736761.1	b3422	rtcR	rtcR	NA	rtcR	yhgB	ECK120002224	NP_417880.1	RPHASCH2410_RS21880	RPHASCH2410_PB00685	WP_016736761.1	1	527	MRKTVAFGFVGTVLDYAGRGSQRWSKWRPTLCLCQQESLVIDRLELLHDARSRSLFETLKRDIASVSPETEVVSVEIELHNPWDFEEVYACLHDFARGYEFQPEKEDYLIHITTGTHVAQICWFLLAEARYLPARLIQSSPPRKKEQPRGPGEVTIIDLDLSRYNAIASRFAEERQQTLDFLKSGIATRNPHFNRMIEQIEKVAIKSRAPILLNGPTGAGKSFLARRILELKQARHQFSGAFVEVNCATLRGDTAMSTLFGHVKGAFTGARESREGLLRSANGGMLFLDEIGELGADEQAMLLKAIEEKTFYPFGSDRQVSSDFQLIAGTVRDLRQLVAEGKFREDLYARINLWTFTLPGLRQRQEDIEPNLDYEVERHASLTGDSVRFNTEARRAWLAFATSPQATWRGNFRELSASVTRMATFATSGRITLDVVEDEINRLRYNWQESRPSALTALLGAEAENIDLFDRMQLEHVIAICRQAKSLSAAGRQLFDVSRQGKASVNDADRLRKYLARFGLTWEAVQD	DNA-binding transcriptional activator RtcR	Fis family transcriptional regulator	DNA-Binding-Region 	485	504	KSLSAAGRQLFDVSRQGKAS	NA
gnl|ECaadb|3085|NP_417880.1	gnl|RZaadb|4704|WP_016736761.1	b3422	rtcR	rtcR	NA	rtcR	yhgB	ECK120002224	NP_417880.1	RPHASCH2410_RS21880	RPHASCH2410_PB00685	WP_016736761.1	1	527	MRKTVAFGFVGTVLDYAGRGSQRWSKWRPTLCLCQQESLVIDRLELLHDARSRSLFETLKRDIASVSPETEVVSVEIELHNPWDFEEVYACLHDFARGYEFQPEKEDYLIHITTGTHVAQICWFLLAEARYLPARLIQSSPPRKKEQPRGPGEVTIIDLDLSRYNAIASRFAEERQQTLDFLKSGIATRNPHFNRMIEQIEKVAIKSRAPILLNGPTGAGKSFLARRILELKQARHQFSGAFVEVNCATLRGDTAMSTLFGHVKGAFTGARESREGLLRSANGGMLFLDEIGELGADEQAMLLKAIEEKTFYPFGSDRQVSSDFQLIAGTVRDLRQLVAEGKFREDLYARINLWTFTLPGLRQRQEDIEPNLDYEVERHASLTGDSVRFNTEARRAWLAFATSPQATWRGNFRELSASVTRMATFATSGRITLDVVEDEINRLRYNWQESRPSALTALLGAEAENIDLFDRMQLEHVIAICRQAKSLSAAGRQLFDVSRQGKASVNDADRLRKYLARFGLTWEAVQD	DNA-binding transcriptional activator RtcR	Fis family transcriptional regulator	Nucleotide-Phosphate-Binding-Region 	281	290	ANGGMLFLDE	NA
gnl|ECaadb|3085|NP_417880.1	gnl|RZaadb|4704|WP_016736761.1	b3422	rtcR	rtcR	NA	rtcR	yhgB	ECK120002224	NP_417880.1	RPHASCH2410_RS21880	RPHASCH2410_PB00685	WP_016736761.1	1	527	MRKTVAFGFVGTVLDYAGRGSQRWSKWRPTLCLCQQESLVIDRLELLHDARSRSLFETLKRDIASVSPETEVVSVEIELHNPWDFEEVYACLHDFARGYEFQPEKEDYLIHITTGTHVAQICWFLLAEARYLPARLIQSSPPRKKEQPRGPGEVTIIDLDLSRYNAIASRFAEERQQTLDFLKSGIATRNPHFNRMIEQIEKVAIKSRAPILLNGPTGAGKSFLARRILELKQARHQFSGAFVEVNCATLRGDTAMSTLFGHVKGAFTGARESREGLLRSANGGMLFLDEIGELGADEQAMLLKAIEEKTFYPFGSDRQVSSDFQLIAGTVRDLRQLVAEGKFREDLYARINLWTFTLPGLRQRQEDIEPNLDYEVERHASLTGDSVRFNTEARRAWLAFATSPQATWRGNFRELSASVTRMATFATSGRITLDVVEDEINRLRYNWQESRPSALTALLGAEAENIDLFDRMQLEHVIAICRQAKSLSAAGRQLFDVSRQGKASVNDADRLRKYLARFGLTWEAVQD	DNA-binding transcriptional activator RtcR	Fis family transcriptional regulator	Nucleotide-Phosphate-Binding-Region 	215	222	GPTGAGKS	NA
gnl|ECaadb|3085|NP_417880.1	gnl|RZaadb|4704|WP_016736761.1	b3422	rtcR	rtcR	NA	rtcR	yhgB	ECK120002224	NP_417880.1	RPHASCH2410_RS21880	RPHASCH2410_PB00685	WP_016736761.1	1	527	MRKTVAFGFVGTVLDYAGRGSQRWSKWRPTLCLCQQESLVIDRLELLHDARSRSLFETLKRDIASVSPETEVVSVEIELHNPWDFEEVYACLHDFARGYEFQPEKEDYLIHITTGTHVAQICWFLLAEARYLPARLIQSSPPRKKEQPRGPGEVTIIDLDLSRYNAIASRFAEERQQTLDFLKSGIATRNPHFNRMIEQIEKVAIKSRAPILLNGPTGAGKSFLARRILELKQARHQFSGAFVEVNCATLRGDTAMSTLFGHVKGAFTGARESREGLLRSANGGMLFLDEIGELGADEQAMLLKAIEEKTFYPFGSDRQVSSDFQLIAGTVRDLRQLVAEGKFREDLYARINLWTFTLPGLRQRQEDIEPNLDYEVERHASLTGDSVRFNTEARRAWLAFATSPQATWRGNFRELSASVTRMATFATSGRITLDVVEDEINRLRYNWQESRPSALTALLGAEAENIDLFDRMQLEHVIAICRQAKSLSAAGRQLFDVSRQGKASVNDADRLRKYLARFGLTWEAVQD	DNA-binding transcriptional activator RtcR	Fis family transcriptional regulator	Conserved-Region 	186	424	IATRNPHFNRMIEQIEKVAIKSRAPILLNGPTGAGKSFLARRILELKQARHQFSGAFVEVNCATLRGDTAMSTLFGHVKGAFTGARESREGLLRSANGGMLFLDEIGELGADEQAMLLKAIEEKTFYPFGSDRQVSSDFQLIAGTVRDLRQLVAEGKFREDLYARINLWTFTLPGLRQRQEDIEPNLDYEVERHASLTGDSVRFNTEARRAWLAFATSPQATWRGNFRELSASVTRMAT	NA
gnl|ECaadb|3333|NP_418157.1	gnl|RZaadb|1060|WP_012482404.1	b3702	dnaA	dnaA	dnaA	dnaA		ECK120000229	NP_418157.1	RPHASCH2410_RS08600	RPHASCH2410_CH08765	WP_012482404.1	5	455	LWQQCLARLQDELPATEFSMWIRPLQAELSDNTLALYAPNRFVLDWVRDKYLNNINGLLTSFCGADAPQLRFEVGTKPVTQTPQAAVTSNVAAPAQVAQTQPQRAAPSTRSGWDNVPAPAEPTYRSNVNVKHTFDNFVEGKSNQLARAAARQVADNPGGAYNPLFLYGGTGLGKTHLLHAVGNGIMARKPNAKVVYMHSERFVQDMVKALQNNAIEEFKRYYRSVDALLIDDIQFFANKERSQEEFFHTFNALLEGNQQIILTSDRYPKEINGVEDRLKSRFGWGLTVAIEPPELETRVAILMKKADENDIRLPGEVAFFIAKRLRSNVRELEGALNRVIANANFTGRAITIDFVREALRDLLALQEKLVTIDNIQKTVAEYYKIKVADLLSKRRSRSVARPRQMAMALAKELTNHSLPEIGDAFGGRDHTTVLHACRKIEQLREESHDIK	chromosomal replication initiator protein DnaA	chromosomal replication initiator protein DnaA	Nucleotide-Phosphate-Binding-Region	172	179	GGTGLGKT	ATP
gnl|ECaadb|3381|NP_418209.1	gnl|RZaadb|5778|WP_029532139.1	b3753	rbsR	rbsR	rbsR	rbsR		ECK120000810	NP_418209.1	RPHASCH2410_RS31350	RPHASCH2410_PA01040	WP_029532139.1	1	305	MATMKDVARLAGVSTSTVSHVINKDRFVSEAITAKVEAAIKELNYAPSALARSLKLNQTHTIGMLITASTNPFYSELVRGVERSCFERGYSLVLCNTEGDEQRMNRNLETLMQKRVDGLLLLCTETHQPSREIMQRYPTVPTVMMDWAPFDGDSDLIQDNSLLGGDLATQYLIDKGHTRIACITGPLDKTPARLRLEGYRAAMKRAGLNIPDGYEVTGDFEFNGGFDAMRQLLSHPLRPQAVFTGNDAMAVGVYQALYQAELQVPQDIAVIGYDDIELASFMTPPLTTIHQPKDELGELAIDVLI	DNA-binding transcriptional dual regulator RbsR	LacI family transcriptional regulator	DNA-Binding-Region 	4	23	MKDVARLAGVSTSTVSHVIN	D-ribose
gnl|ECaadb|3381|NP_418209.1	gnl|RZaadb|5778|WP_029532139.1	b3753	rbsR	rbsR	rbsR	rbsR		ECK120000810	NP_418209.1	RPHASCH2410_RS31350	RPHASCH2410_PA01040	WP_029532139.1	1	305	MATMKDVARLAGVSTSTVSHVINKDRFVSEAITAKVEAAIKELNYAPSALARSLKLNQTHTIGMLITASTNPFYSELVRGVERSCFERGYSLVLCNTEGDEQRMNRNLETLMQKRVDGLLLLCTETHQPSREIMQRYPTVPTVMMDWAPFDGDSDLIQDNSLLGGDLATQYLIDKGHTRIACITGPLDKTPARLRLEGYRAAMKRAGLNIPDGYEVTGDFEFNGGFDAMRQLLSHPLRPQAVFTGNDAMAVGVYQALYQAELQVPQDIAVIGYDDIELASFMTPPLTTIHQPKDELGELAIDVLI	DNA-binding transcriptional dual regulator RbsR	LacI family transcriptional regulator	Conserved-Region 	2	56	ATMKDVARLAGVSTSTVSHVINKDRFVSEAITAKVEAAIKELNYAPSALARSLKL	D-ribose
gnl|ECaadb|3444|NP_418304.1	gnl|RZaadb|1274|WP_012483696.1	b3868	glnG	glnG	glnG	glnG	glnT // ntrC	ECK120000378	NP_418304.1	RPHASCH2410_RS02570	RPHASCH2410_CH02640	WP_012483696.1	6	468	VWVVDDDSSIRWVLERALAGAGLTCTTFENGAEVLEALASKTPDVLLSDIRMPGMDGLALLKQIKQRHPMLPVIIMTAHSDLDAAVSAYQQGAFDYLPKPFDIDEAVALVERAISHYQEQQQPRNVQLNGPTTDIIGEAPAMQDVFRIIGRLSRSSISVLINGESGTGKELVAHALHRHSPRAKAPFIALNMAAIPKDLIESELFGHEKGAFTGANTIRQGRFEQADGGTLFLDEIGDMPLDVQTRLLRVLADGQFYRVGGYAPVKVDVRIIAATHQNLEQRVQEGKFREDLFHRLNVIRVHLPPLRERREDIPRLARHFLQVAARELGVEAKLLHPETEAALTRLAWPGNVRQLENTCRWLTVMAAGQEVLIQDLPGELFESTVAESTSQMQPDSWATLLAQWADRALRSGHQNLLSEAQPELERTLLTTALRHTQGHKQEAARLLGWGRNTLTRKLKELGM	DNA-binding transcriptional dual regulator NtrC	nitrogen regulation protein NR(I)	DNA-Binding-Region 	445	464	KQEAARLLGWGRNTLTRKLK	NA
gnl|ECaadb|3444|NP_418304.1	gnl|RZaadb|1274|WP_012483696.1	b3868	glnG	glnG	glnG	glnG	glnT // ntrC	ECK120000378	NP_418304.1	RPHASCH2410_RS02570	RPHASCH2410_CH02640	WP_012483696.1	6	468	VWVVDDDSSIRWVLERALAGAGLTCTTFENGAEVLEALASKTPDVLLSDIRMPGMDGLALLKQIKQRHPMLPVIIMTAHSDLDAAVSAYQQGAFDYLPKPFDIDEAVALVERAISHYQEQQQPRNVQLNGPTTDIIGEAPAMQDVFRIIGRLSRSSISVLINGESGTGKELVAHALHRHSPRAKAPFIALNMAAIPKDLIESELFGHEKGAFTGANTIRQGRFEQADGGTLFLDEIGDMPLDVQTRLLRVLADGQFYRVGGYAPVKVDVRIIAATHQNLEQRVQEGKFREDLFHRLNVIRVHLPPLRERREDIPRLARHFLQVAARELGVEAKLLHPETEAALTRLAWPGNVRQLENTCRWLTVMAAGQEVLIQDLPGELFESTVAESTSQMQPDSWATLLAQWADRALRSGHQNLLSEAQPELERTLLTTALRHTQGHKQEAARLLGWGRNTLTRKLKELGM	DNA-binding transcriptional dual regulator NtrC	nitrogen regulation protein NR(I)	Nucleotide-Phosphate-Binding-Region 	231	240	ADGGTLFLDE	NA
gnl|ECaadb|3444|NP_418304.1	gnl|RZaadb|1274|WP_012483696.1	b3868	glnG	glnG	glnG	glnG	glnT // ntrC	ECK120000378	NP_418304.1	RPHASCH2410_RS02570	RPHASCH2410_CH02640	WP_012483696.1	6	468	VWVVDDDSSIRWVLERALAGAGLTCTTFENGAEVLEALASKTPDVLLSDIRMPGMDGLALLKQIKQRHPMLPVIIMTAHSDLDAAVSAYQQGAFDYLPKPFDIDEAVALVERAISHYQEQQQPRNVQLNGPTTDIIGEAPAMQDVFRIIGRLSRSSISVLINGESGTGKELVAHALHRHSPRAKAPFIALNMAAIPKDLIESELFGHEKGAFTGANTIRQGRFEQADGGTLFLDEIGDMPLDVQTRLLRVLADGQFYRVGGYAPVKVDVRIIAATHQNLEQRVQEGKFREDLFHRLNVIRVHLPPLRERREDIPRLARHFLQVAARELGVEAKLLHPETEAALTRLAWPGNVRQLENTCRWLTVMAAGQEVLIQDLPGELFESTVAESTSQMQPDSWATLLAQWADRALRSGHQNLLSEAQPELERTLLTTALRHTQGHKQEAARLLGWGRNTLTRKLKELGM	DNA-binding transcriptional dual regulator NtrC	nitrogen regulation protein NR(I)	Nucleotide-Phosphate-Binding-Region 	168	175	GESGTGKE	NA
gnl|ECaadb|3444|NP_418304.1	gnl|RZaadb|1274|WP_012483696.1	b3868	glnG	glnG	glnG	glnG	glnT // ntrC	ECK120000378	NP_418304.1	RPHASCH2410_RS02570	RPHASCH2410_CH02640	WP_012483696.1	6	468	VWVVDDDSSIRWVLERALAGAGLTCTTFENGAEVLEALASKTPDVLLSDIRMPGMDGLALLKQIKQRHPMLPVIIMTAHSDLDAAVSAYQQGAFDYLPKPFDIDEAVALVERAISHYQEQQQPRNVQLNGPTTDIIGEAPAMQDVFRIIGRLSRSSISVLINGESGTGKELVAHALHRHSPRAKAPFIALNMAAIPKDLIESELFGHEKGAFTGANTIRQGRFEQADGGTLFLDEIGDMPLDVQTRLLRVLADGQFYRVGGYAPVKVDVRIIAATHQNLEQRVQEGKFREDLFHRLNVIRVHLPPLRERREDIPRLARHFLQVAARELGVEAKLLHPETEAALTRLAWPGNVRQLENTCRWLTVMAAGQEVLIQDLPGELFESTVAESTSQMQPDSWATLLAQWADRALRSGHQNLLSEAQPELERTLLTTALRHTQGHKQEAARLLGWGRNTLTRKLKELGM	DNA-binding transcriptional dual regulator NtrC	nitrogen regulation protein NR(I)	Conserved-Region 	140	369	IIGEAPAMQDVFRIIGRLSRSSISVLINGESGTGKELVAHALHRHSPRAKAPFIALNMAAIPKDLIESELFGHEKGAFTGANTIRQGRFEQADGGTLFLDEIGDMPLDVQTRLLRVLADGQFYRVGGYAPVKVDVRIIAATHQNLEQRVQEGKFREDLFHRLNVIRVHLPPLRERREDIPRLARHFLQVAARELGVEAKLLHPETEAALTRLAWPGNVRQLENTCRWLTV	NA
gnl|ECaadb|3444|NP_418304.1	gnl|RZaadb|1274|WP_012483696.1	b3868	glnG	glnG	glnG	glnG	glnT // ntrC	ECK120000378	NP_418304.1	RPHASCH2410_RS02570	RPHASCH2410_CH02640	WP_012483696.1	6	468	VWVVDDDSSIRWVLERALAGAGLTCTTFENGAEVLEALASKTPDVLLSDIRMPGMDGLALLKQIKQRHPMLPVIIMTAHSDLDAAVSAYQQGAFDYLPKPFDIDEAVALVERAISHYQEQQQPRNVQLNGPTTDIIGEAPAMQDVFRIIGRLSRSSISVLINGESGTGKELVAHALHRHSPRAKAPFIALNMAAIPKDLIESELFGHEKGAFTGANTIRQGRFEQADGGTLFLDEIGDMPLDVQTRLLRVLADGQFYRVGGYAPVKVDVRIIAATHQNLEQRVQEGKFREDLFHRLNVIRVHLPPLRERREDIPRLARHFLQVAARELGVEAKLLHPETEAALTRLAWPGNVRQLENTCRWLTVMAAGQEVLIQDLPGELFESTVAESTSQMQPDSWATLLAQWADRALRSGHQNLLSEAQPELERTLLTTALRHTQGHKQEAARLLGWGRNTLTRKLKELGM	DNA-binding transcriptional dual regulator NtrC	nitrogen regulation protein NR(I)	Conserved-Region 	5	119	IVWVVDDDSSIRWVLERALAGAGLTCTTFENGAEVLEALASKTPDVLLSDIRMPGMDGLALLKQIKQRHPMLPVIIMTAHSDLDAAVSAYQQGAFDYLPKPFDIDEAVALVERAI	NA
gnl|ECaadb|3458|NP_418320.2	gnl|RZaadb|3897|WP_016735692.1	b3884	csqR	csqR	NA	csqR	yihW	ECK120001780	NP_418320.2	RPHASCH2410_RS26915	RPHASCH2410_PD01895	WP_016735692.1	11	255	RHDQLLMLIAERGYMNIDELANLLDVSTQTVRRDIRKLSEQGLITRHHGGAGRASSVVNTAFEQREVSQTEEKKAIAEAVADYIPDGSTIFITIGTTVEHVARALLNHNHLRIITNSLRVAHILYHNPRFEVMVPGGTLRSHNSGIIGPSAASFVADFRADYLVTSVGAIESDGALMEFDVNEANVVKTMMAHARNILLVADHTKYHASAAVEIGNVAQVTALFTDELPPAALKSRLQDSQIEII	DNA-binding transcriptional dual regulator CsqR	DeoR/GlpR transcriptional regulator	DNA-Binding-Region 	25	44	MNIDELANLLDVSTQTVRRD	6-sulfo-D-quinovose
gnl|ECaadb|3458|NP_418320.2	gnl|RZaadb|3897|WP_016735692.1	b3884	csqR	csqR	NA	csqR	yihW	ECK120001780	NP_418320.2	RPHASCH2410_RS26915	RPHASCH2410_PD01895	WP_016735692.1	11	255	RHDQLLMLIAERGYMNIDELANLLDVSTQTVRRDIRKLSEQGLITRHHGGAGRASSVVNTAFEQREVSQTEEKKAIAEAVADYIPDGSTIFITIGTTVEHVARALLNHNHLRIITNSLRVAHILYHNPRFEVMVPGGTLRSHNSGIIGPSAASFVADFRADYLVTSVGAIESDGALMEFDVNEANVVKTMMAHARNILLVADHTKYHASAAVEIGNVAQVTALFTDELPPAALKSRLQDSQIEII	DNA-binding transcriptional dual regulator CsqR	DeoR/GlpR transcriptional regulator	Conserved-Region 	8	63	GNPRHDQLLMLIAERGYMNIDELANLLDVSTQTVRRDIRKLSEQGLITRHHGGAGR	6-sulfo-D-quinovose
gnl|ECaadb|3485|NP_418348.1	gnl|RZaadb|4796|WP_016736883.1	b3912	cpxR	cpxR	cpxR	cpxR	yiiA	ECK120000017	NP_418348.1	RPHASCH2410_RS30670	RPHASCH2410_PA00370	WP_016736883.1	1	226	MNKILLVDDDRELTSLLKELLEMEGFNVIVAHDGEQALDLLDDSIDLLLLDVMMPKKNGIDTLKALRQTHQTPVIMLTARGSELDRVLGLELGADDYLPKPFNDRELVARIRAILRRSHWSEQQQNNDNGSPTLEVDALVLNPGRQEASFDGQTLELTGTEFTLLYLLAQHLGQVVSREHLSQEVLGKRLTPFDRAIDMHISNLRRKLPDRKDGHPWFKTLRGRGY	DNA-binding transcriptional dual regulator CpxR	DNA-binding response regulator	DNA-Binding-Region 	131	230	SPTLEVDALVLNPGRQEASFDGQTLELTGTEFTLLYLLAQHLGQVVSREHLSQEVLGKRLTPFDRAIDMHISNLRRKLPDRKDGHPWFKTLRGRGYLMVS	NA
gnl|ECaadb|3485|NP_418348.1	gnl|RZaadb|4796|WP_016736883.1	b3912	cpxR	cpxR	cpxR	cpxR	yiiA	ECK120000017	NP_418348.1	RPHASCH2410_RS30670	RPHASCH2410_PA00370	WP_016736883.1	1	226	MNKILLVDDDRELTSLLKELLEMEGFNVIVAHDGEQALDLLDDSIDLLLLDVMMPKKNGIDTLKALRQTHQTPVIMLTARGSELDRVLGLELGADDYLPKPFNDRELVARIRAILRRSHWSEQQQNNDNGSPTLEVDALVLNPGRQEASFDGQTLELTGTEFTLLYLLAQHLGQVVSREHLSQEVLGKRLTPFDRAIDMHISNLRRKLPDRKDGHPWFKTLRGRGY	DNA-binding transcriptional dual regulator CpxR	DNA-binding response regulator	Conserved-Region 	3	115	KILLVDDDRELTSLLKELLEMEGFNVIVAHDGEQALDLLDDSIDLLLLDVMMPKKNGIDTLKALRQTHQTPVIMLTARGSELDRVLGLELGADDYLPKPFNDRELVARIRAIL	NA
gnl|ECaadb|3505|NP_418369.1	gnl|RZaadb|5131|WP_016737301.1	b3934	cytR	cytR	cytR	cytR		ECK120000194	NP_418369.1	RPHASCH2410_RS04060	RPHASCH2410_CH04180	WP_016737301.1	5	341	KQETAATMKDVALKAKVSTATVSRALMNPDKVSQATRNRVEKAAREVGYLPQPMGRNVKRNESRTILVIVPDICDPFFSEIIRGIEVTAANHGYLVLIGDCAHQNQQEKTFIDLIITKQIDGMLLLGSRLPFDASIEEQRNLPPMVMANEFAPELELPTVHIDNLTAAFDAVNYLYEQGHKRIGCIAGPEEMPLCHYRLQGYVQALRRCGIMVDPQYIARGDFTFEAGSKAMQQLLDLPQPPTAVFCHSDVMALGALSQAKRQGLKVPEDLSIIGFDNIDLTQFCDPPLTTIAQPRYEIGREAMLLLLDQMQGQHVGSGSRLMDCELIIRGSTRALP	DNA-binding transcriptional repressor CytR	LacI family transcriptional regulator	DNA-Binding-Region 	12	31	MKDVALKAKVSTATVSRALM	cytidine
gnl|ECaadb|3505|NP_418369.1	gnl|RZaadb|5131|WP_016737301.1	b3934	cytR	cytR	cytR	cytR		ECK120000194	NP_418369.1	RPHASCH2410_RS04060	RPHASCH2410_CH04180	WP_016737301.1	5	341	KQETAATMKDVALKAKVSTATVSRALMNPDKVSQATRNRVEKAAREVGYLPQPMGRNVKRNESRTILVIVPDICDPFFSEIIRGIEVTAANHGYLVLIGDCAHQNQQEKTFIDLIITKQIDGMLLLGSRLPFDASIEEQRNLPPMVMANEFAPELELPTVHIDNLTAAFDAVNYLYEQGHKRIGCIAGPEEMPLCHYRLQGYVQALRRCGIMVDPQYIARGDFTFEAGSKAMQQLLDLPQPPTAVFCHSDVMALGALSQAKRQGLKVPEDLSIIGFDNIDLTQFCDPPLTTIAQPRYEIGREAMLLLLDQMQGQHVGSGSRLMDCELIIRGSTRALP	DNA-binding transcriptional repressor CytR	LacI family transcriptional regulator	Conserved-Region 	10	64	ATMKDVALKAKVSTATVSRALMNPDKVSQATRNRVEKAAREVGYLPQPMGRNVKR	cytidine
gnl|ECaadb|3530|NP_418396.1	gnl|RZaadb|3649|WP_016735360.1	b3961	oxyR	oxyR	oxyR	oxyR	momR // mor	ECK120000674	NP_418396.1	RPHASCH2410_RS30255	RPHASCH2410_PD05390	WP_016735360.1	1	290	MNIRDLEYLVALAEHRHFRRAADSCHVSQPTLSGQIRKLEDELGVMLLERTSRKVLFTQAGMLLVDQARTVLREVKVLKEMASQQGETMSGPLHIGLIPTVGPYLLPHIIPMLHQTFPKLEMYLHEAQTHQLLAQLDSGKLDCVILALVKESEAFIEVPLFDEPMLLAIYEDHPWANRECVPMADLAGEKLLMLEDGHCLRDQAMGFCFEAGADEDTHFRATSLETLRNMVAAGSGITLLPALAVPPERKRDGVVYLPCIKPEPRRTIGLVYRPGSPLRSRYEQLAEAIR	DNA-binding transcriptional dual regulator OxyR	hydrogen peroxide-inducible genes activator	DNA-Binding-Region 	18	37	FRRAADSCHVSQPTLSGQIR	NA
gnl|ECaadb|3530|NP_418396.1	gnl|RZaadb|3649|WP_016735360.1	b3961	oxyR	oxyR	oxyR	oxyR	momR // mor	ECK120000674	NP_418396.1	RPHASCH2410_RS30255	RPHASCH2410_PD05390	WP_016735360.1	1	290	MNIRDLEYLVALAEHRHFRRAADSCHVSQPTLSGQIRKLEDELGVMLLERTSRKVLFTQAGMLLVDQARTVLREVKVLKEMASQQGETMSGPLHIGLIPTVGPYLLPHIIPMLHQTFPKLEMYLHEAQTHQLLAQLDSGKLDCVILALVKESEAFIEVPLFDEPMLLAIYEDHPWANRECVPMADLAGEKLLMLEDGHCLRDQAMGFCFEAGADEDTHFRATSLETLRNMVAAGSGITLLPALAVPPERKRDGVVYLPCIKPEPRRTIGLVYRPGSPLRSRYEQLAEAIR	DNA-binding transcriptional dual regulator OxyR	hydrogen peroxide-inducible genes activator	Conserved-Region 	1	58	MNIRDLEYLVALAEHRHFRRAADSCHVSQPTLSGQIRKLEDELGVMLLERTSRKVLFT	NA
gnl|ECaadb|3617|NP_418487.1	gnl|RZaadb|1540|WP_012485457.1	b4063	soxR	soxR	soxR	soxR	marC	ECK120000946	NP_418487.1	RPHASCH2410_RS05245	RPHASCH2410_CH05360	WP_012485457.1	11	153	LLTPGEVAKRSGVAVSALHFYESKGLITSIRNSGNQRRYKRDVLRYVAIIKIAQRIGIPLATIGEAFGVLPEGHTLSAKEWKQLSSQWREELDRRIHTLVALRDELDGCIGCGCLSRSDCPLRNPGDRLGEEGTGARLLEDEQ	DNA-binding transcriptional dual regulator SoxR	redox-sensitive transcriptional activator SoxR	DNA-Binding-Region 	14	33	PGEVAKRSGVAVSALHFYES	[2Fe-2S] reduced, [2Fe-2S] oxydized
gnl|ECaadb|3617|NP_418487.1	gnl|RZaadb|1540|WP_012485457.1	b4063	soxR	soxR	soxR	soxR	marC	ECK120000946	NP_418487.1	RPHASCH2410_RS05245	RPHASCH2410_CH05360	WP_012485457.1	11	153	LLTPGEVAKRSGVAVSALHFYESKGLITSIRNSGNQRRYKRDVLRYVAIIKIAQRIGIPLATIGEAFGVLPEGHTLSAKEWKQLSSQWREELDRRIHTLVALRDELDGCIGCGCLSRSDCPLRNPGDRLGEEGTGARLLEDEQ	DNA-binding transcriptional dual regulator SoxR	redox-sensitive transcriptional activator SoxR	Conserved-Region 	11	79	LLTPGEVAKRSGVAVSALHFYESKGLITSIRNSGNQRRYKRDVLRYVAIIKIAQRIGIPLATIGEAFGV	[2Fe-2S] reduced, [2Fe-2S] oxydized
gnl|ECaadb|3663|NP_418537.1	gnl|RZaadb|4025|WP_016735855.1	b4113	basR	basR	basR	basR	pmrA	ECK120001563	NP_418537.1	RPHASCH2410_RS27805	RPHASCH2410_PD02790	WP_016735855.1	1	216	MKILIVEDDTLLLQGLILAAQTEGYACDSVTTARMAEQSLEAGHYSLVVLDLGLPDEDGLHFLARIRQKKYTLPVLILTARDTLTDKIAGLDVGADDYLVKPFALEELHARIRALLRRHNNQGESELIVGNLTLNMGRRQVWMGGEELILTPKEYALLSRLMLKAGSPVHREILYNDIYNWDNEPSTNTLEVHIHNLRDKVGKARIRTVRGFGYML	DNA-binding transcriptional dual regulator BasR	DNA-binding response regulator	DNA-Binding-Region 	124	218	ESELIVGNLTLNMGRRQVWMGGEELILTPKEYALLSRLMLKAGSPVHREILYNDIYNWDNEPSTNTLEVHIHNLRDKVGKARIRTVRGFGYMLVA	NA
gnl|ECaadb|3663|NP_418537.1	gnl|RZaadb|4025|WP_016735855.1	b4113	basR	basR	basR	basR	pmrA	ECK120001563	NP_418537.1	RPHASCH2410_RS27805	RPHASCH2410_PD02790	WP_016735855.1	1	216	MKILIVEDDTLLLQGLILAAQTEGYACDSVTTARMAEQSLEAGHYSLVVLDLGLPDEDGLHFLARIRQKKYTLPVLILTARDTLTDKIAGLDVGADDYLVKPFALEELHARIRALLRRHNNQGESELIVGNLTLNMGRRQVWMGGEELILTPKEYALLSRLMLKAGSPVHREILYNDIYNWDNEPSTNTLEVHIHNLRDKVGKARIRTVRGFGYML	DNA-binding transcriptional dual regulator BasR	DNA-binding response regulator	Conserved-Region 	2	116	KILIVEDDTLLLQGLILAAQTEGYACDSVTTARMAEQSLEAGHYSLVVLDLGLPDEDGLHFLARIRQKKYTLPVLILTARDTLTDKIAGLDVGADDYLVKPFALEELHARIRALL	NA
gnl|ECaadb|3724|NP_418599.1	gnl|RZaadb|995|WP_011424096.1	b4178	nsrR	nsrR	nsrR	nsrR	yjeB	ECK120001192	NP_418599.1	RPHASCH2410_RS10475	RPHASCH2410_CH10710	WP_011424096.1	1	139	MQLTSFTDYGLRALIYMASLPEGRMTSISEVTDVYGVSRNHMVKIINQLSRAGYVTAVRGKNGGIRLGKPASAIRIGDVVRELEPLSLVNCSSEFCHITPACRLKQALSKAVQSFLTELDNYTLADLVEENQPLYKLLL	DNA-binding transcriptional repressor NsrR	transcriptional regulator	DNA-Binding-Region 	28	51	ISEVTDVYGVSRNHMVKIINQLSR	nitric oxide, [2Fe-2S] reduced, [2Fe-2S] oxidized
gnl|ECaadb|3724|NP_418599.1	gnl|RZaadb|995|WP_011424096.1	b4178	nsrR	nsrR	nsrR	nsrR	yjeB	ECK120001192	NP_418599.1	RPHASCH2410_RS10475	RPHASCH2410_CH10710	WP_011424096.1	1	139	MQLTSFTDYGLRALIYMASLPEGRMTSISEVTDVYGVSRNHMVKIINQLSRAGYVTAVRGKNGGIRLGKPASAIRIGDVVRELEPLSLVNCSSEFCHITPACRLKQALSKAVQSFLTELDNYTLADLVEENQPLYKLLL	DNA-binding transcriptional repressor NsrR	transcriptional regulator	Conserved-Region 	2	129	QLTSFTDYGLRALIYMASLPEGRMTSISEVTDVYGVSRNHMVKIINQLSRAGYVTAVRGKNGGIRLGKPASAIRIGDVVRELEPLSLVNCSSEFCHITPACRLKQALSKAVQSFLTELDNYTLADLVE	nitric oxide, [2Fe-2S] reduced, [2Fe-2S] oxidized
gnl|ECaadb|3733|NP_418608.6	gnl|RZaadb|2614|WP_016734019.1	b4187	aidB	aidB	aidB	aidB		ECK120001745	NP_418608.6	RPHASCH2410_RS00885	RPHASCH2410_CH00940	WP_016734019.1	9	449	FNQPIPLNNSNLYLSDGALCEAVTREGAGWDSDFLASIGQQLGTAESLELGRLANVNPPELLRYDAQGRRLDDVRFHPAWHLLMQALCTNRVHNLAWEEDARSGAFVARAARFMLHAQVEAGSLCPITMTFAATPLLLQMLPAPFQDWTTPLLSDRYDSHLLPGGQKRGLLIGMGMTEKQGGSDVMSNTTRAERLEDGSYRLVGHKWFFSVPQSDAHLVLAQTAGGLSCFFVPRFLPDGQRNAIRLERLKDKLGNRSNASCEVEFQDAIGWLLGLEGEGIRLILKMGGMTRFDCALGSHAMMRRAFSLAIYHAHQRHVFGNPLIQQPLMRHVLSRMALQLEGQTALLFRLARAWDRRADAKEALWARLFTPAAKFVICKRGMPFVAEAMEVLGGIGYCEESELPRLYREMPVNSIWEGSGNIMCLDVLRVLNKQAGVYDLL	putative acyl-CoA dehydrogenase AidB	acyl-CoA dehydrogenase	Nucleotide-Phosphate-Binding-Region 	423	433	IWEGSGNIMCL	isovaleryl-CoA
gnl|ECaadb|3733|NP_418608.6	gnl|RZaadb|2614|WP_016734019.1	b4187	aidB	aidB	aidB	aidB		ECK120001745	NP_418608.6	RPHASCH2410_RS00885	RPHASCH2410_CH00940	WP_016734019.1	9	449	FNQPIPLNNSNLYLSDGALCEAVTREGAGWDSDFLASIGQQLGTAESLELGRLANVNPPELLRYDAQGRRLDDVRFHPAWHLLMQALCTNRVHNLAWEEDARSGAFVARAARFMLHAQVEAGSLCPITMTFAATPLLLQMLPAPFQDWTTPLLSDRYDSHLLPGGQKRGLLIGMGMTEKQGGSDVMSNTTRAERLEDGSYRLVGHKWFFSVPQSDAHLVLAQTAGGLSCFFVPRFLPDGQRNAIRLERLKDKLGNRSNASCEVEFQDAIGWLLGLEGEGIRLILKMGGMTRFDCALGSHAMMRRAFSLAIYHAHQRHVFGNPLIQQPLMRHVLSRMALQLEGQTALLFRLARAWDRRADAKEALWARLFTPAAKFVICKRGMPFVAEAMEVLGGIGYCEESELPRLYREMPVNSIWEGSGNIMCLDVLRVLNKQAGVYDLL	putative acyl-CoA dehydrogenase AidB	acyl-CoA dehydrogenase	Nucleotide-Phosphate-Binding-Region 	216	218	FFS	isovaleryl-CoA
gnl|ECaadb|3733|NP_418608.6	gnl|RZaadb|2614|WP_016734019.1	b4187	aidB	aidB	aidB	aidB		ECK120001745	NP_418608.6	RPHASCH2410_RS00885	RPHASCH2410_CH00940	WP_016734019.1	9	449	FNQPIPLNNSNLYLSDGALCEAVTREGAGWDSDFLASIGQQLGTAESLELGRLANVNPPELLRYDAQGRRLDDVRFHPAWHLLMQALCTNRVHNLAWEEDARSGAFVARAARFMLHAQVEAGSLCPITMTFAATPLLLQMLPAPFQDWTTPLLSDRYDSHLLPGGQKRGLLIGMGMTEKQGGSDVMSNTTRAERLEDGSYRLVGHKWFFSVPQSDAHLVLAQTAGGLSCFFVPRFLPDGQRNAIRLERLKDKLGNRSNASCEVEFQDAIGWLLGLEGEGIRLILKMGGMTRFDCALGSHAMMRRAFSLAIYHAHQRHVFGNPLIQQPLMRHVLSRMALQLEGQTALLFRLARAWDRRADAKEALWARLFTPAAKFVICKRGMPFVAEAMEVLGGIGYCEESELPRLYREMPVNSIWEGSGNIMCLDVLRVLNKQAGVYDLL	putative acyl-CoA dehydrogenase AidB	acyl-CoA dehydrogenase	Nucleotide-Phosphate-Binding-Region 	182	191	MGMTEKQGGS	isovaleryl-CoA
gnl|ECaadb|3733|NP_418608.6	gnl|RZaadb|2614|WP_016734019.1	b4187	aidB	aidB	aidB	aidB		ECK120001745	NP_418608.6	RPHASCH2410_RS00885	RPHASCH2410_CH00940	WP_016734019.1	9	449	FNQPIPLNNSNLYLSDGALCEAVTREGAGWDSDFLASIGQQLGTAESLELGRLANVNPPELLRYDAQGRRLDDVRFHPAWHLLMQALCTNRVHNLAWEEDARSGAFVARAARFMLHAQVEAGSLCPITMTFAATPLLLQMLPAPFQDWTTPLLSDRYDSHLLPGGQKRGLLIGMGMTEKQGGSDVMSNTTRAERLEDGSYRLVGHKWFFSVPQSDAHLVLAQTAGGLSCFFVPRFLPDGQRNAIRLERLKDKLGNRSNASCEVEFQDAIGWLLGLEGEGIRLILKMGGMTRFDCALGSHAMMRRAFSLAIYHAHQRHVFGNPLIQQPLMRHVLSRMALQLEGQTALLFRLARAWDRRADAKEALWARLFTPAAKFVICKRGMPFVAEAMEVLGGIGYCEESELPRLYREMPVNSIWEGSGNIMCLDVLRVLNKQAGVYDLL	putative acyl-CoA dehydrogenase AidB	acyl-CoA dehydrogenase	Catalytic-Domain 	2	439	HWQTHTVFNQPIPLNNSNLYLSDGALCEAVTREGAGWDSDFLASIGQQLGTAESLELGRLANVNPPELLRYDAQGRRLDDVRFHPAWHLLMQALCTNRVHNLAWEEDARSGAFVARAARFMLHAQVEAGSLCPITMTFAATPLLLQMLPAPFQDWTTPLLSDRYDSHLLPGGQKRGLLIGMGMTEKQGGSDVMSNTTRAERLEDGSYRLVGHKWFFSVPQSDAHLVLAQTAGGLSCFFVPRFLPDGQRNAIRLERLKDKLGNRSNASCEVEFQDAIGWLLGLEGEGIRLILKMGGMTRFDCALGSHAMMRRAFSLAIYHAHQRHVFGNPLIQQPLMRHVLSRMALQLEGQTALLFRLARAWDRRADAKEALWARLFTPAAKFVICKRGMPFVAEAMEVLGGIGYCEESELPRLYREMPVNSIWEGSGNIMCLDVLRVL	isovaleryl-CoA
gnl|ECaadb|3733|NP_418608.6	gnl|RZaadb|2614|WP_016734019.1	b4187	aidB	aidB	aidB	aidB		ECK120001745	NP_418608.6	RPHASCH2410_RS00885	RPHASCH2410_CH00940	WP_016734019.1	9	449	FNQPIPLNNSNLYLSDGALCEAVTREGAGWDSDFLASIGQQLGTAESLELGRLANVNPPELLRYDAQGRRLDDVRFHPAWHLLMQALCTNRVHNLAWEEDARSGAFVARAARFMLHAQVEAGSLCPITMTFAATPLLLQMLPAPFQDWTTPLLSDRYDSHLLPGGQKRGLLIGMGMTEKQGGSDVMSNTTRAERLEDGSYRLVGHKWFFSVPQSDAHLVLAQTAGGLSCFFVPRFLPDGQRNAIRLERLKDKLGNRSNASCEVEFQDAIGWLLGLEGEGIRLILKMGGMTRFDCALGSHAMMRRAFSLAIYHAHQRHVFGNPLIQQPLMRHVLSRMALQLEGQTALLFRLARAWDRRADAKEALWARLFTPAAKFVICKRGMPFVAEAMEVLGGIGYCEESELPRLYREMPVNSIWEGSGNIMCLDVLRVLNKQAGVYDLL	putative acyl-CoA dehydrogenase AidB	acyl-CoA dehydrogenase	DNA-Binding-Region 	440	541	NKQAGVYDLLSEAFVEVKGQDRYFDRAVRRLQQQLRKPAEELGREITHQLFLLGCGAQMLKYASPPMAQAWCQVMLDTRGGVRLSEQIQNDLLLRATGGVCV	isovaleryl-CoA
gnl|ECaadb|3737|NP_418612.1	gnl|RZaadb|524|WP_004678031.1	b4191	ulaR	ulaR	ulaR	ulaR	yjfQ	ECK120004350	NP_418612.1	RPHASCH2410_RS21345	RPHASCH2410_PB00140	WP_004678031.1	1	249	MTEAQRHQILLEMLAQLGFVTVEKVVERLGISPATARRDINKLDESGKLKKVRNGAEAITQQRPRWTPMNLHQAQNHDEKVRIAKAASQLVNPGESVVINCGSTAFLLGREMCGKPVQIITNYLPLANYLIDQEHDSVIIMGGQYNKSQSITLSPQGSENSLYAGHWMFTSGKGLTAEGLYKTDMLTAMAEQKMLSVVGKLVVLVDSSKIGERAGMLFSRADQIDMLITGKNANPEILQQLEAQGVSIL	DNA-binding transcriptional repressor UlaR	DeoR/GlpR transcriptional regulator	DNA-Binding-Region 	20	39	VTVEKVVERLGISPATARRD	L-ascorbate 6-phosphate
gnl|ECaadb|3737|NP_418612.1	gnl|RZaadb|524|WP_004678031.1	b4191	ulaR	ulaR	ulaR	ulaR	yjfQ	ECK120004350	NP_418612.1	RPHASCH2410_RS21345	RPHASCH2410_PB00140	WP_004678031.1	1	249	MTEAQRHQILLEMLAQLGFVTVEKVVERLGISPATARRDINKLDESGKLKKVRNGAEAITQQRPRWTPMNLHQAQNHDEKVRIAKAASQLVNPGESVVINCGSTAFLLGREMCGKPVQIITNYLPLANYLIDQEHDSVIIMGGQYNKSQSITLSPQGSENSLYAGHWMFTSGKGLTAEGLYKTDMLTAMAEQKMLSVVGKLVVLVDSSKIGERAGMLFSRADQIDMLITGKNANPEILQQLEAQGVSIL	DNA-binding transcriptional repressor UlaR	DeoR/GlpR transcriptional regulator	Conserved-Region 	3	58	EAQRHQILLEMLAQLGFVTVEKVVERLGISPATARRDINKLDESGKLKKVRNGAEA	L-ascorbate 6-phosphate
gnl|ECaadb|3911|NP_418813.1	gnl|RZaadb|5135|WP_016737306.1	b4396	rob	rob	rob	rob	cbpB // robA	ECK120001334	NP_418813.1	RPHASCH2410_RS04095	RPHASCH2410_CH04215	WP_016737306.1	12	288	IWLEGHLDQPLSLDNVAAKAGYSKWHLQRMFKDVTGHAIGAYIRARRLSKSAVALRLTARPILDIALQYRFDSQQTFTRAFKKQFAQTPALYRRSPEWSAFGIRPPLRLGEFTMPEHKFVTLEDTPLIGVTQSYSCSLEQISDFRHEMRYQFWHDFLGNAPTIPPVLYGLNETRPSQDKDDEQEVFYTTALAQDQADGYVLTGHPVMLQGGEYVMFTYEGLGTGVQEFILTVYGTCMPMLNLTRRKGQDIERYYPAEDAKAGDRPINLRCELLIPIR	DNA-binding transcriptional dual regulator Rob	AraC family transcriptional regulator	DNA-Binding-Region 	73	96	ILDIALQYRFDSQQTFTRAFKKQF	NA
gnl|ECaadb|3911|NP_418813.1	gnl|RZaadb|5135|WP_016737306.1	b4396	rob	rob	rob	rob	cbpB // robA	ECK120001334	NP_418813.1	RPHASCH2410_RS04095	RPHASCH2410_CH04215	WP_016737306.1	12	288	IWLEGHLDQPLSLDNVAAKAGYSKWHLQRMFKDVTGHAIGAYIRARRLSKSAVALRLTARPILDIALQYRFDSQQTFTRAFKKQFAQTPALYRRSPEWSAFGIRPPLRLGEFTMPEHKFVTLEDTPLIGVTQSYSCSLEQISDFRHEMRYQFWHDFLGNAPTIPPVLYGLNETRPSQDKDDEQEVFYTTALAQDQADGYVLTGHPVMLQGGEYVMFTYEGLGTGVQEFILTVYGTCMPMLNLTRRKGQDIERYYPAEDAKAGDRPINLRCELLIPIR	DNA-binding transcriptional dual regulator Rob	AraC family transcriptional regulator	DNA-Binding-Region 	25	46	DNVAAKAGYSKWHLQRMFKDVT	NA
gnl|ECaadb|3911|NP_418813.1	gnl|RZaadb|5135|WP_016737306.1	b4396	rob	rob	rob	rob	cbpB // robA	ECK120001334	NP_418813.1	RPHASCH2410_RS04095	RPHASCH2410_CH04215	WP_016737306.1	12	288	IWLEGHLDQPLSLDNVAAKAGYSKWHLQRMFKDVTGHAIGAYIRARRLSKSAVALRLTARPILDIALQYRFDSQQTFTRAFKKQFAQTPALYRRSPEWSAFGIRPPLRLGEFTMPEHKFVTLEDTPLIGVTQSYSCSLEQISDFRHEMRYQFWHDFLGNAPTIPPVLYGLNETRPSQDKDDEQEVFYTTALAQDQADGYVLTGHPVMLQGGEYVMFTYEGLGTGVQEFILTVYGTCMPMLNLTRRKGQDIERYYPAEDAKAGDRPINLRCELLIPIR	DNA-binding transcriptional dual regulator Rob	AraC family transcriptional regulator	Conserved-Region 	8	106	RDLLIWLEGHLDQPLSLDNVAAKAGYSKWHLQRMFKDVTGHAIGAYIRARRLSKSAVALRLTARPILDIALQYRFDSQQTFTRAFKKQFAQTPALYRRS	NA
gnl|ECaadb|4182|YP_026222.1	gnl|RZaadb|642|WP_004680351.1	b3438	gntR	gntR	gntR	gntR		ECK120002342	YP_026222.1	RPHASCH2410_RS25610	RPHASCH2410_PD00565	WP_004680351.1	4	300	KRPVLQDVADRVGVTKMTVSRFLRNPEQVSVALRGKIAAALDELGYIPNRAPDILSNATSRAIGVLLPSLTNQVFAEVLRGIESVTDAHGYQTMLAHYGYKPEMEQERLESMLSWNIDGLILTERTHTPRTLKMIEVAGIPVVELMDSKSPCLDIAVGFDNFEAARQMTTAIIARGHRHIAYLGARLDERTIIKQKGYEQAMLDAGLVPYSVMVEQSSSYSSGIELIRQARREYPQLDGVFCTNDDLAVGAAFECQRLGLKVPDDMAIAGFHGHDIGQVMEPRLASVLTPRERMGSI	DNA-binding transcriptional repressor GntR	LacI family DNA-binding transcriptional	DNA-Binding-Region 	8	27	LQDVADRVGVTKMTVSRFLR	D-gluconate
gnl|ECaadb|4182|YP_026222.1	gnl|RZaadb|642|WP_004680351.1	b3438	gntR	gntR	gntR	gntR		ECK120002342	YP_026222.1	RPHASCH2410_RS25610	RPHASCH2410_PD00565	WP_004680351.1	4	300	KRPVLQDVADRVGVTKMTVSRFLRNPEQVSVALRGKIAAALDELGYIPNRAPDILSNATSRAIGVLLPSLTNQVFAEVLRGIESVTDAHGYQTMLAHYGYKPEMEQERLESMLSWNIDGLILTERTHTPRTLKMIEVAGIPVVELMDSKSPCLDIAVGFDNFEAARQMTTAIIARGHRHIAYLGARLDERTIIKQKGYEQAMLDAGLVPYSVMVEQSSSYSSGIELIRQARREYPQLDGVFCTNDDLAVGAAFECQRLGLKVPDDMAIAGFHGHDIGQVMEPRLASVLTPRERMGSI	DNA-binding transcriptional repressor GntR	LacI family DNA-binding transcriptional	Conserved-Region 	6	60	PVLQDVADRVGVTKMTVSRFLRNPEQVSVALRGKIAAALDELGYIPNRAPDILSN	D-gluconate
gnl|ECaadb|1563|NP_416227.1	gnl|RZaadb|2735|WP_016734167.1	b1712	ihfA	ihfA	ihfA	ihfA	hid // himA	ECK120000433	NP_416227.1	RPHASCH2410_RS14185	RPHASCH2410_CH14565	WP_016734167.1	2	94	ALTKAEMSEYLFDKLGLSKRDAKELVELFFEEIRRALENGEQVKLSGFGNFDLRDKNQRPGRNPKTGEDIPITARRVVTFRPGQKLKSRVENA	integration host factor subunit alpha	integration host factor subunit alpha	NA	NA	NA	NA	NA
gnl|ECaadb|1836|NP_416521.2	gnl|RZaadb|942|WP_010025738.1	b2017	yefM	yefM	yefM	yefM		ECK120002397	NP_416521.2	RPHASCH2410_RS22340	RPHASCH2410_RS22340	WP_010025738.1	1	80	MRTISYSEARQNLSATMMKAVEDHAPILITRQNGEACVLMSLEEYNSLEETAYLLRSPANARRLMDSIDSLKSGKGTEKD	YefM antitoxin of the YoeB-YefM toxin-antitoxin pair and DNA binding transcriptional repressor	type II toxin-antitoxin system	NA	NA	NA	NA	NA
gnl|ECaadb|2448|NP_417177.1	gnl|RZaadb|1985|WP_016733199.1	b2697	alaS	alaS	alaS	alaS	act // ala-act // lovB	ECK120000031	NP_417177.1	RPHASCH2410_RS21170	RPHASCH2410_CH21735	WP_016733199.1	7	849	EIRQAFLDFFHSKGHQVVASSSLVPHNDPTLLFTNAGMNQFKDVFLGLDKRNYSRATTSQRCVRAGGKHNDLENVGYTARHHTFFEMLGNFSFGDYFKHDAIQFAWELLTSEKWFALPKERLWVTVYESDDEAYEIWEKEVGIPRERIIRIGDNKGAPYASDNFWQMGDTGPCGPCTEIFYDHGDHIWGGPPGSPEEDGDRYIEIWNIVFMQFNRQADGTMEPLPKPSVDTGMGLERIAAVLQHVNSNYDIDLFRTLIQAVAKVTGATDLSNKSLRVIADHIRSCAFLIADGVMPSNENRGYVLRRIIRRAVRHGNMLGAKETFFYKLVGPLIDVMGSAGEDLKRQQAQVEQVLKTEEEQFARTLERGLALLDEELAKLSGDTLDGETAFRLYDTYGFPVDLTADVCRERNIKVDEAGFEAAMEEQRRRAREASGFGADYNAMIRVDSASEFKGYDHLELNGKVTALFVDGKAVDAINAGQEAVVVLDQTPFYAESGGQVGDKGELKGANFSFAVEDTQKYGQAIGHIGKLAAGSLKVGDAVQADVDEARRARIRLNHSATHLMHAALRQVLGTHVSQKGSLVNDKVLRFDFSHNEAMKPEEIRAVEDLVNTQIRRNLPIETNIMDLEAAKAKGAMALFGEKYDERVRVLSMGDFSTELCGGTHASRTGDIGLFRIISESGTAAGVRRIEAVTGEGAIATVHADSDRLSEVAHLLKGDSNNLADKVRSVLERTRQLEKELQQLKEQAAAQESANLSSKAIDVNGVKLLVSELSGVEPKMLRTMVDDLKNQLGSTIIVLATVVEGKVSLIAGVSKDVTDRVKAGELIGMVAQQVGGKGGGRPDM	alanine--tRNA ligase/DNA-binding transcriptional repressor	alanine--tRNA ligase	NA	NA	NA	NA	L-alanine
gnl|ECaadb|3559|NP_418428.1	gnl|RZaadb|17|WP_003547346.1	b4000	hupA	hupA	hupA	hupA		ECK120000459	NP_418428.1	RPHASCH2410_RS00625	RPHASCH2410_CH00670	WP_003547346.1	1	89	MNKTQLIDVIAEKAELSKTQAKAALESTLAAITESLKEGDAVQLVGFGTFKVNHRAERTGRNPQTGKEIKIAAANVPAFVSGKALKDAV	DNA-binding protein HU-alpha	DNA-binding protein HRL53	NA	NA	NA	NA	NA
gnl|ECaadb|4265|YP_588458.1	gnl|RZaadb|4511|WP_016736523.1	b4539	yoeB	yoeB	yoeB	yoeB		ECK120002629	YP_588458.1	RPHASCH2410_RS22345	RPHASCH2410_PB01155	WP_016736523.1	1	84	MKLIWSEESWDDYLYWQETDKRIVKKINELIKDTRRTPFEGKGKPEPLKHNLSGFWSRRITEEHRLVYAVTDDSLLIAACRYHY	ribosome-dependent mRNA interferase toxin YoeB	Txe/YoeB family addiction module toxin	NA	NA	NA	NA	NA
gnl|ECaadb|610|NP_415209.1	gnl|RZaadb|772|WP_010004259.1	b0683	fur	fur	fur	fur		ECK120000352	NP_415209.1	RPHASCH2410_RS08700	RPHASCH2410_CH08865	WP_010004259.1	12	131	GLKVTLPRLKILEVLQEPDNHHVSAEDLYKRLIDMGEEIGLATVYRVLNQFDDAGIVTRHNFEGGKSVFELTQQHHHDHLICLDCGKVIEFSDDSIEARQREIAAKHGIRLTNHSLYLYG	DNA-binding transcriptional dual regulator Fur	transcriptional repressor	NA	NA	NA	NA	Fe, Mn
gnl|ECaadb|824|NP_415432.1	gnl|RZaadb|12|WP_003544934.1	b0912	ihfB	ihfB	ihfB	ihfB	hip // himD	ECK120000434	NP_415432.1	RPHASCH2410_RS08810	RPHASCH2410_CH08975	WP_003544934.1	1	91	MTKSELIERLATQQSHIPAKTVEDAVKEMLEHMASTLAQGERIEIRGFGSFSLHYRAPRTGRNPKTGDKVELEGKYVPHFKPGKELRDRAN	integration host factor subunit beta	integration host factor subunit beta	NA	NA	NA	NA	NA
gnl|ECaadb|925|NP_415534.1	gnl|RZaadb|4066|WP_016735901.1	b1014	putA	putA	putA	putA	putC // poaA	ECK120000792	NP_415534.1	RPHASCH2410_RS28055	RPHASCH2410_PD03040	WP_016735901.1	68	1320	PTPAEEPHQPFLDFAEQILPQSVSRAAITAAYRRPETEAVSMLLEQARLPQPVAEQAHKLAYQLADKLRNQKNASGRAGMVQGLLQEFSLSSQEGVALMCLAEALLRIPDKATRDALIRDKISNGNWQSHIGRSPSLFVNAATWGLLFTGKLVSTHNEASLSRSLNRIIGKSGEPLIRKGVDMAMRLMGEQFVTGETIAEALANARKLEEKGFRYSYDMLGEAALTAADAQAYMVSYQQAIHAIGKASNGRGIYEGPGISIKLSALHPRYSRAQYDRVMEELYPRLKSLTLLARQYDIGINIDAEESDRLEISLDLLEKLCFEPELAGWNGIGFVIQAYQKRCPLVIDYLIDLATRSRRRLMIRLVKGAYWDSEIKRAQMDGLEGYPVYTRKVYTDVSYLACAKKLLAVPNLIYPQFATHNAHTLAAIYQLAGQNYYPGQYEFQCLHGMGEPLYEQVTGKVADGKLNRPCRIYAPVGTHETLLAYLVRRLLENGANTSFVNRIADTSLPLDELVADPVTAVEKLAQQEGQTGLPHPKIPLPRDLYGHGRDNSAGLDLANEHRLASLSSALLNSALQKWQALPMLEQPVAAGEMSPVINPAEPKDIVGYVREATPREVEQALESAVNNAPIWFATPPAERAAILHRAAVLMESQMQQLIGILVREAGKTFSNAIAEVREAVDFLHYYAGQVRDDFANETHRPLGPVVCISPWNFPLAIFTGQIAAALAAGNSVLAKPAEQTPLIAAQGIAILLEAGVPPGVVQLLPGRGETVGAQLTGDDRVRGVMFTGSTEVATLLQRNIASRLDAQGRPIPLIAETGGMNAMIVDSSALTEQVVVDVLASAFDSAGQRCSALRVLCLQDEIADHTLKMLRGAMAECRMGNPGRLTTDIGPVIDSEAKANIERHIQTMRSKGRPVFQAVRENSEDAREWQSGTFVAPTLIELDDFAELQKEVFGPVLHVVRYNRNQLPELIEQINASGYGLTLGVHTRIDETIAQVTGSAHVGNLYVNRNMVGAVVGVQPFGGEGLSGTGPKAGGPLYLYRLLANRPESALAVTLARQDAKYPVDAQLKAALTQPLNALREWAANRPELQALCTQYGELAQAGTQRLLPGPTGERNTWTLLPRERVLCIADDEQDALTQLAAVLAVGSQVLWPDDALHRQLVKALPSAVSERIQLAKAENITAQPFDAVIFHGDSDQLRALCEAVAARDGTIVSVQGFARGESNILLERLYIERSLSVNTAAAGGNASLMTIG	fused DNA-binding transcriptional repressor/proline dehydrogenase/1-pyrroline-5-carboxylate dehydrogenase PutA	trifunctional transcriptional regulator/proline	NA	NA	NA	NA	NA
