scanType	consensusMotif	TF_RdbID_v	TF_name	TF_name_v	TF_locusTag	TF_RZlocusTag	TF_oldRZlocusTag	TG_RdbID_v	TG_name_v	TG_locusTag	TG_RZlocusTag	TG_oldRZlocusTag	TG_RZname	OrthologousInteration
site	AcGCAAWCGTTTWCyTT	ECK120000791	PurR	purR	b1658	RPHASCH2410_RS11730	RPHASCH2410_CH12005	NA	NA	NA	RPHASCH2410_RS00075	RPHASCH2410_CH00080	RPHASCH2410_CH00080	FALSE
site	cacygTTaATT	ECK120002359	Dan	dan	b3060	RPHASCH2410_RS10745	RPHASCH2410_CH10995	NA	NA	NA	RPHASCH2410_RS00425	RPHASCH2410_CH00460	RPHASCH2410_CH00460	FALSE
site	TAmCymwwwmgtrgTR	ECK120001481	NarP	narP	b2193	RPHASCH2410_RS31630	RPHASCH2410_PA01320	NA	NA	NA	RPHASCH2410_RS00425	RPHASCH2410_CH00460	RPHASCH2410_CH00460	FALSE
site	cacygTTaATT	ECK120002359	Dan	dan	b3060	RPHASCH2410_RS10745	RPHASCH2410_CH10995	NA	NA	NA	RPHASCH2410_RS00430	RPHASCH2410_CH00465	RPHASCH2410_CH00465	FALSE
site	TAmCymwwwmgtrgTR	ECK120001481	NarP	narP	b2193	RPHASCH2410_RS31630	RPHASCH2410_PA01320	NA	NA	NA	RPHASCH2410_RS00430	RPHASCH2410_CH00465	RPHASCH2410_CH00465	FALSE
site	dwtGCACcATTtTggkGCAm	ECK120000378	NtrC	ntrC	b3868	RPHASCH2410_RS02570	RPHASCH2410_CH02640	NA	NA	NA	RPHASCH2410_RS00470	RPHASCH2410_CH00505	RPHASCH2410_CH00505	FALSE
site	dwtGCACcATTtTggkGCAm	ECK120000378	NtrC	ntrC	b3868	RPHASCH2410_RS02570	RPHASCH2410_CH02640	NA	NA	NA	RPHASCH2410_RS00475	RPHASCH2410_CH00510	exoP	FALSE
site	twyGtyahgttarctktdkg	ECK120000946	SoxR	soxR	b4063	RPHASCH2410_RS05245	RPHASCH2410_CH05360	NA	NA	NA	RPHASCH2410_RS00515	RPHASCH2410_CH00550	rplM	FALSE
site	kwwTwTTwTycTk	ECK120000540	Lrp	lrp	b0889	RPHASCH2410_RS28065	RPHASCH2410_PD03050	NA	NA	NA	RPHASCH2410_RS00620	RPHASCH2410_CH00665	lon	FALSE
site	WGATTakWWWTGAwwWWWhrWGW	ECK120004350	UlaR	ulaR	b4191	RPHASCH2410_RS21345	RPHASCH2410_PB00140	NA	NA	NA	RPHASCH2410_RS00650	RPHASCH2410_CH00695	RPHASCH2410_CH00695	FALSE
site	TAmCymwwwmgtrgTR	ECK120001481	NarP	narP	b2193	RPHASCH2410_RS31630	RPHASCH2410_PA01320	NA	NA	NA	RPHASCH2410_RS00695	RPHASCH2410_CH00750	nuoD1	FALSE
site	ttgACcrwtTrGTCmAcktt	ECK120002180	RutR	rutR	b1013	RPHASCH2410_RS15505	RPHASCH2410_CH15905	NA	NA	NA	RPHASCH2410_RS00750	RPHASCH2410_CH00805	nuoM1	FALSE
site	WAarTkkAAWAwATWWTgAmCA	ECK120002286	PuuR	puuR	b1299	RPHASCH2410_RS28340	RPHASCH2410_PD03330	NA	NA	NA	RPHASCH2410_RS00850	RPHASCH2410_CH00905	RPHASCH2410_CH00905	FALSE
site	ATTAhTkAtwWAAAT	ECK120003471	SlyA	slyA	b1642	RPHASCH2410_RS15855	RPHASCH2410_CH16260	NA	NA	NA	RPHASCH2410_RS00860	RPHASCH2410_CH00915	topA	FALSE
site	ttgACcrwtTrGTCmAcktt	ECK120002180	RutR	rutR	b1013	RPHASCH2410_RS15505	RPHASCH2410_CH15905	NA	NA	NA	NA	RPHASCH2410_CH00995	RPHASCH2410_CH00995	FALSE
site	AcGCAAWCGTTTWCyTT	ECK120000791	PurR	purR	b1658	RPHASCH2410_RS11730	RPHASCH2410_CH12005	NA	NA	NA	RPHASCH2410_RS01400	RPHASCH2410_CH01465	RPHASCH2410_CH01465	FALSE
site	WAarTkkAAWAwATWWTgAmCA	ECK120002286	PuuR	puuR	b1299	RPHASCH2410_RS28340	RPHASCH2410_PD03330	NA	NA	NA	RPHASCH2410_RS01490	RPHASCH2410_CH01555	RPHASCH2410_CH01555	FALSE
site	tkAhAwwwwCTwATggyw	ECK120001729	GcvA	gcvA	b2808	RPHASCH2410_RS14950	RPHASCH2410_CH15335	NA	NA	NA	RPHASCH2410_RS01535	RPHASCH2410_CH01605	RPHASCH2410_CH01605	FALSE
site	WAarTkkAAWAwATWWTgAmCA	ECK120002286	PuuR	puuR	b1299	RPHASCH2410_RS28340	RPHASCH2410_PD03330	NA	NA	NA	RPHASCH2410_RS01665	RPHASCH2410_CH01735	RPHASCH2410_CH01735	FALSE
site	twyGtyahgttarctktdkg	ECK120000946	SoxR	soxR	b4063	RPHASCH2410_RS05245	RPHASCH2410_CH05360	NA	NA	NA	NA	RPHASCH2410_CH01750	RPHASCH2410_CH01750	FALSE
site	twyGtyahgttarctktdkg	ECK120000946	SoxR	soxR	b4063	RPHASCH2410_RS05245	RPHASCH2410_CH05360	NA	NA	NA	RPHASCH2410_RS01680	RPHASCH2410_CH01755	RPHASCH2410_CH01755	FALSE
site	rdtTTrryrwWwygTGCbrTwwk	ECK120001334	Rob	rob	b4396	RPHASCH2410_RS04095	RPHASCH2410_CH04215	NA	NA	NA	RPHASCH2410_RS01780	RPHASCH2410_CH01845	RPHASCH2410_CH01845	FALSE
site	TAmCymwwwmgtrgTR	ECK120001481	NarP	narP	b2193	RPHASCH2410_RS31630	RPHASCH2410_PA01320	NA	NA	NA	RPHASCH2410_RS01780	RPHASCH2410_CH01845	RPHASCH2410_CH01845	FALSE
site	dwtGCACcATTtTggkGCAm	ECK120000378	NtrC	ntrC	b3868	RPHASCH2410_RS02570	RPHASCH2410_CH02640	NA	NA	NA	RPHASCH2410_RS01810	RPHASCH2410_CH01875	RPHASCH2410_CH01875	FALSE
site	dwtGCACcATTtTggkGCAm	ECK120000378	NtrC	ntrC	b3868	RPHASCH2410_RS02570	RPHASCH2410_CH02640	NA	NA	NA	RPHASCH2410_RS01815	RPHASCH2410_CH01880	RPHASCH2410_CH01880	FALSE
site	tkAhAwwwwCTwATggyw	ECK120001729	GcvA	gcvA	b2808	RPHASCH2410_RS14950	RPHASCH2410_CH15335	NA	NA	NA	RPHASCH2410_RS34520	RPHASCH2410_CH02105	RPHASCH2410_CH02105	FALSE
site	TAmCymwwwmgtrgTR	ECK120001481	NarP	narP	b2193	RPHASCH2410_RS31630	RPHASCH2410_PA01320	NA	NA	NA	RPHASCH2410_RS02080	RPHASCH2410_CH02150	RPHASCH2410_CH02150	FALSE
site	TAmCymwwwmgtrgTR	ECK120001481	NarP	narP	b2193	RPHASCH2410_RS31630	RPHASCH2410_PA01320	NA	NA	NA	RPHASCH2410_RS02085	RPHASCH2410_CH02155	gatB	FALSE
site	AcGCAAWCGTTTWCyTT	ECK120000791	PurR	purR	b1658	RPHASCH2410_RS11730	RPHASCH2410_CH12005	NA	NA	NA	RPHASCH2410_RS02130	RPHASCH2410_CH02200	aroQ	FALSE
site	ATTAhTkAtwWAAAT	ECK120003471	SlyA	slyA	b1642	RPHASCH2410_RS15855	RPHASCH2410_CH16260	NA	NA	NA	RPHASCH2410_RS02170	RPHASCH2410_CH02240	RPHASCH2410_CH02240	FALSE
site	ayGTTAyccgTAAcATwwsmAw	ECK120002342	GntR	gntR	b3438	RPHASCH2410_RS25610	RPHASCH2410_PD00565	ECK120003480	gloA	b1651	RPHASCH2410_RS02200	RPHASCH2410_CH02270	gloA	FALSE
site	ayGTTAyccgTAAcATwwsmAw	ECK120002342	GntR	gntR	b3438	RPHASCH2410_RS25610	RPHASCH2410_PD00565	NA	NA	NA	RPHASCH2410_RS02205	RPHASCH2410_CH02275	cspA3	FALSE
site	TAmCymwwwmgtrgTR	ECK120001481	NarP	narP	b2193	RPHASCH2410_RS31630	RPHASCH2410_PA01320	NA	NA	NA	RPHASCH2410_RS02245	RPHASCH2410_CH02315	RPHASCH2410_CH02315	FALSE
site	WAarTkkAAWAwATWWTgAmCA	ECK120002286	PuuR	puuR	b1299	RPHASCH2410_RS28340	RPHASCH2410_PD03330	NA	NA	NA	RPHASCH2410_RS02245	RPHASCH2410_CH02315	RPHASCH2410_CH02315	FALSE
site	TAmCymwwwmgtrgTR	ECK120001481	NarP	narP	b2193	RPHASCH2410_RS31630	RPHASCH2410_PA01320	NA	NA	NA	RPHASCH2410_RS02250	RPHASCH2410_CH02320	RPHASCH2410_CH02320	FALSE
site	WAarTkkAAWAwATWWTgAmCA	ECK120002286	PuuR	puuR	b1299	RPHASCH2410_RS28340	RPHASCH2410_PD03330	NA	NA	NA	RPHASCH2410_RS02250	RPHASCH2410_CH02320	RPHASCH2410_CH02320	FALSE
site	WAarTkkAAWAwATWWTgAmCA	ECK120002286	PuuR	puuR	b1299	RPHASCH2410_RS28340	RPHASCH2410_PD03330	NA	NA	NA	RPHASCH2410_RS02335	RPHASCH2410_CH02410	clpS1	FALSE
site	cacygTTaATT	ECK120002359	Dan	dan	b3060	RPHASCH2410_RS10745	RPHASCH2410_CH10995	NA	NA	NA	RPHASCH2410_RS02425	RPHASCH2410_CH02500	omp1	FALSE
site	ttgACcrwtTrGTCmAcktt	ECK120002180	RutR	rutR	b1013	RPHASCH2410_RS15505	RPHASCH2410_CH15905	NA	NA	NA	RPHASCH2410_RS02455	RPHASCH2410_CH02530	gltA1	FALSE
site	mAyhkyTwrCAwwwawdhawTdm	ECK120000194	CytR	cytR	b3934	RPHASCH2410_RS04060	RPHASCH2410_CH04180	NA	NA	NA	RPHASCH2410_RS02490	RPHASCH2410_CH02565	pdhA1	FALSE
site	TAmCymwwwmgtrgTR	ECK120001481	NarP	narP	b2193	RPHASCH2410_RS31630	RPHASCH2410_PA01320	NA	NA	NA	RPHASCH2410_RS32300	RPHASCH2410_CH02645	RPHASCH2410_CH02645	FALSE
site	mAyhkyTwrCAwwwawdhawTdm	ECK120000194	CytR	cytR	b3934	RPHASCH2410_RS04060	RPHASCH2410_CH04180	NA	NA	NA	RPHASCH2410_RS02580	RPHASCH2410_CH02650	RPHASCH2410_CH02650	FALSE
site	TAmCymwwwmgtrgTR	ECK120001481	NarP	narP	b2193	RPHASCH2410_RS31630	RPHASCH2410_PA01320	NA	NA	NA	RPHASCH2410_RS02580	RPHASCH2410_CH02650	RPHASCH2410_CH02650	FALSE
site	tkAhAwwwwCTwATggyw	ECK120001729	GcvA	gcvA	b2808	RPHASCH2410_RS14950	RPHASCH2410_CH15335	NA	NA	NA	RPHASCH2410_RS02635	RPHASCH2410_CH02705	RPHASCH2410_CH02705	FALSE
site	tkAhAwwwwCTwATggyw	ECK120001729	GcvA	gcvA	b2808	RPHASCH2410_RS14950	RPHASCH2410_CH15335	NA	NA	NA	RPHASCH2410_RS02640	RPHASCH2410_CH02710	glyA1	FALSE
site	kwwTwTTwTycTk	ECK120000540	Lrp	lrp	b0889	RPHASCH2410_RS28065	RPHASCH2410_PD03050	NA	NA	NA	RPHASCH2410_RS32305	RPHASCH2410_CH02805	RPHASCH2410_CH02805	FALSE
site	mAyhkyTwrCAwwwawdhawTdm	ECK120000194	CytR	cytR	b3934	RPHASCH2410_RS04060	RPHASCH2410_CH04180	NA	NA	NA	RPHASCH2410_RS02730	RPHASCH2410_CH02810	RPHASCH2410_CH02810	FALSE
site	TAmCymwwwmgtrgTR	ECK120001481	NarP	narP	b2193	RPHASCH2410_RS31630	RPHASCH2410_PA01320	NA	NA	NA	RPHASCH2410_RS02730	RPHASCH2410_CH02810	RPHASCH2410_CH02810	FALSE
site	rwkwdTGdaAryrdTTWC	ECK120000357	GalR	galR	b2837	RPHASCH2410_RS09860	RPHASCH2410_CH10080	NA	NA	NA	NA	RPHASCH2410_CH02850	RPHASCH2410_CH02850	FALSE
site	rwkwdTGdaAryrdTTWC	ECK120000357	GalR	galR	b2837	RPHASCH2410_RS09860	RPHASCH2410_CH10080	NA	NA	NA	RPHASCH2410_RS02770	RPHASCH2410_CH02855	RPHASCH2410_CH02855	FALSE
site	AcGCAAWCGTTTWCyTT	ECK120000791	PurR	purR	b1658	RPHASCH2410_RS11730	RPHASCH2410_CH12005	NA	NA	NA	RPHASCH2410_RS02965	RPHASCH2410_CH03055	qor	FALSE
site	ATTAhTkAtwWAAAT	ECK120003471	SlyA	slyA	b1642	RPHASCH2410_RS15855	RPHASCH2410_CH16260	NA	NA	NA	RPHASCH2410_RS02990	RPHASCH2410_CH03080	RPHASCH2410_CH03080	FALSE
site	WAarTkkAAWAwATWWTgAmCA	ECK120002286	PuuR	puuR	b1299	RPHASCH2410_RS28340	RPHASCH2410_PD03330	NA	NA	NA	RPHASCH2410_RS03105	RPHASCH2410_CH03195	uvrA	FALSE
site	WAarTkkAAWAwATWWTgAmCA	ECK120002286	PuuR	puuR	b1299	RPHASCH2410_RS28340	RPHASCH2410_PD03330	NA	NA	NA	RPHASCH2410_RS03110	RPHASCH2410_CH03200	ssb	FALSE
site	ttgACcrwtTrGTCmAcktt	ECK120002180	RutR	rutR	b1013	RPHASCH2410_RS15505	RPHASCH2410_CH15905	NA	NA	NA	RPHASCH2410_RS03115	RPHASCH2410_CH03205	RPHASCH2410_CH03205	FALSE
site	kwwTwTTwTycTk	ECK120000540	Lrp	lrp	b0889	RPHASCH2410_RS28065	RPHASCH2410_PD03050	NA	NA	NA	RPHASCH2410_RS03130	RPHASCH2410_CH03230	coaD	FALSE
site	ATTAhTkAtwWAAAT	ECK120003471	SlyA	slyA	b1642	RPHASCH2410_RS15855	RPHASCH2410_CH16260	NA	NA	NA	RPHASCH2410_RS03255	RPHASCH2410_CH03360	RPHASCH2410_CH03360	FALSE
site	ATTAhTkAtwWAAAT	ECK120003471	SlyA	slyA	b1642	RPHASCH2410_RS15855	RPHASCH2410_CH16260	NA	NA	NA	RPHASCH2410_RS03260	RPHASCH2410_CH03365	RPHASCH2410_CH03365	FALSE
site	mAyhkyTwrCAwwwawdhawTdm	ECK120000194	CytR	cytR	b3934	RPHASCH2410_RS04060	RPHASCH2410_CH04180	NA	NA	NA	RPHASCH2410_RS03300	RPHASCH2410_CH03405	RPHASCH2410_CH03405	FALSE
site	mAyhkyTwrCAwwwawdhawTdm	ECK120000194	CytR	cytR	b3934	RPHASCH2410_RS04060	RPHASCH2410_CH04180	NA	NA	NA	RPHASCH2410_RS03305	RPHASCH2410_CH03410	speB2	FALSE
site	ttgACcrwtTrGTCmAcktt	ECK120002180	RutR	rutR	b1013	RPHASCH2410_RS15505	RPHASCH2410_CH15905	NA	NA	NA	RPHASCH2410_RS03305	RPHASCH2410_CH03410	speB2	FALSE
site	twyGtyahgttarctktdkg	ECK120000946	SoxR	soxR	b4063	RPHASCH2410_RS05245	RPHASCH2410_CH05360	NA	NA	NA	RPHASCH2410_RS03345	RPHASCH2410_CH03450	RPHASCH2410_CH03450	FALSE
site	dwtGCACcATTtTggkGCAm	ECK120000378	NtrC	ntrC	b3868	RPHASCH2410_RS02570	RPHASCH2410_CH02640	NA	NA	NA	RPHASCH2410_RS03355	RPHASCH2410_CH03460	RPHASCH2410_CH03460	FALSE
site	dwtGCACcATTtTggkGCAm	ECK120000378	NtrC	ntrC	b3868	RPHASCH2410_RS02570	RPHASCH2410_CH02640	NA	NA	NA	RPHASCH2410_RS03360	RPHASCH2410_CH03465	RPHASCH2410_CH03465	FALSE
site	dwtGCACcATTtTggkGCAm	ECK120000378	NtrC	ntrC	b3868	RPHASCH2410_RS02570	RPHASCH2410_CH02640	NA	NA	NA	RPHASCH2410_RS03425	RPHASCH2410_CH03535	rlpA	FALSE
site	TAmCymwwwmgtrgTR	ECK120001481	NarP	narP	b2193	RPHASCH2410_RS31630	RPHASCH2410_PA01320	NA	NA	NA	RPHASCH2410_RS03440	RPHASCH2410_CH03550	RPHASCH2410_CH03550	FALSE
site	TAmCymwwwmgtrgTR	ECK120001481	NarP	narP	b2193	RPHASCH2410_RS31630	RPHASCH2410_PA01320	NA	NA	NA	RPHASCH2410_RS03445	RPHASCH2410_CH03555	RPHASCH2410_CH03555	FALSE
site	ATTTtytkWyATkgtkmaT	ECK120000483	ArgP	argP	b2916	RPHASCH2410_RS19540	RPHASCH2410_CH20050	NA	NA	NA	RPHASCH2410_RS03475	RPHASCH2410_CH03585	RPHASCH2410_CH03585	FALSE
site	ayGTTAyccgTAAcATwwsmAw	ECK120002342	GntR	gntR	b3438	RPHASCH2410_RS25610	RPHASCH2410_PD00565	NA	NA	NA	RPHASCH2410_RS03475	RPHASCH2410_CH03585	RPHASCH2410_CH03585	FALSE
site	TAmCymwwwmgtrgTR	ECK120001481	NarP	narP	b2193	RPHASCH2410_RS31630	RPHASCH2410_PA01320	NA	NA	NA	RPHASCH2410_RS03475	RPHASCH2410_CH03585	RPHASCH2410_CH03585	FALSE
site	twyGtyahgttarctktdkg	ECK120000946	SoxR	soxR	b4063	RPHASCH2410_RS05245	RPHASCH2410_CH05360	NA	NA	NA	RPHASCH2410_RS03475	RPHASCH2410_CH03585	RPHASCH2410_CH03585	FALSE
site	WGATTakWWWTGAwwWWWhrWGW	ECK120004350	UlaR	ulaR	b4191	RPHASCH2410_RS21345	RPHASCH2410_PB00140	NA	NA	NA	RPHASCH2410_RS03475	RPHASCH2410_CH03585	RPHASCH2410_CH03585	FALSE
site	ATTTtytkWyATkgtkmaT	ECK120000483	ArgP	argP	b2916	RPHASCH2410_RS19540	RPHASCH2410_CH20050	NA	NA	NA	RPHASCH2410_RS03480	RPHASCH2410_CH03590	RPHASCH2410_CH03590	FALSE
site	ayGTTAyccgTAAcATwwsmAw	ECK120002342	GntR	gntR	b3438	RPHASCH2410_RS25610	RPHASCH2410_PD00565	NA	NA	NA	RPHASCH2410_RS03480	RPHASCH2410_CH03590	RPHASCH2410_CH03590	FALSE
site	TAmCymwwwmgtrgTR	ECK120001481	NarP	narP	b2193	RPHASCH2410_RS31630	RPHASCH2410_PA01320	NA	NA	NA	RPHASCH2410_RS03480	RPHASCH2410_CH03590	RPHASCH2410_CH03590	FALSE
site	WGATTakWWWTGAwwWWWhrWGW	ECK120004350	UlaR	ulaR	b4191	RPHASCH2410_RS21345	RPHASCH2410_PB00140	NA	NA	NA	RPHASCH2410_RS03480	RPHASCH2410_CH03590	RPHASCH2410_CH03590	FALSE
site	tkAhAwwwwCTwATggyw	ECK120001729	GcvA	gcvA	b2808	RPHASCH2410_RS14950	RPHASCH2410_CH15335	NA	NA	NA	RPHASCH2410_RS03555	RPHASCH2410_CH03665	tpiA	FALSE
site	mAyhkyTwrCAwwwawdhawTdm	ECK120000194	CytR	cytR	b3934	RPHASCH2410_RS04060	RPHASCH2410_CH04180	NA	NA	NA	RPHASCH2410_RS03595	RPHASCH2410_CH03700	exoN	FALSE
site	mAyhkyTwrCAwwwawdhawTdm	ECK120000194	CytR	cytR	b3934	RPHASCH2410_RS04060	RPHASCH2410_CH04180	NA	NA	NA	RPHASCH2410_RS03600	RPHASCH2410_CH03705	RPHASCH2410_CH03705	FALSE
site	kwwTwTTwTycTk	ECK120000540	Lrp	lrp	b0889	RPHASCH2410_RS28065	RPHASCH2410_PD03050	NA	NA	NA	RPHASCH2410_RS03855	RPHASCH2410_CH03975	RPHASCH2410_CH03975	FALSE
site	ayGTTAyccgTAAcATwwsmAw	ECK120002342	GntR	gntR	b3438	RPHASCH2410_RS25610	RPHASCH2410_PD00565	NA	NA	NA	RPHASCH2410_RS03885	RPHASCH2410_CH04005	RPHASCH2410_CH04005	FALSE
site	rwkwdTGdaAryrdTTWC	ECK120000357	GalR	galR	b2837	RPHASCH2410_RS09860	RPHASCH2410_CH10080	NA	NA	NA	RPHASCH2410_RS03890	RPHASCH2410_CH04010	RPHASCH2410_CH04010	FALSE
site	rwkwdTGdaAryrdTTWC	ECK120000357	GalR	galR	b2837	RPHASCH2410_RS09860	RPHASCH2410_CH10080	NA	NA	NA	RPHASCH2410_RS03895	RPHASCH2410_CH04015	RPHASCH2410_CH04015	FALSE
site	WGATTakWWWTGAwwWWWhrWGW	ECK120004350	UlaR	ulaR	b4191	RPHASCH2410_RS21345	RPHASCH2410_PB00140	NA	NA	NA	RPHASCH2410_RS04050	RPHASCH2410_CH04170	RPHASCH2410_CH04170	FALSE
site	rwkwdTGdaAryrdTTWC	ECK120000357	GalR	galR	b2837	RPHASCH2410_RS09860	RPHASCH2410_CH10080	NA	NA	NA	RPHASCH2410_RS04055	RPHASCH2410_CH04175	RPHASCH2410_CH04175	FALSE
site	rwkwdTGdaAryrdTTWC	ECK120000357	GalR	galR	b2837	RPHASCH2410_RS09860	RPHASCH2410_CH10080	ECK120000194	cytR	b3934	RPHASCH2410_RS04060	RPHASCH2410_CH04180	RPHASCH2410_CH04180	FALSE
site	tkAhAwwwwCTwATggyw	ECK120001729	GcvA	gcvA	b2808	RPHASCH2410_RS14950	RPHASCH2410_CH15335	NA	NA	NA	RPHASCH2410_RS04205	RPHASCH2410_CH04330	RPHASCH2410_CH04330	FALSE
site	tkAhAwwwwCTwATggyw	ECK120001729	GcvA	gcvA	b2808	RPHASCH2410_RS14950	RPHASCH2410_CH15335	NA	NA	NA	RPHASCH2410_RS04210	RPHASCH2410_CH04335	RPHASCH2410_CH04335	FALSE
site	ayGTTAyccgTAAcATwwsmAw	ECK120002342	GntR	gntR	b3438	RPHASCH2410_RS25610	RPHASCH2410_PD00565	NA	NA	NA	RPHASCH2410_RS04280	RPHASCH2410_CH04405	RPHASCH2410_CH04405	FALSE
site	WGATTakWWWTGAwwWWWhrWGW	ECK120004350	UlaR	ulaR	b4191	RPHASCH2410_RS21345	RPHASCH2410_PB00140	NA	NA	NA	RPHASCH2410_RS04310	RPHASCH2410_CH04435	RPHASCH2410_CH04435	FALSE
site	WGATTakWWWTGAwwWWWhrWGW	ECK120004350	UlaR	ulaR	b4191	RPHASCH2410_RS21345	RPHASCH2410_PB00140	NA	NA	NA	RPHASCH2410_RS04315	RPHASCH2410_CH04440	RPHASCH2410_CH04440	FALSE
site	ATTTtytkWyATkgtkmaT	ECK120000483	ArgP	argP	b2916	RPHASCH2410_RS19540	RPHASCH2410_CH20050	NA	NA	NA	RPHASCH2410_RS04505	RPHASCH2410_CH04635	RPHASCH2410_CH04635	FALSE
site	ayGTTAyccgTAAcATwwsmAw	ECK120002342	GntR	gntR	b3438	RPHASCH2410_RS25610	RPHASCH2410_PD00565	NA	NA	NA	RPHASCH2410_RS04505	RPHASCH2410_CH04635	RPHASCH2410_CH04635	FALSE
site	kwwTwTTwTycTk	ECK120000540	Lrp	lrp	b0889	RPHASCH2410_RS28065	RPHASCH2410_PD03050	NA	NA	NA	RPHASCH2410_RS04505	RPHASCH2410_CH04635	RPHASCH2410_CH04635	FALSE
site	WGATTakWWWTGAwwWWWhrWGW	ECK120004350	UlaR	ulaR	b4191	RPHASCH2410_RS21345	RPHASCH2410_PB00140	NA	NA	NA	RPHASCH2410_RS04510	RPHASCH2410_CH04640	RPHASCH2410_CH04640	FALSE
site	WGATTakWWWTGAwwWWWhrWGW	ECK120004350	UlaR	ulaR	b4191	RPHASCH2410_RS21345	RPHASCH2410_PB00140	NA	NA	NA	RPHASCH2410_RS04520	RPHASCH2410_CH04650	RPHASCH2410_CH04650	FALSE
site	kwwTwTTwTycTk	ECK120000540	Lrp	lrp	b0889	RPHASCH2410_RS28065	RPHASCH2410_PD03050	NA	NA	NA	RPHASCH2410_RS04905	RPHASCH2410_CH05035	RPHASCH2410_CH05035	FALSE
site	AcGCAAWCGTTTWCyTT	ECK120000791	PurR	purR	b1658	RPHASCH2410_RS11730	RPHASCH2410_CH12005	NA	NA	NA	RPHASCH2410_RS04930	RPHASCH2410_CH05060	dnaJ3	FALSE
site	rdtTTrryrwWwygTGCbrTwwk	ECK120001334	Rob	rob	b4396	RPHASCH2410_RS04095	RPHASCH2410_CH04215	NA	NA	NA	RPHASCH2410_RS04985	RPHASCH2410_CH05110	dacF3	FALSE
site	rdtTTrryrwWwygTGCbrTwwk	ECK120001334	Rob	rob	b4396	RPHASCH2410_RS04095	RPHASCH2410_CH04215	NA	NA	NA	RPHASCH2410_RS04990	RPHASCH2410_CH05115	RPHASCH2410_CH05115	FALSE
site	ttgACcrwtTrGTCmAcktt	ECK120002180	RutR	rutR	b1013	RPHASCH2410_RS15505	RPHASCH2410_CH15905	NA	NA	NA	RPHASCH2410_RS05090	RPHASCH2410_CH05215	RPHASCH2410_CH05215	FALSE
site	twyGtyahgttarctktdkg	ECK120000946	SoxR	soxR	b4063	RPHASCH2410_RS05245	RPHASCH2410_CH05360	NA	NA	NA	RPHASCH2410_RS05175	RPHASCH2410_CH05295	RPHASCH2410_CH05295	FALSE
site	twyGtyahgttarctktdkg	ECK120000946	SoxR	soxR	b4063	RPHASCH2410_RS05245	RPHASCH2410_CH05360	NA	NA	NA	RPHASCH2410_RS05180	RPHASCH2410_CH05300	argI	FALSE
site	kwwTwTTwTycTk	ECK120000540	Lrp	lrp	b0889	RPHASCH2410_RS28065	RPHASCH2410_PD03050	NA	NA	NA	RPHASCH2410_RS05255	RPHASCH2410_CH05365	RPHASCH2410_CH05365	FALSE
site	WGATTakWWWTGAwwWWWhrWGW	ECK120004350	UlaR	ulaR	b4191	RPHASCH2410_RS21345	RPHASCH2410_PB00140	NA	NA	NA	RPHASCH2410_RS05415	RPHASCH2410_CH05520	omp2	FALSE
site	ATTAhTkAtwWAAAT	ECK120003471	SlyA	slyA	b1642	RPHASCH2410_RS15855	RPHASCH2410_CH16260	NA	NA	NA	RPHASCH2410_RS05460	RPHASCH2410_CH05560	RPHASCH2410_CH05560	FALSE
site	WAarTkkAAWAwATWWTgAmCA	ECK120002286	PuuR	puuR	b1299	RPHASCH2410_RS28340	RPHASCH2410_PD03330	NA	NA	NA	RPHASCH2410_RS05730	RPHASCH2410_CH05830	RPHASCH2410_CH05830	FALSE
site	WAarTkkAAWAwATWWTgAmCA	ECK120002286	PuuR	puuR	b1299	RPHASCH2410_RS28340	RPHASCH2410_PD03330	NA	NA	NA	RPHASCH2410_RS05735	RPHASCH2410_CH05835	ffh	FALSE
site	ATTAhTkAtwWAAAT	ECK120003471	SlyA	slyA	b1642	RPHASCH2410_RS15855	RPHASCH2410_CH16260	NA	NA	NA	RPHASCH2410_RS05835	RPHASCH2410_CH05935	tesB	FALSE
site	ATTAhTkAtwWAAAT	ECK120003471	SlyA	slyA	b1642	RPHASCH2410_RS15855	RPHASCH2410_CH16260	NA	NA	NA	RPHASCH2410_RS05840	RPHASCH2410_CH05940	RPHASCH2410_CH05940	FALSE
site	WAarTkkAAWAwATWWTgAmCA	ECK120002286	PuuR	puuR	b1299	RPHASCH2410_RS28340	RPHASCH2410_PD03330	NA	NA	NA	RPHASCH2410_RS05875	RPHASCH2410_CH05975	RPHASCH2410_CH05975	FALSE
site	WAarTkkAAWAwATWWTgAmCA	ECK120002286	PuuR	puuR	b1299	RPHASCH2410_RS28340	RPHASCH2410_PD03330	NA	NA	NA	RPHASCH2410_RS05880	RPHASCH2410_CH05980	RPHASCH2410_CH05980	FALSE
site	WAarTkkAAWAwATWWTgAmCA	ECK120002286	PuuR	puuR	b1299	RPHASCH2410_RS28340	RPHASCH2410_PD03330	NA	NA	NA	RPHASCH2410_RS05905	RPHASCH2410_CH06005	RPHASCH2410_CH06005	FALSE
site	WAarTkkAAWAwATWWTgAmCA	ECK120002286	PuuR	puuR	b1299	RPHASCH2410_RS28340	RPHASCH2410_PD03330	ECK120000586	mglB	b2150	RPHASCH2410_RS05910	RPHASCH2410_CH06010	mocB1	FALSE
site	twyGtyahgttarctktdkg	ECK120000946	SoxR	soxR	b4063	RPHASCH2410_RS05245	RPHASCH2410_CH05360	NA	NA	NA	RPHASCH2410_RS34555	RPHASCH2410_CH06060	RPHASCH2410_CH06060	FALSE
site	ATTAhTkAtwWAAAT	ECK120003471	SlyA	slyA	b1642	RPHASCH2410_RS15855	RPHASCH2410_CH16260	NA	NA	NA	RPHASCH2410_RS05990	RPHASCH2410_CH06100	RPHASCH2410_CH06100	FALSE
site	mAyhkyTwrCAwwwawdhawTdm	ECK120000194	CytR	cytR	b3934	RPHASCH2410_RS04060	RPHASCH2410_CH04180	NA	NA	NA	RPHASCH2410_RS05990	RPHASCH2410_CH06100	RPHASCH2410_CH06100	FALSE
site	rwkwdTGdaAryrdTTWC	ECK120000357	GalR	galR	b2837	RPHASCH2410_RS09860	RPHASCH2410_CH10080	NA	NA	NA	RPHASCH2410_RS06000	RPHASCH2410_CH06110	RPHASCH2410_CH06110	FALSE
site	WAarTkkAAWAwATWWTgAmCA	ECK120002286	PuuR	puuR	b1299	RPHASCH2410_RS28340	RPHASCH2410_PD03330	NA	NA	NA	RPHASCH2410_RS06015	RPHASCH2410_CH06125	RPHASCH2410_CH06125	FALSE
site	kwwTwTTwTycTk	ECK120000540	Lrp	lrp	b0889	RPHASCH2410_RS28065	RPHASCH2410_PD03050	NA	NA	NA	RPHASCH2410_RS06285	RPHASCH2410_CH06400	sfuA	FALSE
site	mAyhkyTwrCAwwwawdhawTdm	ECK120000194	CytR	cytR	b3934	RPHASCH2410_RS04060	RPHASCH2410_CH04180	NA	NA	NA	RPHASCH2410_RS06300	RPHASCH2410_CH06415	RPHASCH2410_CH06415	FALSE
site	twyGtyahgttarctktdkg	ECK120000946	SoxR	soxR	b4063	RPHASCH2410_RS05245	RPHASCH2410_CH05360	NA	NA	NA	RPHASCH2410_RS06525	RPHASCH2410_CH06645	RPHASCH2410_CH06645	FALSE
site	TAmCymwwwmgtrgTR	ECK120001481	NarP	narP	b2193	RPHASCH2410_RS31630	RPHASCH2410_PA01320	NA	NA	NA	RPHASCH2410_RS06575	RPHASCH2410_CH06695	htpX	FALSE
site	TAmCymwwwmgtrgTR	ECK120001481	NarP	narP	b2193	RPHASCH2410_RS31630	RPHASCH2410_PA01320	NA	NA	NA	RPHASCH2410_RS06580	RPHASCH2410_CH06700	RPHASCH2410_CH06700	FALSE
site	twyGtyahgttarctktdkg	ECK120000946	SoxR	soxR	b4063	RPHASCH2410_RS05245	RPHASCH2410_CH05360	NA	NA	NA	RPHASCH2410_RS06745	RPHASCH2410_CH06870	RPHASCH2410_CH06870	FALSE
site	WAarTkkAAWAwATWWTgAmCA	ECK120002286	PuuR	puuR	b1299	RPHASCH2410_RS28340	RPHASCH2410_PD03330	NA	NA	NA	RPHASCH2410_RS06840	RPHASCH2410_CH06965	chvI	FALSE
site	ATTAhTkAtwWAAAT	ECK120003471	SlyA	slyA	b1642	RPHASCH2410_RS15855	RPHASCH2410_CH16260	NA	NA	NA	RPHASCH2410_RS06990	RPHASCH2410_CH07120	RPHASCH2410_CH07120	FALSE
site	twyGtyahgttarctktdkg	ECK120000946	SoxR	soxR	b4063	RPHASCH2410_RS05245	RPHASCH2410_CH05360	NA	NA	NA	RPHASCH2410_RS06990	RPHASCH2410_CH07120	RPHASCH2410_CH07120	FALSE
site	ATTAhTkAtwWAAAT	ECK120003471	SlyA	slyA	b1642	RPHASCH2410_RS15855	RPHASCH2410_CH16260	NA	NA	NA	RPHASCH2410_RS06995	RPHASCH2410_CH07125	RPHASCH2410_CH07125	FALSE
site	tkAhAwwwwCTwATggyw	ECK120001729	GcvA	gcvA	b2808	RPHASCH2410_RS14950	RPHASCH2410_CH15335	NA	NA	NA	RPHASCH2410_RS06995	RPHASCH2410_CH07125	RPHASCH2410_CH07125	FALSE
site	twyGtyahgttarctktdkg	ECK120000946	SoxR	soxR	b4063	RPHASCH2410_RS05245	RPHASCH2410_CH05360	NA	NA	NA	RPHASCH2410_RS06995	RPHASCH2410_CH07125	RPHASCH2410_CH07125	FALSE
site	mAyhkyTwrCAwwwawdhawTdm	ECK120000194	CytR	cytR	b3934	RPHASCH2410_RS04060	RPHASCH2410_CH04180	NA	NA	NA	RPHASCH2410_RS07030	RPHASCH2410_CH07160	RPHASCH2410_CH07160	FALSE
site	mAyhkyTwrCAwwwawdhawTdm	ECK120000194	CytR	cytR	b3934	RPHASCH2410_RS04060	RPHASCH2410_CH04180	NA	NA	NA	RPHASCH2410_RS07035	RPHASCH2410_CH07165	RPHASCH2410_CH07165	FALSE
site	TAmCymwwwmgtrgTR	ECK120001481	NarP	narP	b2193	RPHASCH2410_RS31630	RPHASCH2410_PA01320	NA	NA	NA	RPHASCH2410_RS07320	RPHASCH2410_CH07445	RPHASCH2410_CH07445	FALSE
site	TAmCymwwwmgtrgTR	ECK120001481	NarP	narP	b2193	RPHASCH2410_RS31630	RPHASCH2410_PA01320	NA	NA	NA	RPHASCH2410_RS07325	RPHASCH2410_CH07450	RPHASCH2410_CH07450	FALSE
site	ttgACcrwtTrGTCmAcktt	ECK120002180	RutR	rutR	b1013	RPHASCH2410_RS15505	RPHASCH2410_CH15905	NA	NA	NA	RPHASCH2410_RS07370	RPHASCH2410_CH07495	irr	FALSE
site	ttgACcrwtTrGTCmAcktt	ECK120002180	RutR	rutR	b1013	RPHASCH2410_RS15505	RPHASCH2410_CH15905	NA	NA	NA	RPHASCH2410_RS07375	RPHASCH2410_CH07500	fabA	FALSE
site	WAarTkkAAWAwATWWTgAmCA	ECK120002286	PuuR	puuR	b1299	RPHASCH2410_RS28340	RPHASCH2410_PD03330	NA	NA	NA	RPHASCH2410_RS07415	RPHASCH2410_CH07545	rbfA	FALSE
site	AcGCAAWCGTTTWCyTT	ECK120000791	PurR	purR	b1658	RPHASCH2410_RS11730	RPHASCH2410_CH12005	NA	NA	NA	RPHASCH2410_RS07555	RPHASCH2410_CH07685	RPHASCH2410_CH07685	FALSE
site	WAarTkkAAWAwATWWTgAmCA	ECK120002286	PuuR	puuR	b1299	RPHASCH2410_RS28340	RPHASCH2410_PD03330	NA	NA	NA	RPHASCH2410_RS07580	RPHASCH2410_CH07710	RPHASCH2410_CH07710	FALSE
site	ATTTtytkWyATkgtkmaT	ECK120000483	ArgP	argP	b2916	RPHASCH2410_RS19540	RPHASCH2410_CH20050	NA	NA	NA	RPHASCH2410_RS07590	RPHASCH2410_CH07720	RPHASCH2410_CH07720	FALSE
site	ATTTtytkWyATkgtkmaT	ECK120000483	ArgP	argP	b2916	RPHASCH2410_RS19540	RPHASCH2410_CH20050	NA	NA	NA	RPHASCH2410_RS07595	RPHASCH2410_CH07725	RPHASCH2410_CH07725	FALSE
site	rwkwdTGdaAryrdTTWC	ECK120000357	GalR	galR	b2837	RPHASCH2410_RS09860	RPHASCH2410_CH10080	ECK120000214	deoB	b4383	RPHASCH2410_RS07870	RPHASCH2410_CH08005	deoB	FALSE
site	ATTTtytkWyATkgtkmaT	ECK120000483	ArgP	argP	b2916	RPHASCH2410_RS19540	RPHASCH2410_CH20050	NA	NA	NA	RPHASCH2410_RS08145	RPHASCH2410_CH08285	pheS	FALSE
site	TAmCymwwwmgtrgTR	ECK120001481	NarP	narP	b2193	RPHASCH2410_RS31630	RPHASCH2410_PA01320	NA	NA	NA	NA	RPHASCH2410_CH08510	RPHASCH2410_CH08510	FALSE
site	WAarTkkAAWAwATWWTgAmCA	ECK120002286	PuuR	puuR	b1299	RPHASCH2410_RS28340	RPHASCH2410_PD03330	NA	NA	NA	RPHASCH2410_RS08390	RPHASCH2410_CH08545	RPHASCH2410_CH08545	FALSE
site	kwwTwTTwTycTk	ECK120000540	Lrp	lrp	b0889	RPHASCH2410_RS28065	RPHASCH2410_PD03050	NA	NA	NA	RPHASCH2410_RS08460	RPHASCH2410_CH08620	RPHASCH2410_CH08620	FALSE
site	TAmCymwwwmgtrgTR	ECK120001481	NarP	narP	b2193	RPHASCH2410_RS31630	RPHASCH2410_PA01320	NA	NA	NA	RPHASCH2410_RS08460	RPHASCH2410_CH08620	RPHASCH2410_CH08620	FALSE
site	kwwTwTTwTycTk	ECK120000540	Lrp	lrp	b0889	RPHASCH2410_RS28065	RPHASCH2410_PD03050	NA	NA	NA	RPHASCH2410_RS08465	RPHASCH2410_CH08625	RPHASCH2410_CH08625	FALSE
site	TAmCymwwwmgtrgTR	ECK120001481	NarP	narP	b2193	RPHASCH2410_RS31630	RPHASCH2410_PA01320	NA	NA	NA	RPHASCH2410_RS08465	RPHASCH2410_CH08625	RPHASCH2410_CH08625	FALSE
site	ATTTtytkWyATkgtkmaT	ECK120000483	ArgP	argP	b2916	RPHASCH2410_RS19540	RPHASCH2410_CH20050	NA	NA	NA	RPHASCH2410_RS08730	RPHASCH2410_CH08895	RPHASCH2410_CH08895	FALSE
site	tkAhAwwwwCTwATggyw	ECK120001729	GcvA	gcvA	b2808	RPHASCH2410_RS14950	RPHASCH2410_CH15335	NA	NA	NA	RPHASCH2410_RS08730	RPHASCH2410_CH08895	RPHASCH2410_CH08895	FALSE
site	ATTTtytkWyATkgtkmaT	ECK120000483	ArgP	argP	b2916	RPHASCH2410_RS19540	RPHASCH2410_CH20050	NA	NA	NA	RPHASCH2410_RS08735	RPHASCH2410_CH08900	RPHASCH2410_CH08900	FALSE
site	tkAhAwwwwCTwATggyw	ECK120001729	GcvA	gcvA	b2808	RPHASCH2410_RS14950	RPHASCH2410_CH15335	NA	NA	NA	RPHASCH2410_RS08735	RPHASCH2410_CH08900	RPHASCH2410_CH08900	FALSE
site	rdtTTrryrwWwygTGCbrTwwk	ECK120001334	Rob	rob	b4396	RPHASCH2410_RS04095	RPHASCH2410_CH04215	NA	NA	NA	RPHASCH2410_RS08835	RPHASCH2410_CH09000	rpoN	FALSE
site	ATTTtytkWyATkgtkmaT	ECK120000483	ArgP	argP	b2916	RPHASCH2410_RS19540	RPHASCH2410_CH20050	NA	NA	NA	RPHASCH2410_RS09180	RPHASCH2410_CH09365	RPHASCH2410_CH09365	FALSE
site	ayGTTAyccgTAAcATwwsmAw	ECK120002342	GntR	gntR	b3438	RPHASCH2410_RS25610	RPHASCH2410_PD00565	NA	NA	NA	RPHASCH2410_RS09180	RPHASCH2410_CH09365	RPHASCH2410_CH09365	FALSE
site	ttgACcrwtTrGTCmAcktt	ECK120002180	RutR	rutR	b1013	RPHASCH2410_RS15505	RPHASCH2410_CH15905	NA	NA	NA	RPHASCH2410_RS09215	RPHASCH2410_CH09400	pgi	FALSE
site	twyGtyahgttarctktdkg	ECK120000946	SoxR	soxR	b4063	RPHASCH2410_RS05245	RPHASCH2410_CH05360	NA	NA	NA	RPHASCH2410_RS09220	RPHASCH2410_CH09405	fadD	FALSE
site	twyGtyahgttarctktdkg	ECK120000946	SoxR	soxR	b4063	RPHASCH2410_RS05245	RPHASCH2410_CH05360	NA	NA	NA	RPHASCH2410_RS09225	RPHASCH2410_CH09410	RPHASCH2410_CH09410	FALSE
site	ATTAhTkAtwWAAAT	ECK120003471	SlyA	slyA	b1642	RPHASCH2410_RS15855	RPHASCH2410_CH16260	NA	NA	NA	RPHASCH2410_RS09285	RPHASCH2410_CH09475	RPHASCH2410_CH09475	FALSE
site	ayGTTAyccgTAAcATwwsmAw	ECK120002342	GntR	gntR	b3438	RPHASCH2410_RS25610	RPHASCH2410_PD00565	NA	NA	NA	RPHASCH2410_RS09415	RPHASCH2410_CH09620	apaG	FALSE
site	cacygTTaATT	ECK120002359	Dan	dan	b3060	RPHASCH2410_RS10745	RPHASCH2410_CH10995	NA	NA	NA	RPHASCH2410_RS09415	RPHASCH2410_CH09620	apaG	FALSE
site	WAarTkkAAWAwATWWTgAmCA	ECK120002286	PuuR	puuR	b1299	RPHASCH2410_RS28340	RPHASCH2410_PD03330	NA	NA	NA	RPHASCH2410_RS09415	RPHASCH2410_CH09620	apaG	FALSE
site	TAmCymwwwmgtrgTR	ECK120001481	NarP	narP	b2193	RPHASCH2410_RS31630	RPHASCH2410_PA01320	NA	NA	NA	RPHASCH2410_RS09540	RPHASCH2410_CH09755	RPHASCH2410_CH09755	FALSE
site	ATTTtytkWyATkgtkmaT	ECK120000483	ArgP	argP	b2916	RPHASCH2410_RS19540	RPHASCH2410_CH20050	NA	NA	NA	RPHASCH2410_RS09595	RPHASCH2410_CH09815	RPHASCH2410_CH09815	FALSE
site	kwwTwTTwTycTk	ECK120000540	Lrp	lrp	b0889	RPHASCH2410_RS28065	RPHASCH2410_PD03050	NA	NA	NA	RPHASCH2410_RS09970	RPHASCH2410_CH10180	RPHASCH2410_CH10180	FALSE
site	mAyhkyTwrCAwwwawdhawTdm	ECK120000194	CytR	cytR	b3934	RPHASCH2410_RS04060	RPHASCH2410_CH04180	NA	NA	NA	RPHASCH2410_RS10050	RPHASCH2410_CH10265	fliF	FALSE
site	WGATTakWWWTGAwwWWWhrWGW	ECK120004350	UlaR	ulaR	b4191	RPHASCH2410_RS21345	RPHASCH2410_PB00140	NA	NA	NA	RPHASCH2410_RS10180	RPHASCH2410_CH10400	flaC5	FALSE
site	WAarTkkAAWAwATWWTgAmCA	ECK120002286	PuuR	puuR	b1299	RPHASCH2410_RS28340	RPHASCH2410_PD03330	NA	NA	NA	RPHASCH2410_RS10305	RPHASCH2410_CH10530	aglF	FALSE
site	rwkwdTGdaAryrdTTWC	ECK120000357	GalR	galR	b2837	RPHASCH2410_RS09860	RPHASCH2410_CH10080	NA	NA	NA	RPHASCH2410_RS10705	RPHASCH2410_CH10955	RPHASCH2410_CH10955	FALSE
site	ayGTTAyccgTAAcATwwsmAw	ECK120002342	GntR	gntR	b3438	RPHASCH2410_RS25610	RPHASCH2410_PD00565	NA	NA	NA	RPHASCH2410_RS10855	RPHASCH2410_CH11110	groES1	FALSE
site	ayGTTAyccgTAAcATwwsmAw	ECK120002342	GntR	gntR	b3438	RPHASCH2410_RS25610	RPHASCH2410_PD00565	NA	NA	NA	RPHASCH2410_RS10860	RPHASCH2410_CH11115	RPHASCH2410_CH11115	FALSE
site	ttgACcrwtTrGTCmAcktt	ECK120002180	RutR	rutR	b1013	RPHASCH2410_RS15505	RPHASCH2410_CH15905	NA	NA	NA	RPHASCH2410_RS10885	RPHASCH2410_CH11140	RPHASCH2410_CH11140	FALSE
site	AcGCAAWCGTTTWCyTT	ECK120000791	PurR	purR	b1658	RPHASCH2410_RS11730	RPHASCH2410_CH12005	NA	NA	NA	RPHASCH2410_RS11130	RPHASCH2410_CH11390	glyQ	FALSE
site	WAarTkkAAWAwATWWTgAmCA	ECK120002286	PuuR	puuR	b1299	RPHASCH2410_RS28340	RPHASCH2410_PD03330	NA	NA	NA	RPHASCH2410_RS11270	RPHASCH2410_CH11530	RPHASCH2410_CH11530	FALSE
site	ATTTtytkWyATkgtkmaT	ECK120000483	ArgP	argP	b2916	RPHASCH2410_RS19540	RPHASCH2410_CH20050	NA	NA	NA	RPHASCH2410_RS11285	RPHASCH2410_CH11545	tlyA	FALSE
site	WGATTakWWWTGAwwWWWhrWGW	ECK120004350	UlaR	ulaR	b4191	RPHASCH2410_RS21345	RPHASCH2410_PB00140	NA	NA	NA	RPHASCH2410_RS11285	RPHASCH2410_CH11545	tlyA	FALSE
site	ATTTtytkWyATkgtkmaT	ECK120000483	ArgP	argP	b2916	RPHASCH2410_RS19540	RPHASCH2410_CH20050	NA	NA	NA	RPHASCH2410_RS11290	RPHASCH2410_CH11550	mcpU	FALSE
site	WGATTakWWWTGAwwWWWhrWGW	ECK120004350	UlaR	ulaR	b4191	RPHASCH2410_RS21345	RPHASCH2410_PB00140	NA	NA	NA	RPHASCH2410_RS11290	RPHASCH2410_CH11550	mcpU	FALSE
site	rdtTTrryrwWwygTGCbrTwwk	ECK120001334	Rob	rob	b4396	RPHASCH2410_RS04095	RPHASCH2410_CH04215	NA	NA	NA	RPHASCH2410_RS11295	RPHASCH2410_CH11555	dxs	FALSE
site	rdtTTrryrwWwygTGCbrTwwk	ECK120001334	Rob	rob	b4396	RPHASCH2410_RS04095	RPHASCH2410_CH04215	NA	NA	NA	RPHASCH2410_RS11300	RPHASCH2410_CH11560	RPHASCH2410_CH11560	FALSE
site	tkAhAwwwwCTwATggyw	ECK120001729	GcvA	gcvA	b2808	RPHASCH2410_RS14950	RPHASCH2410_CH15335	NA	NA	NA	RPHASCH2410_RS11380	RPHASCH2410_CH11640	ectC	FALSE
site	tkAhAwwwwCTwATggyw	ECK120001729	GcvA	gcvA	b2808	RPHASCH2410_RS14950	RPHASCH2410_CH15335	NA	NA	NA	RPHASCH2410_RS11385	RPHASCH2410_CH11645	RPHASCH2410_CH11645	FALSE
site	WAarTkkAAWAwATWWTgAmCA	ECK120002286	PuuR	puuR	b1299	RPHASCH2410_RS28340	RPHASCH2410_PD03330	NA	NA	NA	RPHASCH2410_RS11415	RPHASCH2410_CH11685	aroC	FALSE
site	WAarTkkAAWAwATWWTgAmCA	ECK120002286	PuuR	puuR	b1299	RPHASCH2410_RS28340	RPHASCH2410_PD03330	NA	NA	NA	RPHASCH2410_RS11420	RPHASCH2410_CH11690	RPHASCH2410_CH11690	FALSE
site	twyGtyahgttarctktdkg	ECK120000946	SoxR	soxR	b4063	RPHASCH2410_RS05245	RPHASCH2410_CH05360	NA	NA	NA	RPHASCH2410_RS11425	RPHASCH2410_CH11695	RPHASCH2410_CH11695	FALSE
site	WAarTkkAAWAwATWWTgAmCA	ECK120002286	PuuR	puuR	b1299	RPHASCH2410_RS28340	RPHASCH2410_PD03330	NA	NA	NA	RPHASCH2410_RS11630	RPHASCH2410_CH11910	thrC	FALSE
site	mAyhkyTwrCAwwwawdhawTdm	ECK120000194	CytR	cytR	b3934	RPHASCH2410_RS04060	RPHASCH2410_CH04180	NA	NA	NA	NA	RPHASCH2410_CH11970	RPHASCH2410_CH11970	FALSE
site	TAmCymwwwmgtrgTR	ECK120001481	NarP	narP	b2193	RPHASCH2410_RS31630	RPHASCH2410_PA01320	NA	NA	NA	NA	RPHASCH2410_CH11970	RPHASCH2410_CH11970	FALSE
site	mAyhkyTwrCAwwwawdhawTdm	ECK120000194	CytR	cytR	b3934	RPHASCH2410_RS04060	RPHASCH2410_CH04180	NA	NA	NA	RPHASCH2410_RS11700	RPHASCH2410_CH11975	ccrM	FALSE
site	TAmCymwwwmgtrgTR	ECK120001481	NarP	narP	b2193	RPHASCH2410_RS31630	RPHASCH2410_PA01320	NA	NA	NA	RPHASCH2410_RS11700	RPHASCH2410_CH11975	ccrM	FALSE
site	AcGCAAWCGTTTWCyTT	ECK120000791	PurR	purR	b1658	RPHASCH2410_RS11730	RPHASCH2410_CH12005	NA	NA	NA	RPHASCH2410_RS11725	RPHASCH2410_CH12000	RPHASCH2410_CH12000	FALSE
site	AcGCAAWCGTTTWCyTT	ECK120000791	PurR	purR	b1658	RPHASCH2410_RS11730	RPHASCH2410_CH12005	ECK120000791	purR	b1658	RPHASCH2410_RS11730	RPHASCH2410_CH12005	RPHASCH2410_CH12005	TRUE
site	kwwTwTTwTycTk	ECK120000540	Lrp	lrp	b0889	RPHASCH2410_RS28065	RPHASCH2410_PD03050	NA	NA	NA	RPHASCH2410_RS11750	RPHASCH2410_CH12025	RPHASCH2410_CH12025	FALSE
site	WAarTkkAAWAwATWWTgAmCA	ECK120002286	PuuR	puuR	b1299	RPHASCH2410_RS28340	RPHASCH2410_PD03330	NA	NA	NA	RPHASCH2410_RS11860	RPHASCH2410_CH12140	RPHASCH2410_CH12140	FALSE
site	ttgACcrwtTrGTCmAcktt	ECK120002180	RutR	rutR	b1013	RPHASCH2410_RS15505	RPHASCH2410_CH15905	NA	NA	NA	RPHASCH2410_RS11875	RPHASCH2410_CH12160	tetA	FALSE
site	cacygTTaATT	ECK120002359	Dan	dan	b3060	RPHASCH2410_RS10745	RPHASCH2410_CH10995	NA	NA	NA	RPHASCH2410_RS11975	RPHASCH2410_CH12270	RPHASCH2410_CH12270	FALSE
site	kwwTwTTwTycTk	ECK120000540	Lrp	lrp	b0889	RPHASCH2410_RS28065	RPHASCH2410_PD03050	NA	NA	NA	RPHASCH2410_RS11975	RPHASCH2410_CH12270	RPHASCH2410_CH12270	FALSE
site	twyGtyahgttarctktdkg	ECK120000946	SoxR	soxR	b4063	RPHASCH2410_RS05245	RPHASCH2410_CH05360	NA	NA	NA	RPHASCH2410_RS11975	RPHASCH2410_CH12270	RPHASCH2410_CH12270	FALSE
site	ATTTtytkWyATkgtkmaT	ECK120000483	ArgP	argP	b2916	RPHASCH2410_RS19540	RPHASCH2410_CH20050	NA	NA	NA	RPHASCH2410_RS12000	RPHASCH2410_CH12300	RPHASCH2410_CH12300	FALSE
site	ATTTtytkWyATkgtkmaT	ECK120000483	ArgP	argP	b2916	RPHASCH2410_RS19540	RPHASCH2410_CH20050	NA	NA	NA	RPHASCH2410_RS12005	RPHASCH2410_CH12305	RPHASCH2410_CH12305	FALSE
site	rdtTTrryrwWwygTGCbrTwwk	ECK120001334	Rob	rob	b4396	RPHASCH2410_RS04095	RPHASCH2410_CH04215	NA	NA	NA	RPHASCH2410_RS12005	RPHASCH2410_CH12305	RPHASCH2410_CH12305	FALSE
site	TAmCymwwwmgtrgTR	ECK120001481	NarP	narP	b2193	RPHASCH2410_RS31630	RPHASCH2410_PA01320	NA	NA	NA	RPHASCH2410_RS12005	RPHASCH2410_CH12305	RPHASCH2410_CH12305	FALSE
site	kwwTwTTwTycTk	ECK120000540	Lrp	lrp	b0889	RPHASCH2410_RS28065	RPHASCH2410_PD03050	NA	NA	NA	NA	RPHASCH2410_CH12390	RPHASCH2410_CH12390	FALSE
site	TAmCymwwwmgtrgTR	ECK120001481	NarP	narP	b2193	RPHASCH2410_RS31630	RPHASCH2410_PA01320	NA	NA	NA	RPHASCH2410_RS12200	RPHASCH2410_CH12520	RPHASCH2410_CH12520	FALSE
site	AcGCAAWCGTTTWCyTT	ECK120000791	PurR	purR	b1658	RPHASCH2410_RS11730	RPHASCH2410_CH12005	NA	NA	NA	RPHASCH2410_RS12445	RPHASCH2410_CH12770	RPHASCH2410_CH12770	FALSE
site	dwtGCACcATTtTggkGCAm	ECK120000378	NtrC	ntrC	b3868	RPHASCH2410_RS02570	RPHASCH2410_CH02640	NA	NA	NA	RPHASCH2410_RS12515	RPHASCH2410_CH12840	RPHASCH2410_CH12840	FALSE
site	twyGtyahgttarctktdkg	ECK120000946	SoxR	soxR	b4063	RPHASCH2410_RS05245	RPHASCH2410_CH05360	NA	NA	NA	RPHASCH2410_RS12520	RPHASCH2410_CH12845	RPHASCH2410_CH12845	FALSE
site	twyGtyahgttarctktdkg	ECK120000946	SoxR	soxR	b4063	RPHASCH2410_RS05245	RPHASCH2410_CH05360	NA	NA	NA	RPHASCH2410_RS12525	RPHASCH2410_CH12850	RPHASCH2410_CH12850	FALSE
site	cacygTTaATT	ECK120002359	Dan	dan	b3060	RPHASCH2410_RS10745	RPHASCH2410_CH10995	NA	NA	NA	RPHASCH2410_RS12775	RPHASCH2410_CH13110	usg	FALSE
site	cacygTTaATT	ECK120002359	Dan	dan	b3060	RPHASCH2410_RS10745	RPHASCH2410_CH10995	NA	NA	NA	RPHASCH2410_RS12780	RPHASCH2410_CH13115	groES2	FALSE
site	TAmCymwwwmgtrgTR	ECK120001481	NarP	narP	b2193	RPHASCH2410_RS31630	RPHASCH2410_PA01320	NA	NA	NA	RPHASCH2410_RS12825	RPHASCH2410_CH13160	msrB2	FALSE
site	TAmCymwwwmgtrgTR	ECK120001481	NarP	narP	b2193	RPHASCH2410_RS31630	RPHASCH2410_PA01320	NA	NA	NA	RPHASCH2410_RS12830	RPHASCH2410_CH13165	RPHASCH2410_CH13165	FALSE
site	rdtTTrryrwWwygTGCbrTwwk	ECK120001334	Rob	rob	b4396	RPHASCH2410_RS04095	RPHASCH2410_CH04215	NA	NA	NA	RPHASCH2410_RS12870	RPHASCH2410_CH13205	rosR	FALSE
site	TAmCymwwwmgtrgTR	ECK120001481	NarP	narP	b2193	RPHASCH2410_RS31630	RPHASCH2410_PA01320	NA	NA	NA	RPHASCH2410_RS12905	RPHASCH2410_CH13240	RPHASCH2410_CH13240	FALSE
site	TAmCymwwwmgtrgTR	ECK120001481	NarP	narP	b2193	RPHASCH2410_RS31630	RPHASCH2410_PA01320	NA	NA	NA	NA	RPHASCH2410_CH13245	RPHASCH2410_CH13245	FALSE
site	ayGTTAyccgTAAcATwwsmAw	ECK120002342	GntR	gntR	b3438	RPHASCH2410_RS25610	RPHASCH2410_PD00565	NA	NA	NA	RPHASCH2410_RS12920	RPHASCH2410_CH13265	pbp	FALSE
site	ayGTTAyccgTAAcATwwsmAw	ECK120002342	GntR	gntR	b3438	RPHASCH2410_RS25610	RPHASCH2410_PD00565	NA	NA	NA	RPHASCH2410_RS12925	RPHASCH2410_CH13270	RPHASCH2410_CH13270	FALSE
site	ATTTtytkWyATkgtkmaT	ECK120000483	ArgP	argP	b2916	RPHASCH2410_RS19540	RPHASCH2410_CH20050	NA	NA	NA	RPHASCH2410_RS12960	RPHASCH2410_CH13315	RPHASCH2410_CH13315	FALSE
site	ATTTtytkWyATkgtkmaT	ECK120000483	ArgP	argP	b2916	RPHASCH2410_RS19540	RPHASCH2410_CH20050	NA	NA	NA	RPHASCH2410_RS12965	RPHASCH2410_CH13320	RPHASCH2410_CH13320	FALSE
site	ATTTtytkWyATkgtkmaT	ECK120000483	ArgP	argP	b2916	RPHASCH2410_RS19540	RPHASCH2410_CH20050	NA	NA	NA	RPHASCH2410_RS13015	RPHASCH2410_CH13380	RPHASCH2410_CH13380	FALSE
site	ATTTtytkWyATkgtkmaT	ECK120000483	ArgP	argP	b2916	RPHASCH2410_RS19540	RPHASCH2410_CH20050	NA	NA	NA	RPHASCH2410_RS13230	RPHASCH2410_CH13600	amn	FALSE
site	kwwTwTTwTycTk	ECK120000540	Lrp	lrp	b0889	RPHASCH2410_RS28065	RPHASCH2410_PD03050	NA	NA	NA	RPHASCH2410_RS13345	RPHASCH2410_CH13725	RPHASCH2410_CH13725	FALSE
site	ayGTTAyccgTAAcATwwsmAw	ECK120002342	GntR	gntR	b3438	RPHASCH2410_RS25610	RPHASCH2410_PD00565	NA	NA	NA	RPHASCH2410_RS13475	RPHASCH2410_CH13860	RPHASCH2410_CH13860	FALSE
site	WGATTakWWWTGAwwWWWhrWGW	ECK120004350	UlaR	ulaR	b4191	RPHASCH2410_RS21345	RPHASCH2410_PB00140	NA	NA	NA	RPHASCH2410_RS13605	RPHASCH2410_CH14000	RPHASCH2410_CH14000	FALSE
site	cacygTTaATT	ECK120002359	Dan	dan	b3060	RPHASCH2410_RS10745	RPHASCH2410_CH10995	NA	NA	NA	RPHASCH2410_RS13765	RPHASCH2410_CH14160	RPHASCH2410_CH14160	FALSE
site	TAmCymwwwmgtrgTR	ECK120001481	NarP	narP	b2193	RPHASCH2410_RS31630	RPHASCH2410_PA01320	NA	NA	NA	RPHASCH2410_RS13840	RPHASCH2410_CH14230	RPHASCH2410_CH14230	FALSE
site	TAmCymwwwmgtrgTR	ECK120001481	NarP	narP	b2193	RPHASCH2410_RS31630	RPHASCH2410_PA01320	NA	NA	NA	RPHASCH2410_RS13845	RPHASCH2410_CH14235	ropB2	FALSE
site	ayGTTAyccgTAAcATwwsmAw	ECK120002342	GntR	gntR	b3438	RPHASCH2410_RS25610	RPHASCH2410_PD00565	NA	NA	NA	RPHASCH2410_RS13905	RPHASCH2410_CH14295	RPHASCH2410_CH14295	FALSE
site	ATTAhTkAtwWAAAT	ECK120003471	SlyA	slyA	b1642	RPHASCH2410_RS15855	RPHASCH2410_CH16260	NA	NA	NA	RPHASCH2410_RS13995	RPHASCH2410_CH14380	RPHASCH2410_CH14380	FALSE
site	TAmCymwwwmgtrgTR	ECK120001481	NarP	narP	b2193	RPHASCH2410_RS31630	RPHASCH2410_PA01320	NA	NA	NA	RPHASCH2410_RS14035	RPHASCH2410_CH14415	RPHASCH2410_CH14415	FALSE
site	ayGTTAyccgTAAcATwwsmAw	ECK120002342	GntR	gntR	b3438	RPHASCH2410_RS25610	RPHASCH2410_PD00565	NA	NA	NA	RPHASCH2410_RS14335	RPHASCH2410_CH14715	RPHASCH2410_CH14715	FALSE
site	ayGTTAyccgTAAcATwwsmAw	ECK120002342	GntR	gntR	b3438	RPHASCH2410_RS25610	RPHASCH2410_PD00565	NA	NA	NA	RPHASCH2410_RS14340	RPHASCH2410_CH14720	RPHASCH2410_CH14720	FALSE
site	ATTTtytkWyATkgtkmaT	ECK120000483	ArgP	argP	b2916	RPHASCH2410_RS19540	RPHASCH2410_CH20050	NA	NA	NA	RPHASCH2410_RS14380	RPHASCH2410_CH14760	nolR	FALSE
site	ATTTtytkWyATkgtkmaT	ECK120000483	ArgP	argP	b2916	RPHASCH2410_RS19540	RPHASCH2410_CH20050	NA	NA	NA	RPHASCH2410_RS14460	RPHASCH2410_CH14840	glnII	FALSE
site	tkAhAwwwwCTwATggyw	ECK120001729	GcvA	gcvA	b2808	RPHASCH2410_RS14950	RPHASCH2410_CH15335	NA	NA	NA	RPHASCH2410_RS14520	RPHASCH2410_CH14900	RPHASCH2410_CH14900	FALSE
site	cacygTTaATT	ECK120002359	Dan	dan	b3060	RPHASCH2410_RS10745	RPHASCH2410_CH10995	NA	NA	NA	RPHASCH2410_RS14705	RPHASCH2410_CH15090	RPHASCH2410_CH15090	FALSE
site	kwwTwTTwTycTk	ECK120000540	Lrp	lrp	b0889	RPHASCH2410_RS28065	RPHASCH2410_PD03050	NA	NA	NA	RPHASCH2410_RS14845	RPHASCH2410_CH15230	RPHASCH2410_CH15230	FALSE
site	kwwTwTTwTycTk	ECK120000540	Lrp	lrp	b0889	RPHASCH2410_RS28065	RPHASCH2410_PD03050	NA	NA	NA	RPHASCH2410_RS14850	RPHASCH2410_CH15235	RPHASCH2410_CH15235	FALSE
site	twyGtyahgttarctktdkg	ECK120000946	SoxR	soxR	b4063	RPHASCH2410_RS05245	RPHASCH2410_CH05360	NA	NA	NA	RPHASCH2410_RS14880	RPHASCH2410_CH15265	RPHASCH2410_CH15265	FALSE
site	twyGtyahgttarctktdkg	ECK120000946	SoxR	soxR	b4063	RPHASCH2410_RS05245	RPHASCH2410_CH05360	NA	NA	NA	NA	RPHASCH2410_CH15270	RPHASCH2410_CH15270	FALSE
site	cacygTTaATT	ECK120002359	Dan	dan	b3060	RPHASCH2410_RS10745	RPHASCH2410_CH10995	NA	NA	NA	RPHASCH2410_RS14895	RPHASCH2410_CH15285	RPHASCH2410_CH15285	FALSE
site	ATTAhTkAtwWAAAT	ECK120003471	SlyA	slyA	b1642	RPHASCH2410_RS15855	RPHASCH2410_CH16260	NA	NA	NA	RPHASCH2410_RS14960	RPHASCH2410_CH15345	RPHASCH2410_CH15345	FALSE
site	ATTTtytkWyATkgtkmaT	ECK120000483	ArgP	argP	b2916	RPHASCH2410_RS19540	RPHASCH2410_CH20050	NA	NA	NA	RPHASCH2410_RS14960	RPHASCH2410_CH15345	RPHASCH2410_CH15345	FALSE
site	WAarTkkAAWAwATWWTgAmCA	ECK120002286	PuuR	puuR	b1299	RPHASCH2410_RS28340	RPHASCH2410_PD03330	NA	NA	NA	NA	RPHASCH2410_CH15375	RPHASCH2410_CH15375	FALSE
site	ATTTtytkWyATkgtkmaT	ECK120000483	ArgP	argP	b2916	RPHASCH2410_RS19540	RPHASCH2410_CH20050	NA	NA	NA	RPHASCH2410_RS14990	RPHASCH2410_CH15380	RPHASCH2410_CH15380	FALSE
site	TAmCymwwwmgtrgTR	ECK120001481	NarP	narP	b2193	RPHASCH2410_RS31630	RPHASCH2410_PA01320	NA	NA	NA	RPHASCH2410_RS15130	RPHASCH2410_CH15515	rapA	FALSE
site	WGATTakWWWTGAwwWWWhrWGW	ECK120004350	UlaR	ulaR	b4191	RPHASCH2410_RS21345	RPHASCH2410_PB00140	NA	NA	NA	RPHASCH2410_RS15130	RPHASCH2410_CH15515	rapA	FALSE
site	TAmCymwwwmgtrgTR	ECK120001481	NarP	narP	b2193	RPHASCH2410_RS31630	RPHASCH2410_PA01320	NA	NA	NA	RPHASCH2410_RS15150	RPHASCH2410_CH15535	pssN	FALSE
site	ATTAhTkAtwWAAAT	ECK120003471	SlyA	slyA	b1642	RPHASCH2410_RS15855	RPHASCH2410_CH16260	NA	NA	NA	RPHASCH2410_RS15165	RPHASCH2410_CH15550	rkpK	FALSE
site	WGATTakWWWTGAwwWWWhrWGW	ECK120004350	UlaR	ulaR	b4191	RPHASCH2410_RS21345	RPHASCH2410_PB00140	NA	NA	NA	RPHASCH2410_RS15305	RPHASCH2410_CH15700	RPHASCH2410_CH15700	FALSE
site	dwtGCACcATTtTggkGCAm	ECK120000378	NtrC	ntrC	b3868	RPHASCH2410_RS02570	RPHASCH2410_CH02640	NA	NA	NA	RPHASCH2410_RS15370	RPHASCH2410_CH15765	tcrY	FALSE
site	TAmCymwwwmgtrgTR	ECK120001481	NarP	narP	b2193	RPHASCH2410_RS31630	RPHASCH2410_PA01320	NA	NA	NA	RPHASCH2410_RS15375	RPHASCH2410_CH15770	RPHASCH2410_CH15770	FALSE
site	TAmCymwwwmgtrgTR	ECK120001481	NarP	narP	b2193	RPHASCH2410_RS31630	RPHASCH2410_PA01320	NA	NA	NA	RPHASCH2410_RS15420	RPHASCH2410_CH15820	RPHASCH2410_CH15820	FALSE
site	TAmCymwwwmgtrgTR	ECK120001481	NarP	narP	b2193	RPHASCH2410_RS31630	RPHASCH2410_PA01320	NA	NA	NA	RPHASCH2410_RS15425	RPHASCH2410_CH15825	RPHASCH2410_CH15825	FALSE
site	ayGTTAyccgTAAcATwwsmAw	ECK120002342	GntR	gntR	b3438	RPHASCH2410_RS25610	RPHASCH2410_PD00565	NA	NA	NA	RPHASCH2410_RS15465	RPHASCH2410_CH15865	RPHASCH2410_CH15865	FALSE
site	cacygTTaATT	ECK120002359	Dan	dan	b3060	RPHASCH2410_RS10745	RPHASCH2410_CH10995	NA	NA	NA	RPHASCH2410_RS15465	RPHASCH2410_CH15865	RPHASCH2410_CH15865	FALSE
site	ATTAhTkAtwWAAAT	ECK120003471	SlyA	slyA	b1642	RPHASCH2410_RS15855	RPHASCH2410_CH16260	ECK120002180	rutR	b1013	RPHASCH2410_RS15505	RPHASCH2410_CH15905	RPHASCH2410_CH15905	FALSE
site	ttgACcrwtTrGTCmAcktt	ECK120002180	RutR	rutR	b1013	RPHASCH2410_RS15505	RPHASCH2410_CH15905	ECK120002180	rutR	b1013	RPHASCH2410_RS15505	RPHASCH2410_CH15905	RPHASCH2410_CH15905	TRUE
site	ATTAhTkAtwWAAAT	ECK120003471	SlyA	slyA	b1642	RPHASCH2410_RS15855	RPHASCH2410_CH16260	NA	NA	NA	RPHASCH2410_RS15510	RPHASCH2410_CH15910	amaB	FALSE
site	ttgACcrwtTrGTCmAcktt	ECK120002180	RutR	rutR	b1013	RPHASCH2410_RS15505	RPHASCH2410_CH15905	NA	NA	NA	RPHASCH2410_RS15510	RPHASCH2410_CH15910	amaB	FALSE
site	ATTAhTkAtwWAAAT	ECK120003471	SlyA	slyA	b1642	RPHASCH2410_RS15855	RPHASCH2410_CH16260	NA	NA	NA	RPHASCH2410_RS15725	RPHASCH2410_CH16130	RPHASCH2410_CH16130	FALSE
site	TAmCymwwwmgtrgTR	ECK120001481	NarP	narP	b2193	RPHASCH2410_RS31630	RPHASCH2410_PA01320	NA	NA	NA	RPHASCH2410_RS15725	RPHASCH2410_CH16130	RPHASCH2410_CH16130	FALSE
site	WAarTkkAAWAwATWWTgAmCA	ECK120002286	PuuR	puuR	b1299	RPHASCH2410_RS28340	RPHASCH2410_PD03330	NA	NA	NA	RPHASCH2410_RS15725	RPHASCH2410_CH16130	RPHASCH2410_CH16130	FALSE
site	WGATTakWWWTGAwwWWWhrWGW	ECK120004350	UlaR	ulaR	b4191	RPHASCH2410_RS21345	RPHASCH2410_PB00140	NA	NA	NA	RPHASCH2410_RS15725	RPHASCH2410_CH16130	RPHASCH2410_CH16130	FALSE
site	ATTAhTkAtwWAAAT	ECK120003471	SlyA	slyA	b1642	RPHASCH2410_RS15855	RPHASCH2410_CH16260	NA	NA	NA	RPHASCH2410_RS15730	RPHASCH2410_CH16135	ctrA	FALSE
site	TAmCymwwwmgtrgTR	ECK120001481	NarP	narP	b2193	RPHASCH2410_RS31630	RPHASCH2410_PA01320	NA	NA	NA	RPHASCH2410_RS15730	RPHASCH2410_CH16135	ctrA	FALSE
site	WAarTkkAAWAwATWWTgAmCA	ECK120002286	PuuR	puuR	b1299	RPHASCH2410_RS28340	RPHASCH2410_PD03330	NA	NA	NA	RPHASCH2410_RS15730	RPHASCH2410_CH16135	ctrA	FALSE
site	WGATTakWWWTGAwwWWWhrWGW	ECK120004350	UlaR	ulaR	b4191	RPHASCH2410_RS21345	RPHASCH2410_PB00140	NA	NA	NA	RPHASCH2410_RS15730	RPHASCH2410_CH16135	ctrA	FALSE
site	rdtTTrryrwWwygTGCbrTwwk	ECK120001334	Rob	rob	b4396	RPHASCH2410_RS04095	RPHASCH2410_CH04215	NA	NA	NA	RPHASCH2410_RS15885	RPHASCH2410_CH16290	RPHASCH2410_CH16290	FALSE
site	WAarTkkAAWAwATWWTgAmCA	ECK120002286	PuuR	puuR	b1299	RPHASCH2410_RS28340	RPHASCH2410_PD03330	NA	NA	NA	RPHASCH2410_RS16105	RPHASCH2410_CH16510	RPHASCH2410_CH16510	FALSE
site	ayGTTAyccgTAAcATwwsmAw	ECK120002342	GntR	gntR	b3438	RPHASCH2410_RS25610	RPHASCH2410_PD00565	NA	NA	NA	RPHASCH2410_RS16310	RPHASCH2410_CH16725	RPHASCH2410_CH16725	FALSE
site	ATTAhTkAtwWAAAT	ECK120003471	SlyA	slyA	b1642	RPHASCH2410_RS15855	RPHASCH2410_CH16260	NA	NA	NA	RPHASCH2410_RS16330	RPHASCH2410_CH16745	glmM	FALSE
site	rdtTTrryrwWwygTGCbrTwwk	ECK120001334	Rob	rob	b4396	RPHASCH2410_RS04095	RPHASCH2410_CH04215	NA	NA	NA	RPHASCH2410_RS16350	RPHASCH2410_CH16765	ompA1	FALSE
site	ATTTtytkWyATkgtkmaT	ECK120000483	ArgP	argP	b2916	RPHASCH2410_RS19540	RPHASCH2410_CH20050	NA	NA	NA	RPHASCH2410_RS16375	RPHASCH2410_CH16790	tolQ	FALSE
site	tkAhAwwwwCTwATggyw	ECK120001729	GcvA	gcvA	b2808	RPHASCH2410_RS14950	RPHASCH2410_CH15335	NA	NA	NA	RPHASCH2410_RS16510	RPHASCH2410_CH16915	RPHASCH2410_CH16915	FALSE
site	twyGtyahgttarctktdkg	ECK120000946	SoxR	soxR	b4063	RPHASCH2410_RS05245	RPHASCH2410_CH05360	NA	NA	NA	RPHASCH2410_RS16510	RPHASCH2410_CH16915	RPHASCH2410_CH16915	FALSE
site	tkAhAwwwwCTwATggyw	ECK120001729	GcvA	gcvA	b2808	RPHASCH2410_RS14950	RPHASCH2410_CH15335	NA	NA	NA	RPHASCH2410_RS16515	RPHASCH2410_CH16920	RPHASCH2410_CH16920	FALSE
site	twyGtyahgttarctktdkg	ECK120000946	SoxR	soxR	b4063	RPHASCH2410_RS05245	RPHASCH2410_CH05360	NA	NA	NA	RPHASCH2410_RS16515	RPHASCH2410_CH16920	RPHASCH2410_CH16920	FALSE
site	WAarTkkAAWAwATWWTgAmCA	ECK120002286	PuuR	puuR	b1299	RPHASCH2410_RS28340	RPHASCH2410_PD03330	NA	NA	NA	RPHASCH2410_RS34625	RPHASCH2410_CH16990	RPHASCH2410_CH16990	FALSE
site	WAarTkkAAWAwATWWTgAmCA	ECK120002286	PuuR	puuR	b1299	RPHASCH2410_RS28340	RPHASCH2410_PD03330	NA	NA	NA	RPHASCH2410_RS16595	RPHASCH2410_CH17005	RPHASCH2410_CH17005	FALSE
site	TAmCymwwwmgtrgTR	ECK120001481	NarP	narP	b2193	RPHASCH2410_RS31630	RPHASCH2410_PA01320	NA	NA	NA	RPHASCH2410_RS16995	RPHASCH2410_CH17420	RPHASCH2410_CH17420	FALSE
site	TAmCymwwwmgtrgTR	ECK120001481	NarP	narP	b2193	RPHASCH2410_RS31630	RPHASCH2410_PA01320	NA	NA	NA	RPHASCH2410_RS17005	RPHASCH2410_CH17425	RPHASCH2410_CH17425	FALSE
site	WAarTkkAAWAwATWWTgAmCA	ECK120002286	PuuR	puuR	b1299	RPHASCH2410_RS28340	RPHASCH2410_PD03330	NA	NA	NA	RPHASCH2410_RS17020	RPHASCH2410_CH17440	RPHASCH2410_CH17440	FALSE
site	WAarTkkAAWAwATWWTgAmCA	ECK120002286	PuuR	puuR	b1299	RPHASCH2410_RS28340	RPHASCH2410_PD03330	NA	NA	NA	RPHASCH2410_RS17025	RPHASCH2410_CH17445	greA	FALSE
site	rwkwdTGdaAryrdTTWC	ECK120000357	GalR	galR	b2837	RPHASCH2410_RS09860	RPHASCH2410_CH10080	NA	NA	NA	RPHASCH2410_RS17090	RPHASCH2410_CH17510	RPHASCH2410_CH17510	FALSE
site	twyGtyahgttarctktdkg	ECK120000946	SoxR	soxR	b4063	RPHASCH2410_RS05245	RPHASCH2410_CH05360	NA	NA	NA	RPHASCH2410_RS17185	RPHASCH2410_CH17610	RPHASCH2410_CH17610	FALSE
site	WGATTakWWWTGAwwWWWhrWGW	ECK120004350	UlaR	ulaR	b4191	RPHASCH2410_RS21345	RPHASCH2410_PB00140	NA	NA	NA	RPHASCH2410_RS17280	RPHASCH2410_CH17710	clpS2	FALSE
site	WGATTakWWWTGAwwWWWhrWGW	ECK120004350	UlaR	ulaR	b4191	RPHASCH2410_RS21345	RPHASCH2410_PB00140	NA	NA	NA	RPHASCH2410_RS17285	RPHASCH2410_CH17715	RPHASCH2410_CH17715	FALSE
site	kwwTwTTwTycTk	ECK120000540	Lrp	lrp	b0889	RPHASCH2410_RS28065	RPHASCH2410_PD03050	NA	NA	NA	RPHASCH2410_RS17350	RPHASCH2410_CH17785	RPHASCH2410_CH17785	FALSE
site	WGATTakWWWTGAwwWWWhrWGW	ECK120004350	UlaR	ulaR	b4191	RPHASCH2410_RS21345	RPHASCH2410_PB00140	NA	NA	NA	RPHASCH2410_RS17525	RPHASCH2410_CH17960	ddl1	FALSE
site	WGATTakWWWTGAwwWWWhrWGW	ECK120004350	UlaR	ulaR	b4191	RPHASCH2410_RS21345	RPHASCH2410_PB00140	NA	NA	NA	RPHASCH2410_RS17530	RPHASCH2410_CH17965	RPHASCH2410_CH17965	FALSE
site	AcGCAAWCGTTTWCyTT	ECK120000791	PurR	purR	b1658	RPHASCH2410_RS11730	RPHASCH2410_CH12005	NA	NA	NA	RPHASCH2410_RS17715	RPHASCH2410_CH18155	RPHASCH2410_CH18155	FALSE
site	AcGCAAWCGTTTWCyTT	ECK120000791	PurR	purR	b1658	RPHASCH2410_RS11730	RPHASCH2410_CH12005	NA	NA	NA	RPHASCH2410_RS17720	RPHASCH2410_CH18160	RPHASCH2410_CH18160	FALSE
site	ATTAhTkAtwWAAAT	ECK120003471	SlyA	slyA	b1642	RPHASCH2410_RS15855	RPHASCH2410_CH16260	NA	NA	NA	RPHASCH2410_RS17810	RPHASCH2410_CH18250	RPHASCH2410_CH18250	FALSE
site	rwkwdTGdaAryrdTTWC	ECK120000357	GalR	galR	b2837	RPHASCH2410_RS09860	RPHASCH2410_CH10080	NA	NA	NA	RPHASCH2410_RS17825	RPHASCH2410_CH18265	RPHASCH2410_CH18265	FALSE
site	ATTTtytkWyATkgtkmaT	ECK120000483	ArgP	argP	b2916	RPHASCH2410_RS19540	RPHASCH2410_CH20050	NA	NA	NA	RPHASCH2410_RS17925	RPHASCH2410_CH18365	RPHASCH2410_CH18365	FALSE
site	ayGTTAyccgTAAcATwwsmAw	ECK120002342	GntR	gntR	b3438	RPHASCH2410_RS25610	RPHASCH2410_PD00565	NA	NA	NA	RPHASCH2410_RS17945	RPHASCH2410_CH18390	RPHASCH2410_CH18390	FALSE
site	WAarTkkAAWAwATWWTgAmCA	ECK120002286	PuuR	puuR	b1299	RPHASCH2410_RS28340	RPHASCH2410_PD03330	NA	NA	NA	RPHASCH2410_RS17985	RPHASCH2410_CH18435	RPHASCH2410_CH18435	FALSE
site	TAmCymwwwmgtrgTR	ECK120001481	NarP	narP	b2193	RPHASCH2410_RS31630	RPHASCH2410_PA01320	NA	NA	NA	RPHASCH2410_RS18075	RPHASCH2410_CH18520	RPHASCH2410_CH18520	FALSE
site	twyGtyahgttarctktdkg	ECK120000946	SoxR	soxR	b4063	RPHASCH2410_RS05245	RPHASCH2410_CH05360	NA	NA	NA	RPHASCH2410_RS18185	RPHASCH2410_CH18640	RPHASCH2410_CH18640	FALSE
site	twyGtyahgttarctktdkg	ECK120000946	SoxR	soxR	b4063	RPHASCH2410_RS05245	RPHASCH2410_CH05360	NA	NA	NA	RPHASCH2410_RS18190	RPHASCH2410_CH18645	RPHASCH2410_CH18645	FALSE
site	ATTAhTkAtwWAAAT	ECK120003471	SlyA	slyA	b1642	RPHASCH2410_RS15855	RPHASCH2410_CH16260	NA	NA	NA	RPHASCH2410_RS18315	RPHASCH2410_CH18765	pdxJ	FALSE
site	ATTAhTkAtwWAAAT	ECK120003471	SlyA	slyA	b1642	RPHASCH2410_RS15855	RPHASCH2410_CH16260	NA	NA	NA	RPHASCH2410_RS18320	RPHASCH2410_CH18770	RPHASCH2410_CH18770	FALSE
site	TAmCymwwwmgtrgTR	ECK120001481	NarP	narP	b2193	RPHASCH2410_RS31630	RPHASCH2410_PA01320	NA	NA	NA	RPHASCH2410_RS18445	RPHASCH2410_CH18900	degP3	FALSE
site	AcGCAAWCGTTTWCyTT	ECK120000791	PurR	purR	b1658	RPHASCH2410_RS11730	RPHASCH2410_CH12005	NA	NA	NA	NA	RPHASCH2410_CH19170	RPHASCH2410_CH19170	FALSE
site	rwkwdTGdaAryrdTTWC	ECK120000357	GalR	galR	b2837	RPHASCH2410_RS09860	RPHASCH2410_CH10080	NA	NA	NA	NA	RPHASCH2410_CH19350	RPHASCH2410_CH19350	FALSE
site	ATTAhTkAtwWAAAT	ECK120003471	SlyA	slyA	b1642	RPHASCH2410_RS15855	RPHASCH2410_CH16260	NA	NA	NA	RPHASCH2410_RS18870	RPHASCH2410_CH19355	RPHASCH2410_CH19355	FALSE
site	ATTAhTkAtwWAAAT	ECK120003471	SlyA	slyA	b1642	RPHASCH2410_RS15855	RPHASCH2410_CH16260	NA	NA	NA	RPHASCH2410_RS18875	RPHASCH2410_CH19360	RPHASCH2410_CH19360	FALSE
site	ATTTtytkWyATkgtkmaT	ECK120000483	ArgP	argP	b2916	RPHASCH2410_RS19540	RPHASCH2410_CH20050	NA	NA	NA	RPHASCH2410_RS18915	RPHASCH2410_CH19405	plyA2	FALSE
site	WGATTakWWWTGAwwWWWhrWGW	ECK120004350	UlaR	ulaR	b4191	RPHASCH2410_RS21345	RPHASCH2410_PB00140	NA	NA	NA	RPHASCH2410_RS19015	RPHASCH2410_CH19500	RPHASCH2410_CH19500	FALSE
site	WGATTakWWWTGAwwWWWhrWGW	ECK120004350	UlaR	ulaR	b4191	RPHASCH2410_RS21345	RPHASCH2410_PB00140	NA	NA	NA	NA	RPHASCH2410_CH19505	RPHASCH2410_CH19505	FALSE
site	tkAhAwwwwCTwATggyw	ECK120001729	GcvA	gcvA	b2808	RPHASCH2410_RS14950	RPHASCH2410_CH15335	NA	NA	NA	RPHASCH2410_RS19035	RPHASCH2410_CH19530	RPHASCH2410_CH19530	FALSE
site	kwwTwTTwTycTk	ECK120000540	Lrp	lrp	b0889	RPHASCH2410_RS28065	RPHASCH2410_PD03050	NA	NA	NA	RPHASCH2410_RS19330	RPHASCH2410_CH19830	RPHASCH2410_CH19830	FALSE
site	twyGtyahgttarctktdkg	ECK120000946	SoxR	soxR	b4063	RPHASCH2410_RS05245	RPHASCH2410_CH05360	NA	NA	NA	RPHASCH2410_RS19330	RPHASCH2410_CH19830	RPHASCH2410_CH19830	FALSE
site	kwwTwTTwTycTk	ECK120000540	Lrp	lrp	b0889	RPHASCH2410_RS28065	RPHASCH2410_PD03050	NA	NA	NA	RPHASCH2410_RS19335	RPHASCH2410_CH19835	RPHASCH2410_CH19835	FALSE
site	twyGtyahgttarctktdkg	ECK120000946	SoxR	soxR	b4063	RPHASCH2410_RS05245	RPHASCH2410_CH05360	NA	NA	NA	RPHASCH2410_RS19395	RPHASCH2410_CH19895	RPHASCH2410_CH19895	FALSE
site	twyGtyahgttarctktdkg	ECK120000946	SoxR	soxR	b4063	RPHASCH2410_RS05245	RPHASCH2410_CH05360	NA	NA	NA	RPHASCH2410_RS19400	RPHASCH2410_CH19900	RPHASCH2410_CH19900	FALSE
site	kwwTwTTwTycTk	ECK120000540	Lrp	lrp	b0889	RPHASCH2410_RS28065	RPHASCH2410_PD03050	NA	NA	NA	RPHASCH2410_RS19435	RPHASCH2410_CH19935	RPHASCH2410_CH19935	FALSE
site	WAarTkkAAWAwATWWTgAmCA	ECK120002286	PuuR	puuR	b1299	RPHASCH2410_RS28340	RPHASCH2410_PD03330	NA	NA	NA	RPHASCH2410_RS19435	RPHASCH2410_CH19935	RPHASCH2410_CH19935	FALSE
site	kwwTwTTwTycTk	ECK120000540	Lrp	lrp	b0889	RPHASCH2410_RS28065	RPHASCH2410_PD03050	NA	NA	NA	RPHASCH2410_RS35025	RPHASCH2410_CH19940	RPHASCH2410_CH19940	FALSE
site	WAarTkkAAWAwATWWTgAmCA	ECK120002286	PuuR	puuR	b1299	RPHASCH2410_RS28340	RPHASCH2410_PD03330	NA	NA	NA	RPHASCH2410_RS35025	RPHASCH2410_CH19940	RPHASCH2410_CH19940	FALSE
site	dwtGCACcATTtTggkGCAm	ECK120000378	NtrC	ntrC	b3868	RPHASCH2410_RS02570	RPHASCH2410_CH02640	NA	NA	NA	NA	RPHASCH2410_CH20090	RPHASCH2410_CH20090	FALSE
site	twyGtyahgttarctktdkg	ECK120000946	SoxR	soxR	b4063	RPHASCH2410_RS05245	RPHASCH2410_CH05360	NA	NA	NA	RPHASCH2410_RS19715	RPHASCH2410_CH20230	mcpV	FALSE
site	twyGtyahgttarctktdkg	ECK120000946	SoxR	soxR	b4063	RPHASCH2410_RS05245	RPHASCH2410_CH05360	NA	NA	NA	RPHASCH2410_RS19720	RPHASCH2410_CH20235	RPHASCH2410_CH20235	FALSE
site	mAyhkyTwrCAwwwawdhawTdm	ECK120000194	CytR	cytR	b3934	RPHASCH2410_RS04060	RPHASCH2410_CH04180	NA	NA	NA	RPHASCH2410_RS19735	RPHASCH2410_CH20245	RPHASCH2410_CH20245	FALSE
site	rdtTTrryrwWwygTGCbrTwwk	ECK120001334	Rob	rob	b4396	RPHASCH2410_RS04095	RPHASCH2410_CH04215	NA	NA	NA	RPHASCH2410_RS19910	RPHASCH2410_CH20425	RPHASCH2410_CH20425	FALSE
site	rdtTTrryrwWwygTGCbrTwwk	ECK120001334	Rob	rob	b4396	RPHASCH2410_RS04095	RPHASCH2410_CH04215	NA	NA	NA	RPHASCH2410_RS19965	RPHASCH2410_CH20480	RPHASCH2410_CH20480	FALSE
site	AcGCAAWCGTTTWCyTT	ECK120000791	PurR	purR	b1658	RPHASCH2410_RS11730	RPHASCH2410_CH12005	NA	NA	NA	RPHASCH2410_RS20055	RPHASCH2410_CH20585	RPHASCH2410_CH20585	FALSE
site	ATTAhTkAtwWAAAT	ECK120003471	SlyA	slyA	b1642	RPHASCH2410_RS15855	RPHASCH2410_CH16260	NA	NA	NA	RPHASCH2410_RS20115	RPHASCH2410_CH20645	RPHASCH2410_CH20645	FALSE
site	ATTAhTkAtwWAAAT	ECK120003471	SlyA	slyA	b1642	RPHASCH2410_RS15855	RPHASCH2410_CH16260	NA	NA	NA	RPHASCH2410_RS20120	RPHASCH2410_CH20650	RPHASCH2410_CH20650	FALSE
site	ttgACcrwtTrGTCmAcktt	ECK120002180	RutR	rutR	b1013	RPHASCH2410_RS15505	RPHASCH2410_CH15905	NA	NA	NA	RPHASCH2410_RS20125	RPHASCH2410_CH20655	RPHASCH2410_CH20655	FALSE
site	dwtGCACcATTtTggkGCAm	ECK120000378	NtrC	ntrC	b3868	RPHASCH2410_RS02570	RPHASCH2410_CH02640	NA	NA	NA	RPHASCH2410_RS20260	RPHASCH2410_CH20795	RPHASCH2410_CH20795	FALSE
site	ayGTTAyccgTAAcATwwsmAw	ECK120002342	GntR	gntR	b3438	RPHASCH2410_RS25610	RPHASCH2410_PD00565	NA	NA	NA	RPHASCH2410_RS20265	RPHASCH2410_CH20800	dksA	FALSE
site	ATTTtytkWyATkgtkmaT	ECK120000483	ArgP	argP	b2916	RPHASCH2410_RS19540	RPHASCH2410_CH20050	NA	NA	NA	RPHASCH2410_RS20470	RPHASCH2410_CH21020	RPHASCH2410_CH21020	FALSE
site	WGATTakWWWTGAwwWWWhrWGW	ECK120004350	UlaR	ulaR	b4191	RPHASCH2410_RS21345	RPHASCH2410_PB00140	NA	NA	NA	RPHASCH2410_RS20515	RPHASCH2410_CH21065	RPHASCH2410_CH21065	FALSE
site	WGATTakWWWTGAwwWWWhrWGW	ECK120004350	UlaR	ulaR	b4191	RPHASCH2410_RS21345	RPHASCH2410_PB00140	NA	NA	NA	RPHASCH2410_RS20520	RPHASCH2410_CH21070	RPHASCH2410_CH21070	FALSE
site	WAarTkkAAWAwATWWTgAmCA	ECK120002286	PuuR	puuR	b1299	RPHASCH2410_RS28340	RPHASCH2410_PD03330	NA	NA	NA	RPHASCH2410_RS20615	RPHASCH2410_CH21170	nifU2	FALSE
site	TAmCymwwwmgtrgTR	ECK120001481	NarP	narP	b2193	RPHASCH2410_RS31630	RPHASCH2410_PA01320	NA	NA	NA	RPHASCH2410_RS20700	RPHASCH2410_CH21265	RPHASCH2410_CH21265	FALSE
site	ATTTtytkWyATkgtkmaT	ECK120000483	ArgP	argP	b2916	RPHASCH2410_RS19540	RPHASCH2410_CH20050	NA	NA	NA	RPHASCH2410_RS20940	RPHASCH2410_CH21510	RPHASCH2410_CH21510	FALSE
site	WAarTkkAAWAwATWWTgAmCA	ECK120002286	PuuR	puuR	b1299	RPHASCH2410_RS28340	RPHASCH2410_PD03330	NA	NA	NA	RPHASCH2410_RS21175	RPHASCH2410_CH21740	recA	FALSE
site	WAarTkkAAWAwATWWTgAmCA	ECK120002286	PuuR	puuR	b1299	RPHASCH2410_RS28340	RPHASCH2410_PD03330	NA	NA	NA	RPHASCH2410_RS21180	RPHASCH2410_CH21745	rbsK2	FALSE
site	mAyhkyTwrCAwwwawdhawTdm	ECK120000194	CytR	cytR	b3934	RPHASCH2410_RS04060	RPHASCH2410_CH04180	NA	NA	NA	RPHASCH2410_RS30310	RPHASCH2410_PA00010	RPHASCH2410_PA00010	FALSE
site	mAyhkyTwrCAwwwawdhawTdm	ECK120000194	CytR	cytR	b3934	RPHASCH2410_RS04060	RPHASCH2410_CH04180	NA	NA	NA	RPHASCH2410_RS30315	RPHASCH2410_PA00015	RPHASCH2410_PA00015	FALSE
site	ATTAhTkAtwWAAAT	ECK120003471	SlyA	slyA	b1642	RPHASCH2410_RS15855	RPHASCH2410_CH16260	NA	NA	NA	RPHASCH2410_RS30365	RPHASCH2410_PA00060	RPHASCH2410_PA00060	FALSE
site	AcGCAAWCGTTTWCyTT	ECK120000791	PurR	purR	b1658	RPHASCH2410_RS11730	RPHASCH2410_CH12005	NA	NA	NA	RPHASCH2410_RS30395	RPHASCH2410_PA00090	tauB	FALSE
site	mAyhkyTwrCAwwwawdhawTdm	ECK120000194	CytR	cytR	b3934	RPHASCH2410_RS04060	RPHASCH2410_CH04180	NA	NA	NA	RPHASCH2410_RS30560	RPHASCH2410_PA00260	RPHASCH2410_PA00260	FALSE
site	dwtGCACcATTtTggkGCAm	ECK120000378	NtrC	ntrC	b3868	RPHASCH2410_RS02570	RPHASCH2410_CH02640	NA	NA	NA	RPHASCH2410_RS30590	RPHASCH2410_PA00290	RPHASCH2410_PA00290	FALSE
site	ayGTTAyccgTAAcATwwsmAw	ECK120002342	GntR	gntR	b3438	RPHASCH2410_RS25610	RPHASCH2410_PD00565	NA	NA	NA	RPHASCH2410_RS30605	RPHASCH2410_PA00305	RPHASCH2410_PA00305	FALSE
site	ayGTTAyccgTAAcATwwsmAw	ECK120002342	GntR	gntR	b3438	RPHASCH2410_RS25610	RPHASCH2410_PD00565	NA	NA	NA	RPHASCH2410_RS30610	RPHASCH2410_PA00310	RPHASCH2410_PA00310	FALSE
site	cacygTTaATT	ECK120002359	Dan	dan	b3060	RPHASCH2410_RS10745	RPHASCH2410_CH10995	NA	NA	NA	RPHASCH2410_RS30640	RPHASCH2410_PA00340	RPHASCH2410_PA00340	FALSE
site	TAmCymwwwmgtrgTR	ECK120001481	NarP	narP	b2193	RPHASCH2410_RS31630	RPHASCH2410_PA01320	NA	NA	NA	RPHASCH2410_RS30665	RPHASCH2410_PA00365	RPHASCH2410_PA00365	FALSE
site	TAmCymwwwmgtrgTR	ECK120001481	NarP	narP	b2193	RPHASCH2410_RS31630	RPHASCH2410_PA01320	NA	NA	NA	RPHASCH2410_RS30670	RPHASCH2410_PA00370	RPHASCH2410_PA00370	FALSE
site	ATTTtytkWyATkgtkmaT	ECK120000483	ArgP	argP	b2916	RPHASCH2410_RS19540	RPHASCH2410_CH20050	NA	NA	NA	RPHASCH2410_RS30835	RPHASCH2410_PA00535	RPHASCH2410_PA00535	FALSE
site	kwwTwTTwTycTk	ECK120000540	Lrp	lrp	b0889	RPHASCH2410_RS28065	RPHASCH2410_PD03050	NA	NA	NA	RPHASCH2410_RS30835	RPHASCH2410_PA00535	RPHASCH2410_PA00535	FALSE
site	TAmCymwwwmgtrgTR	ECK120001481	NarP	narP	b2193	RPHASCH2410_RS31630	RPHASCH2410_PA01320	NA	NA	NA	RPHASCH2410_RS30835	RPHASCH2410_PA00535	RPHASCH2410_PA00535	FALSE
site	ATTTtytkWyATkgtkmaT	ECK120000483	ArgP	argP	b2916	RPHASCH2410_RS19540	RPHASCH2410_CH20050	NA	NA	NA	RPHASCH2410_RS30840	RPHASCH2410_PA00540	RPHASCH2410_PA00540	FALSE
site	kwwTwTTwTycTk	ECK120000540	Lrp	lrp	b0889	RPHASCH2410_RS28065	RPHASCH2410_PD03050	NA	NA	NA	RPHASCH2410_RS30840	RPHASCH2410_PA00540	RPHASCH2410_PA00540	FALSE
site	TAmCymwwwmgtrgTR	ECK120001481	NarP	narP	b2193	RPHASCH2410_RS31630	RPHASCH2410_PA01320	NA	NA	NA	RPHASCH2410_RS30840	RPHASCH2410_PA00540	RPHASCH2410_PA00540	FALSE
site	ttgACcrwtTrGTCmAcktt	ECK120002180	RutR	rutR	b1013	RPHASCH2410_RS15505	RPHASCH2410_CH15905	NA	NA	NA	RPHASCH2410_RS30845	RPHASCH2410_PA00545	RPHASCH2410_PA00545	FALSE
site	ttgACcrwtTrGTCmAcktt	ECK120002180	RutR	rutR	b1013	RPHASCH2410_RS15505	RPHASCH2410_CH15905	NA	NA	NA	NA	RPHASCH2410_PA00550	RPHASCH2410_PA00550	FALSE
site	WAarTkkAAWAwATWWTgAmCA	ECK120002286	PuuR	puuR	b1299	RPHASCH2410_RS28340	RPHASCH2410_PD03330	NA	NA	NA	RPHASCH2410_RS30905	RPHASCH2410_PA00605	ugpBa	FALSE
site	ATTTtytkWyATkgtkmaT	ECK120000483	ArgP	argP	b2916	RPHASCH2410_RS19540	RPHASCH2410_CH20050	NA	NA	NA	RPHASCH2410_RS31310	RPHASCH2410_PA01000	nirK	FALSE
site	WGATTakWWWTGAwwWWWhrWGW	ECK120004350	UlaR	ulaR	b4191	RPHASCH2410_RS21345	RPHASCH2410_PB00140	NA	NA	NA	RPHASCH2410_RS31310	RPHASCH2410_PA01000	nirK	FALSE
site	ttgACcrwtTrGTCmAcktt	ECK120002180	RutR	rutR	b1013	RPHASCH2410_RS15505	RPHASCH2410_CH15905	NA	NA	NA	RPHASCH2410_RS31320	RPHASCH2410_PA01010	nnrR	FALSE
site	twyGtyahgttarctktdkg	ECK120000946	SoxR	soxR	b4063	RPHASCH2410_RS05245	RPHASCH2410_CH05360	NA	NA	NA	RPHASCH2410_RS31420	RPHASCH2410_PA01105	RPHASCH2410_PA01105	FALSE
site	twyGtyahgttarctktdkg	ECK120000946	SoxR	soxR	b4063	RPHASCH2410_RS05245	RPHASCH2410_CH05360	NA	NA	NA	RPHASCH2410_RS31425	RPHASCH2410_PA01110	RPHASCH2410_PA01110	FALSE
site	twyGtyahgttarctktdkg	ECK120000946	SoxR	soxR	b4063	RPHASCH2410_RS05245	RPHASCH2410_CH05360	NA	NA	NA	RPHASCH2410_RS31430	RPHASCH2410_PA01115	RPHASCH2410_PA01115	FALSE
site	ayGTTAyccgTAAcATwwsmAw	ECK120002342	GntR	gntR	b3438	RPHASCH2410_RS25610	RPHASCH2410_PD00565	NA	NA	NA	RPHASCH2410_RS31555	RPHASCH2410_PA01240	RPHASCH2410_PA01240	FALSE
site	TAmCymwwwmgtrgTR	ECK120001481	NarP	narP	b2193	RPHASCH2410_RS31630	RPHASCH2410_PA01320	NA	NA	NA	RPHASCH2410_RS31555	RPHASCH2410_PA01240	RPHASCH2410_PA01240	FALSE
site	ayGTTAyccgTAAcATwwsmAw	ECK120002342	GntR	gntR	b3438	RPHASCH2410_RS25610	RPHASCH2410_PD00565	NA	NA	NA	RPHASCH2410_RS31560	RPHASCH2410_PA01245	RPHASCH2410_PA01245	FALSE
site	TAmCymwwwmgtrgTR	ECK120001481	NarP	narP	b2193	RPHASCH2410_RS31630	RPHASCH2410_PA01320	NA	NA	NA	RPHASCH2410_RS31560	RPHASCH2410_PA01245	RPHASCH2410_PA01245	FALSE
site	ATTTtytkWyATkgtkmaT	ECK120000483	ArgP	argP	b2916	RPHASCH2410_RS19540	RPHASCH2410_CH20050	NA	NA	NA	RPHASCH2410_RS31570	RPHASCH2410_PA01255	RPHASCH2410_PA01255	FALSE
site	ayGTTAyccgTAAcATwwsmAw	ECK120002342	GntR	gntR	b3438	RPHASCH2410_RS25610	RPHASCH2410_PD00565	NA	NA	NA	RPHASCH2410_RS31570	RPHASCH2410_PA01255	RPHASCH2410_PA01255	FALSE
site	ATTTtytkWyATkgtkmaT	ECK120000483	ArgP	argP	b2916	RPHASCH2410_RS19540	RPHASCH2410_CH20050	ECK120004387	idnO	b4266	RPHASCH2410_RS31575	RPHASCH2410_PA01260	idnO	FALSE
site	ayGTTAyccgTAAcATwwsmAw	ECK120002342	GntR	gntR	b3438	RPHASCH2410_RS25610	RPHASCH2410_PD00565	ECK120004387	idnO	b4266	RPHASCH2410_RS31575	RPHASCH2410_PA01260	idnO	TRUE
site	ayGTTAyccgTAAcATwwsmAw	ECK120002342	GntR	gntR	b3438	RPHASCH2410_RS25610	RPHASCH2410_PD00565	NA	NA	NA	RPHASCH2410_RS31590	RPHASCH2410_PA01275	RPHASCH2410_PA01275	FALSE
site	mAyhkyTwrCAwwwawdhawTdm	ECK120000194	CytR	cytR	b3934	RPHASCH2410_RS04060	RPHASCH2410_CH04180	NA	NA	NA	RPHASCH2410_RS35580	RPHASCH2410_PA01295	RPHASCH2410_PA01295	FALSE
site	WAarTkkAAWAwATWWTgAmCA	ECK120002286	PuuR	puuR	b1299	RPHASCH2410_RS28340	RPHASCH2410_PD03330	NA	NA	NA	RPHASCH2410_RS31700	RPHASCH2410_PA01390	RPHASCH2410_PA01390	FALSE
site	WAarTkkAAWAwATWWTgAmCA	ECK120002286	PuuR	puuR	b1299	RPHASCH2410_RS28340	RPHASCH2410_PD03330	NA	NA	NA	RPHASCH2410_RS31705	RPHASCH2410_PA01395	RPHASCH2410_PA01395	FALSE
site	WAarTkkAAWAwATWWTgAmCA	ECK120002286	PuuR	puuR	b1299	RPHASCH2410_RS28340	RPHASCH2410_PD03330	NA	NA	NA	RPHASCH2410_RS31745	RPHASCH2410_PA01435	RPHASCH2410_PA01435	FALSE
site	mAyhkyTwrCAwwwawdhawTdm	ECK120000194	CytR	cytR	b3934	RPHASCH2410_RS04060	RPHASCH2410_CH04180	NA	NA	NA	RPHASCH2410_RS31785	RPHASCH2410_PA01475	RPHASCH2410_PA01475	FALSE
site	WGATTakWWWTGAwwWWWhrWGW	ECK120004350	UlaR	ulaR	b4191	RPHASCH2410_RS21345	RPHASCH2410_PB00140	NA	NA	NA	RPHASCH2410_RS31785	RPHASCH2410_PA01475	RPHASCH2410_PA01475	FALSE
site	mAyhkyTwrCAwwwawdhawTdm	ECK120000194	CytR	cytR	b3934	RPHASCH2410_RS04060	RPHASCH2410_CH04180	NA	NA	NA	RPHASCH2410_RS31790	RPHASCH2410_PA01480	RPHASCH2410_PA01480	FALSE
site	WGATTakWWWTGAwwWWWhrWGW	ECK120004350	UlaR	ulaR	b4191	RPHASCH2410_RS21345	RPHASCH2410_PB00140	NA	NA	NA	RPHASCH2410_RS31790	RPHASCH2410_PA01480	RPHASCH2410_PA01480	FALSE
site	AcGCAAWCGTTTWCyTT	ECK120000791	PurR	purR	b1658	RPHASCH2410_RS11730	RPHASCH2410_CH12005	NA	NA	NA	RPHASCH2410_RS31870	RPHASCH2410_PA01560	RPHASCH2410_PA01560	FALSE
site	AcGCAAWCGTTTWCyTT	ECK120000791	PurR	purR	b1658	RPHASCH2410_RS11730	RPHASCH2410_CH12005	NA	NA	NA	RPHASCH2410_RS31875	RPHASCH2410_PA01565	RPHASCH2410_PA01565	FALSE
site	WAarTkkAAWAwATWWTgAmCA	ECK120002286	PuuR	puuR	b1299	RPHASCH2410_RS28340	RPHASCH2410_PD03330	NA	NA	NA	RPHASCH2410_RS31875	RPHASCH2410_PA01565	RPHASCH2410_PA01565	FALSE
site	WAarTkkAAWAwATWWTgAmCA	ECK120002286	PuuR	puuR	b1299	RPHASCH2410_RS28340	RPHASCH2410_PD03330	NA	NA	NA	RPHASCH2410_RS31940	RPHASCH2410_PA01630	RPHASCH2410_PA01630	FALSE
site	TAmCymwwwmgtrgTR	ECK120001481	NarP	narP	b2193	RPHASCH2410_RS31630	RPHASCH2410_PA01320	NA	NA	NA	RPHASCH2410_RS31945	RPHASCH2410_PA01635	RPHASCH2410_PA01635	FALSE
site	WGATTakWWWTGAwwWWWhrWGW	ECK120004350	UlaR	ulaR	b4191	RPHASCH2410_RS21345	RPHASCH2410_PB00140	NA	NA	NA	RPHASCH2410_RS21345	RPHASCH2410_PB00140	RPHASCH2410_PB00140	FALSE
site	WGATTakWWWTGAwwWWWhrWGW	ECK120004350	UlaR	ulaR	b4191	RPHASCH2410_RS21345	RPHASCH2410_PB00140	NA	NA	NA	RPHASCH2410_RS21350	RPHASCH2410_PB00145	RPHASCH2410_PB00145	FALSE
site	twyGtyahgttarctktdkg	ECK120000946	SoxR	soxR	b4063	RPHASCH2410_RS05245	RPHASCH2410_CH05360	NA	NA	NA	RPHASCH2410_RS21375	RPHASCH2410_PB00170	RPHASCH2410_PB00170	FALSE
site	twyGtyahgttarctktdkg	ECK120000946	SoxR	soxR	b4063	RPHASCH2410_RS05245	RPHASCH2410_CH05360	NA	NA	NA	RPHASCH2410_RS21380	RPHASCH2410_PB00175	RPHASCH2410_PB00175	FALSE
site	ayGTTAyccgTAAcATwwsmAw	ECK120002342	GntR	gntR	b3438	RPHASCH2410_RS25610	RPHASCH2410_PD00565	NA	NA	NA	RPHASCH2410_RS21385	RPHASCH2410_PB00185	RPHASCH2410_PB00185	FALSE
site	ayGTTAyccgTAAcATwwsmAw	ECK120002342	GntR	gntR	b3438	RPHASCH2410_RS25610	RPHASCH2410_PD00565	NA	NA	NA	RPHASCH2410_RS21390	RPHASCH2410_PB00190	RPHASCH2410_PB00190	FALSE
site	ATTTtytkWyATkgtkmaT	ECK120000483	ArgP	argP	b2916	RPHASCH2410_RS19540	RPHASCH2410_CH20050	NA	NA	NA	RPHASCH2410_RS21470	RPHASCH2410_PB00270	RPHASCH2410_PB00270	FALSE
site	ayGTTAyccgTAAcATwwsmAw	ECK120002342	GntR	gntR	b3438	RPHASCH2410_RS25610	RPHASCH2410_PD00565	NA	NA	NA	RPHASCH2410_RS21480	RPHASCH2410_PB00280	RPHASCH2410_PB00280	FALSE
site	TAmCymwwwmgtrgTR	ECK120001481	NarP	narP	b2193	RPHASCH2410_RS31630	RPHASCH2410_PA01320	NA	NA	NA	RPHASCH2410_RS21580	RPHASCH2410_PB00385	RPHASCH2410_PB00385	FALSE
site	mAyhkyTwrCAwwwawdhawTdm	ECK120000194	CytR	cytR	b3934	RPHASCH2410_RS04060	RPHASCH2410_CH04180	NA	NA	NA	RPHASCH2410_RS21790	RPHASCH2410_PB00600	RPHASCH2410_PB00600	FALSE
site	mAyhkyTwrCAwwwawdhawTdm	ECK120000194	CytR	cytR	b3934	RPHASCH2410_RS04060	RPHASCH2410_CH04180	NA	NA	NA	RPHASCH2410_RS21795	RPHASCH2410_PB00605	RPHASCH2410_PB00605	FALSE
site	WAarTkkAAWAwATWWTgAmCA	ECK120002286	PuuR	puuR	b1299	RPHASCH2410_RS28340	RPHASCH2410_PD03330	NA	NA	NA	RPHASCH2410_RS21850	RPHASCH2410_PB00655	RPHASCH2410_PB00655	FALSE
site	kwwTwTTwTycTk	ECK120000540	Lrp	lrp	b0889	RPHASCH2410_RS28065	RPHASCH2410_PD03050	NA	NA	NA	RPHASCH2410_RS21900	RPHASCH2410_PB00705	RPHASCH2410_PB00705	FALSE
site	kwwTwTTwTycTk	ECK120000540	Lrp	lrp	b0889	RPHASCH2410_RS28065	RPHASCH2410_PD03050	NA	NA	NA	RPHASCH2410_RS21905	RPHASCH2410_PB00710	RPHASCH2410_PB00710	FALSE
site	kwwTwTTwTycTk	ECK120000540	Lrp	lrp	b0889	RPHASCH2410_RS28065	RPHASCH2410_PD03050	NA	NA	NA	RPHASCH2410_RS21915	RPHASCH2410_PB00720	RPHASCH2410_PB00720	FALSE
site	kwwTwTTwTycTk	ECK120000540	Lrp	lrp	b0889	RPHASCH2410_RS28065	RPHASCH2410_PD03050	NA	NA	NA	RPHASCH2410_RS21920	RPHASCH2410_PB00725	RPHASCH2410_PB00725	FALSE
site	ATTAhTkAtwWAAAT	ECK120003471	SlyA	slyA	b1642	RPHASCH2410_RS15855	RPHASCH2410_CH16260	NA	NA	NA	RPHASCH2410_RS22130	RPHASCH2410_PB00940	RPHASCH2410_PB00940	FALSE
site	AcGCAAWCGTTTWCyTT	ECK120000791	PurR	purR	b1658	RPHASCH2410_RS11730	RPHASCH2410_CH12005	NA	NA	NA	RPHASCH2410_RS22145	RPHASCH2410_PB00955	RPHASCH2410_PB00955	FALSE
site	rwkwdTGdaAryrdTTWC	ECK120000357	GalR	galR	b2837	RPHASCH2410_RS09860	RPHASCH2410_CH10080	NA	NA	NA	RPHASCH2410_RS22145	RPHASCH2410_PB00955	RPHASCH2410_PB00955	FALSE
site	twyGtyahgttarctktdkg	ECK120000946	SoxR	soxR	b4063	RPHASCH2410_RS05245	RPHASCH2410_CH05360	NA	NA	NA	RPHASCH2410_RS22155	RPHASCH2410_PB00965	RPHASCH2410_PB00965	FALSE
site	twyGtyahgttarctktdkg	ECK120000946	SoxR	soxR	b4063	RPHASCH2410_RS05245	RPHASCH2410_CH05360	NA	NA	NA	RPHASCH2410_RS22160	RPHASCH2410_PB00970	msrAb	FALSE
site	ttgACcrwtTrGTCmAcktt	ECK120002180	RutR	rutR	b1013	RPHASCH2410_RS15505	RPHASCH2410_CH15905	NA	NA	NA	RPHASCH2410_RS22175	RPHASCH2410_PB00985	RPHASCH2410_PB00985	FALSE
site	ttgACcrwtTrGTCmAcktt	ECK120002180	RutR	rutR	b1013	RPHASCH2410_RS15505	RPHASCH2410_CH15905	NA	NA	NA	RPHASCH2410_RS22180	RPHASCH2410_PB00990	RPHASCH2410_PB00990	FALSE
site	rdtTTrryrwWwygTGCbrTwwk	ECK120001334	Rob	rob	b4396	RPHASCH2410_RS04095	RPHASCH2410_CH04215	NA	NA	NA	RPHASCH2410_RS22185	RPHASCH2410_PB00995	RPHASCH2410_PB00995	FALSE
site	ttgACcrwtTrGTCmAcktt	ECK120002180	RutR	rutR	b1013	RPHASCH2410_RS15505	RPHASCH2410_CH15905	NA	NA	NA	RPHASCH2410_RS22210	RPHASCH2410_PB01020	RPHASCH2410_PB01020	FALSE
site	ttgACcrwtTrGTCmAcktt	ECK120002180	RutR	rutR	b1013	RPHASCH2410_RS15505	RPHASCH2410_CH15905	NA	NA	NA	RPHASCH2410_RS22215	RPHASCH2410_PB01025	RPHASCH2410_PB01025	FALSE
site	mAyhkyTwrCAwwwawdhawTdm	ECK120000194	CytR	cytR	b3934	RPHASCH2410_RS04060	RPHASCH2410_CH04180	NA	NA	NA	RPHASCH2410_RS22270	RPHASCH2410_PB01080	RPHASCH2410_PB01080	FALSE
site	ATTAhTkAtwWAAAT	ECK120003471	SlyA	slyA	b1642	RPHASCH2410_RS15855	RPHASCH2410_CH16260	NA	NA	NA	RPHASCH2410_RS22525	RPHASCH2410_PB01325	hutI	FALSE
site	ATTTtytkWyATkgtkmaT	ECK120000483	ArgP	argP	b2916	RPHASCH2410_RS19540	RPHASCH2410_CH20050	NA	NA	NA	RPHASCH2410_RS22600	RPHASCH2410_PB01405	RPHASCH2410_PB01405	FALSE
site	ATTTtytkWyATkgtkmaT	ECK120000483	ArgP	argP	b2916	RPHASCH2410_RS19540	RPHASCH2410_CH20050	NA	NA	NA	RPHASCH2410_RS22605	RPHASCH2410_PB01410	agaL1	FALSE
site	twyGtyahgttarctktdkg	ECK120000946	SoxR	soxR	b4063	RPHASCH2410_RS05245	RPHASCH2410_CH05360	NA	NA	NA	RPHASCH2410_RS22710	RPHASCH2410_PB01510	RPHASCH2410_PB01510	FALSE
site	kwwTwTTwTycTk	ECK120000540	Lrp	lrp	b0889	RPHASCH2410_RS28065	RPHASCH2410_PD03050	NA	NA	NA	RPHASCH2410_RS22755	RPHASCH2410_PB01555	RPHASCH2410_PB01555	FALSE
site	ATTAhTkAtwWAAAT	ECK120003471	SlyA	slyA	b1642	RPHASCH2410_RS15855	RPHASCH2410_CH16260	NA	NA	NA	RPHASCH2410_RS22790	RPHASCH2410_PB01590	RPHASCH2410_PB01590	FALSE
site	ATTAhTkAtwWAAAT	ECK120003471	SlyA	slyA	b1642	RPHASCH2410_RS15855	RPHASCH2410_CH16260	NA	NA	NA	RPHASCH2410_RS22795	RPHASCH2410_PB01595	RPHASCH2410_PB01595	FALSE
site	TAmCymwwwmgtrgTR	ECK120001481	NarP	narP	b2193	RPHASCH2410_RS31630	RPHASCH2410_PA01320	NA	NA	NA	RPHASCH2410_RS22855	RPHASCH2410_PB01655	RPHASCH2410_PB01655	FALSE
site	ayGTTAyccgTAAcATwwsmAw	ECK120002342	GntR	gntR	b3438	RPHASCH2410_RS25610	RPHASCH2410_PD00565	NA	NA	NA	RPHASCH2410_RS23255	RPHASCH2410_PC00145	fixA	FALSE
site	ATTTtytkWyATkgtkmaT	ECK120000483	ArgP	argP	b2916	RPHASCH2410_RS19540	RPHASCH2410_CH20050	NA	NA	NA	RPHASCH2410_RS23275	RPHASCH2410_PC00165	nifA	FALSE
site	mAyhkyTwrCAwwwawdhawTdm	ECK120000194	CytR	cytR	b3934	RPHASCH2410_RS04060	RPHASCH2410_CH04180	NA	NA	NA	RPHASCH2410_RS23275	RPHASCH2410_PC00165	nifA	FALSE
site	tkAhAwwwwCTwATggyw	ECK120001729	GcvA	gcvA	b2808	RPHASCH2410_RS14950	RPHASCH2410_CH15335	NA	NA	NA	RPHASCH2410_RS23275	RPHASCH2410_PC00165	nifA	FALSE
site	WGATTakWWWTGAwwWWWhrWGW	ECK120004350	UlaR	ulaR	b4191	RPHASCH2410_RS21345	RPHASCH2410_PB00140	NA	NA	NA	RPHASCH2410_RS23275	RPHASCH2410_PC00165	nifA	FALSE
site	WAarTkkAAWAwATWWTgAmCA	ECK120002286	PuuR	puuR	b1299	RPHASCH2410_RS28340	RPHASCH2410_PD03330	NA	NA	NA	RPHASCH2410_RS23300	RPHASCH2410_PC00190	RPHASCH2410_PC00190	FALSE
site	WAarTkkAAWAwATWWTgAmCA	ECK120002286	PuuR	puuR	b1299	RPHASCH2410_RS28340	RPHASCH2410_PD03330	NA	NA	NA	RPHASCH2410_RS23540	RPHASCH2410_PC00450	nodI	FALSE
site	WAarTkkAAWAwATWWTgAmCA	ECK120002286	PuuR	puuR	b1299	RPHASCH2410_RS28340	RPHASCH2410_PD03330	NA	NA	NA	RPHASCH2410_RS23640	RPHASCH2410_PC00565	bacS	FALSE
site	TAmCymwwwmgtrgTR	ECK120001481	NarP	narP	b2193	RPHASCH2410_RS31630	RPHASCH2410_PA01320	NA	NA	NA	RPHASCH2410_RS23735	RPHASCH2410_PC00695	nodD3	FALSE
site	ttgACcrwtTrGTCmAcktt	ECK120002180	RutR	rutR	b1013	RPHASCH2410_RS15505	RPHASCH2410_CH15905	NA	NA	NA	RPHASCH2410_RS23855	RPHASCH2410_PC00835	repAb	FALSE
site	ayGTTAyccgTAAcATwwsmAw	ECK120002342	GntR	gntR	b3438	RPHASCH2410_RS25610	RPHASCH2410_PD00565	NA	NA	NA	RPHASCH2410_RS23895	RPHASCH2410_PC00885	RPHASCH2410_PC00885	FALSE
site	rwkwdTGdaAryrdTTWC	ECK120000357	GalR	galR	b2837	RPHASCH2410_RS09860	RPHASCH2410_CH10080	NA	NA	NA	RPHASCH2410_RS23895	RPHASCH2410_PC00885	RPHASCH2410_PC00885	FALSE
site	cacygTTaATT	ECK120002359	Dan	dan	b3060	RPHASCH2410_RS10745	RPHASCH2410_CH10995	NA	NA	NA	RPHASCH2410_RS24175	RPHASCH2410_PC01160	ectCc	FALSE
site	kwwTwTTwTycTk	ECK120000540	Lrp	lrp	b0889	RPHASCH2410_RS28065	RPHASCH2410_PD03050	NA	NA	NA	RPHASCH2410_RS24230	RPHASCH2410_PC01215	RPHASCH2410_PC01215	FALSE
site	twyGtyahgttarctktdkg	ECK120000946	SoxR	soxR	b4063	RPHASCH2410_RS05245	RPHASCH2410_CH05360	NA	NA	NA	RPHASCH2410_RS24265	RPHASCH2410_PC01250	RPHASCH2410_PC01250	FALSE
site	mAyhkyTwrCAwwwawdhawTdm	ECK120000194	CytR	cytR	b3934	RPHASCH2410_RS04060	RPHASCH2410_CH04180	NA	NA	NA	RPHASCH2410_RS24285	RPHASCH2410_PC01265	RPHASCH2410_PC01265	FALSE
site	ATTTtytkWyATkgtkmaT	ECK120000483	ArgP	argP	b2916	RPHASCH2410_RS19540	RPHASCH2410_CH20050	NA	NA	NA	RPHASCH2410_RS24420	RPHASCH2410_PC01405	RPHASCH2410_PC01405	FALSE
site	tkAhAwwwwCTwATggyw	ECK120001729	GcvA	gcvA	b2808	RPHASCH2410_RS14950	RPHASCH2410_CH15335	NA	NA	NA	RPHASCH2410_RS24505	RPHASCH2410_PC01515	RPHASCH2410_PC01515	FALSE
site	tkAhAwwwwCTwATggyw	ECK120001729	GcvA	gcvA	b2808	RPHASCH2410_RS14950	RPHASCH2410_CH15335	NA	NA	NA	RPHASCH2410_RS24510	RPHASCH2410_PC01520	mcpGc	FALSE
site	WAarTkkAAWAwATWWTgAmCA	ECK120002286	PuuR	puuR	b1299	RPHASCH2410_RS28340	RPHASCH2410_PD03330	NA	NA	NA	RPHASCH2410_RS24530	RPHASCH2410_PC01540	mcpAc	FALSE
site	ATTAhTkAtwWAAAT	ECK120003471	SlyA	slyA	b1642	RPHASCH2410_RS15855	RPHASCH2410_CH16260	NA	NA	NA	RPHASCH2410_RS24695	RPHASCH2410_PC01715	RPHASCH2410_PC01715	FALSE
site	ATTAhTkAtwWAAAT	ECK120003471	SlyA	slyA	b1642	RPHASCH2410_RS15855	RPHASCH2410_CH16260	NA	NA	NA	RPHASCH2410_RS24700	RPHASCH2410_PC01720	RPHASCH2410_PC01720	FALSE
site	ATTAhTkAtwWAAAT	ECK120003471	SlyA	slyA	b1642	RPHASCH2410_RS15855	RPHASCH2410_CH16260	NA	NA	NA	RPHASCH2410_RS24765	RPHASCH2410_PC01790	RPHASCH2410_PC01790	FALSE
site	ATTTtytkWyATkgtkmaT	ECK120000483	ArgP	argP	b2916	RPHASCH2410_RS19540	RPHASCH2410_CH20050	NA	NA	NA	NA	RPHASCH2410_PC01950	RPHASCH2410_PC01950	FALSE
site	WAarTkkAAWAwATWWTgAmCA	ECK120002286	PuuR	puuR	b1299	RPHASCH2410_RS28340	RPHASCH2410_PD03330	NA	NA	NA	RPHASCH2410_RS24905	RPHASCH2410_PC01965	RPHASCH2410_PC01965	FALSE
site	twyGtyahgttarctktdkg	ECK120000946	SoxR	soxR	b4063	RPHASCH2410_RS05245	RPHASCH2410_CH05360	NA	NA	NA	RPHASCH2410_RS24965	RPHASCH2410_PC02025	RPHASCH2410_PC02025	FALSE
site	mAyhkyTwrCAwwwawdhawTdm	ECK120000194	CytR	cytR	b3934	RPHASCH2410_RS04060	RPHASCH2410_CH04180	NA	NA	NA	RPHASCH2410_RS24970	RPHASCH2410_PC02045	RPHASCH2410_PC02045	FALSE
site	ttgACcrwtTrGTCmAcktt	ECK120002180	RutR	rutR	b1013	RPHASCH2410_RS15505	RPHASCH2410_CH15905	NA	NA	NA	RPHASCH2410_RS33220	RPHASCH2410_PC02105	RPHASCH2410_PC02105	FALSE
site	TAmCymwwwmgtrgTR	ECK120001481	NarP	narP	b2193	RPHASCH2410_RS31630	RPHASCH2410_PA01320	NA	NA	NA	RPHASCH2410_RS25075	RPHASCH2410_PD00010	RPHASCH2410_PD00010	FALSE
site	TAmCymwwwmgtrgTR	ECK120001481	NarP	narP	b2193	RPHASCH2410_RS31630	RPHASCH2410_PA01320	NA	NA	NA	RPHASCH2410_RS25080	RPHASCH2410_PD00015	RPHASCH2410_PD00015	FALSE
site	mAyhkyTwrCAwwwawdhawTdm	ECK120000194	CytR	cytR	b3934	RPHASCH2410_RS04060	RPHASCH2410_CH04180	NA	NA	NA	RPHASCH2410_RS25155	RPHASCH2410_PD00105	RPHASCH2410_PD00105	FALSE
site	mAyhkyTwrCAwwwawdhawTdm	ECK120000194	CytR	cytR	b3934	RPHASCH2410_RS04060	RPHASCH2410_CH04180	NA	NA	NA	RPHASCH2410_RS25160	RPHASCH2410_PD00110	RPHASCH2410_PD00110	FALSE
site	AcGCAAWCGTTTWCyTT	ECK120000791	PurR	purR	b1658	RPHASCH2410_RS11730	RPHASCH2410_CH12005	NA	NA	NA	RPHASCH2410_RS25175	RPHASCH2410_PD00125	RPHASCH2410_PD00125	FALSE
site	rwkwdTGdaAryrdTTWC	ECK120000357	GalR	galR	b2837	RPHASCH2410_RS09860	RPHASCH2410_CH10080	NA	NA	NA	RPHASCH2410_RS25175	RPHASCH2410_PD00125	RPHASCH2410_PD00125	FALSE
site	kwwTwTTwTycTk	ECK120000540	Lrp	lrp	b0889	RPHASCH2410_RS28065	RPHASCH2410_PD03050	NA	NA	NA	RPHASCH2410_RS25335	RPHASCH2410_PD00290	RPHASCH2410_PD00290	FALSE
site	mAyhkyTwrCAwwwawdhawTdm	ECK120000194	CytR	cytR	b3934	RPHASCH2410_RS04060	RPHASCH2410_CH04180	NA	NA	NA	RPHASCH2410_RS25370	RPHASCH2410_PD00330	RPHASCH2410_PD00330	FALSE
site	mAyhkyTwrCAwwwawdhawTdm	ECK120000194	CytR	cytR	b3934	RPHASCH2410_RS04060	RPHASCH2410_CH04180	NA	NA	NA	RPHASCH2410_RS25375	RPHASCH2410_PD00335	RPHASCH2410_PD00335	FALSE
site	kwwTwTTwTycTk	ECK120000540	Lrp	lrp	b0889	RPHASCH2410_RS28065	RPHASCH2410_PD03050	NA	NA	NA	RPHASCH2410_RS25500	RPHASCH2410_PD00460	RPHASCH2410_PD00460	FALSE
site	WGATTakWWWTGAwwWWWhrWGW	ECK120004350	UlaR	ulaR	b4191	RPHASCH2410_RS21345	RPHASCH2410_PB00140	NA	NA	NA	RPHASCH2410_RS25500	RPHASCH2410_PD00460	RPHASCH2410_PD00460	FALSE
site	kwwTwTTwTycTk	ECK120000540	Lrp	lrp	b0889	RPHASCH2410_RS28065	RPHASCH2410_PD03050	NA	NA	NA	RPHASCH2410_RS25505	RPHASCH2410_PD00465	RPHASCH2410_PD00465	FALSE
site	WGATTakWWWTGAwwWWWhrWGW	ECK120004350	UlaR	ulaR	b4191	RPHASCH2410_RS21345	RPHASCH2410_PB00140	NA	NA	NA	RPHASCH2410_RS25505	RPHASCH2410_PD00465	RPHASCH2410_PD00465	FALSE
site	dwtGCACcATTtTggkGCAm	ECK120000378	NtrC	ntrC	b3868	RPHASCH2410_RS02570	RPHASCH2410_CH02640	NA	NA	NA	RPHASCH2410_RS25585	RPHASCH2410_PD00545	RPHASCH2410_PD00545	FALSE
site	ayGTTAyccgTAAcATwwsmAw	ECK120002342	GntR	gntR	b3438	RPHASCH2410_RS25610	RPHASCH2410_PD00565	NA	NA	NA	RPHASCH2410_RS25610	RPHASCH2410_PD00565	RPHASCH2410_PD00565	FALSE
site	ayGTTAyccgTAAcATwwsmAw	ECK120002342	GntR	gntR	b3438	RPHASCH2410_RS25610	RPHASCH2410_PD00565	NA	NA	NA	NA	RPHASCH2410_PD00570	RPHASCH2410_PD00570	FALSE
site	ayGTTAyccgTAAcATwwsmAw	ECK120002342	GntR	gntR	b3438	RPHASCH2410_RS25610	RPHASCH2410_PD00565	NA	NA	NA	RPHASCH2410_RS25740	RPHASCH2410_PD00700	RPHASCH2410_PD00700	FALSE
site	ayGTTAyccgTAAcATwwsmAw	ECK120002342	GntR	gntR	b3438	RPHASCH2410_RS25610	RPHASCH2410_PD00565	NA	NA	NA	RPHASCH2410_RS25745	RPHASCH2410_PD00705	RPHASCH2410_PD00705	FALSE
site	WAarTkkAAWAwATWWTgAmCA	ECK120002286	PuuR	puuR	b1299	RPHASCH2410_RS28340	RPHASCH2410_PD03330	NA	NA	NA	RPHASCH2410_RS25830	RPHASCH2410_PD00790	RPHASCH2410_PD00790	FALSE
site	ATTAhTkAtwWAAAT	ECK120003471	SlyA	slyA	b1642	RPHASCH2410_RS15855	RPHASCH2410_CH16260	NA	NA	NA	RPHASCH2410_RS25855	RPHASCH2410_PD00815	RPHASCH2410_PD00815	FALSE
site	ATTAhTkAtwWAAAT	ECK120003471	SlyA	slyA	b1642	RPHASCH2410_RS15855	RPHASCH2410_CH16260	NA	NA	NA	RPHASCH2410_RS25860	RPHASCH2410_PD00820	RPHASCH2410_PD00820	FALSE
site	rwkwdTGdaAryrdTTWC	ECK120000357	GalR	galR	b2837	RPHASCH2410_RS09860	RPHASCH2410_CH10080	NA	NA	NA	RPHASCH2410_RS26030	RPHASCH2410_PD00985	RPHASCH2410_PD00985	FALSE
site	rwkwdTGdaAryrdTTWC	ECK120000357	GalR	galR	b2837	RPHASCH2410_RS09860	RPHASCH2410_CH10080	NA	NA	NA	RPHASCH2410_RS26035	RPHASCH2410_PD00990	RPHASCH2410_PD00990	FALSE
site	WAarTkkAAWAwATWWTgAmCA	ECK120002286	PuuR	puuR	b1299	RPHASCH2410_RS28340	RPHASCH2410_PD03330	NA	NA	NA	RPHASCH2410_RS26265	RPHASCH2410_PD01220	RPHASCH2410_PD01220	FALSE
site	rwkwdTGdaAryrdTTWC	ECK120000357	GalR	galR	b2837	RPHASCH2410_RS09860	RPHASCH2410_CH10080	NA	NA	NA	NA	RPHASCH2410_PD01325	RPHASCH2410_PD01325	FALSE
site	twyGtyahgttarctktdkg	ECK120000946	SoxR	soxR	b4063	RPHASCH2410_RS05245	RPHASCH2410_CH05360	NA	NA	NA	RPHASCH2410_RS26405	RPHASCH2410_PD01370	RPHASCH2410_PD01370	FALSE
site	ayGTTAyccgTAAcATwwsmAw	ECK120002342	GntR	gntR	b3438	RPHASCH2410_RS25610	RPHASCH2410_PD00565	NA	NA	NA	RPHASCH2410_RS32110	RPHASCH2410_PD01455	RPHASCH2410_PD01455	FALSE
site	tkAhAwwwwCTwATggyw	ECK120001729	GcvA	gcvA	b2808	RPHASCH2410_RS14950	RPHASCH2410_CH15335	NA	NA	NA	RPHASCH2410_RS26585	RPHASCH2410_PD01565	RPHASCH2410_PD01565	FALSE
site	cacygTTaATT	ECK120002359	Dan	dan	b3060	RPHASCH2410_RS10745	RPHASCH2410_CH10995	NA	NA	NA	RPHASCH2410_RS26590	RPHASCH2410_PD01570	RPHASCH2410_PD01570	FALSE
site	tkAhAwwwwCTwATggyw	ECK120001729	GcvA	gcvA	b2808	RPHASCH2410_RS14950	RPHASCH2410_CH15335	NA	NA	NA	RPHASCH2410_RS26590	RPHASCH2410_PD01570	RPHASCH2410_PD01570	FALSE
site	WGATTakWWWTGAwwWWWhrWGW	ECK120004350	UlaR	ulaR	b4191	RPHASCH2410_RS21345	RPHASCH2410_PB00140	NA	NA	NA	RPHASCH2410_RS26600	RPHASCH2410_PD01580	RPHASCH2410_PD01580	FALSE
site	dwtGCACcATTtTggkGCAm	ECK120000378	NtrC	ntrC	b3868	RPHASCH2410_RS02570	RPHASCH2410_CH02640	NA	NA	NA	RPHASCH2410_RS26625	RPHASCH2410_PD01605	exoQ	FALSE
site	dwtGCACcATTtTggkGCAm	ECK120000378	NtrC	ntrC	b3868	RPHASCH2410_RS02570	RPHASCH2410_CH02640	NA	NA	NA	RPHASCH2410_RS26630	RPHASCH2410_PD01610	RPHASCH2410_PD01610	FALSE
site	WGATTakWWWTGAwwWWWhrWGW	ECK120004350	UlaR	ulaR	b4191	RPHASCH2410_RS21345	RPHASCH2410_PB00140	NA	NA	NA	RPHASCH2410_RS26630	RPHASCH2410_PD01610	RPHASCH2410_PD01610	FALSE
site	ttgACcrwtTrGTCmAcktt	ECK120002180	RutR	rutR	b1013	RPHASCH2410_RS15505	RPHASCH2410_CH15905	NA	NA	NA	RPHASCH2410_RS26675	RPHASCH2410_PD01655	RPHASCH2410_PD01655	FALSE
site	AcGCAAWCGTTTWCyTT	ECK120000791	PurR	purR	b1658	RPHASCH2410_RS11730	RPHASCH2410_CH12005	NA	NA	NA	RPHASCH2410_RS34220	RPHASCH2410_PD01675	RPHASCH2410_PD01675	FALSE
site	kwwTwTTwTycTk	ECK120000540	Lrp	lrp	b0889	RPHASCH2410_RS28065	RPHASCH2410_PD03050	NA	NA	NA	RPHASCH2410_RS26930	RPHASCH2410_PD01910	RPHASCH2410_PD01910	FALSE
site	WGATTakWWWTGAwwWWWhrWGW	ECK120004350	UlaR	ulaR	b4191	RPHASCH2410_RS21345	RPHASCH2410_PB00140	NA	NA	NA	RPHASCH2410_RS26945	RPHASCH2410_PD01920	RPHASCH2410_PD01920	FALSE
site	mAyhkyTwrCAwwwawdhawTdm	ECK120000194	CytR	cytR	b3934	RPHASCH2410_RS04060	RPHASCH2410_CH04180	NA	NA	NA	RPHASCH2410_RS27090	RPHASCH2410_PD02065	RPHASCH2410_PD02065	FALSE
site	ayGTTAyccgTAAcATwwsmAw	ECK120002342	GntR	gntR	b3438	RPHASCH2410_RS25610	RPHASCH2410_PD00565	NA	NA	NA	RPHASCH2410_RS27480	RPHASCH2410_PD02455	glnH	FALSE
site	ayGTTAyccgTAAcATwwsmAw	ECK120002342	GntR	gntR	b3438	RPHASCH2410_RS25610	RPHASCH2410_PD00565	NA	NA	NA	RPHASCH2410_RS27485	RPHASCH2410_PD02460	RPHASCH2410_PD02460	FALSE
site	ayGTTAyccgTAAcATwwsmAw	ECK120002342	GntR	gntR	b3438	RPHASCH2410_RS25610	RPHASCH2410_PD00565	NA	NA	NA	RPHASCH2410_RS27620	RPHASCH2410_PD02595	RPHASCH2410_PD02595	FALSE
site	dwtGCACcATTtTggkGCAm	ECK120000378	NtrC	ntrC	b3868	RPHASCH2410_RS02570	RPHASCH2410_CH02640	NA	NA	NA	RPHASCH2410_RS27760	RPHASCH2410_PD02745	RPHASCH2410_PD02745	FALSE
site	dwtGCACcATTtTggkGCAm	ECK120000378	NtrC	ntrC	b3868	RPHASCH2410_RS02570	RPHASCH2410_CH02640	NA	NA	NA	RPHASCH2410_RS27765	RPHASCH2410_PD02750	RPHASCH2410_PD02750	FALSE
site	rdtTTrryrwWwygTGCbrTwwk	ECK120001334	Rob	rob	b4396	RPHASCH2410_RS04095	RPHASCH2410_CH04215	NA	NA	NA	RPHASCH2410_RS27775	RPHASCH2410_PD02760	RPHASCH2410_PD02760	FALSE
site	WGATTakWWWTGAwwWWWhrWGW	ECK120004350	UlaR	ulaR	b4191	RPHASCH2410_RS21345	RPHASCH2410_PB00140	NA	NA	NA	RPHASCH2410_RS27775	RPHASCH2410_PD02760	RPHASCH2410_PD02760	FALSE
site	rdtTTrryrwWwygTGCbrTwwk	ECK120001334	Rob	rob	b4396	RPHASCH2410_RS04095	RPHASCH2410_CH04215	NA	NA	NA	RPHASCH2410_RS27780	RPHASCH2410_PD02765	RPHASCH2410_PD02765	FALSE
site	tkAhAwwwwCTwATggyw	ECK120001729	GcvA	gcvA	b2808	RPHASCH2410_RS14950	RPHASCH2410_CH15335	NA	NA	NA	RPHASCH2410_RS28075	RPHASCH2410_PD03060	RPHASCH2410_PD03060	FALSE
site	tkAhAwwwwCTwATggyw	ECK120001729	GcvA	gcvA	b2808	RPHASCH2410_RS14950	RPHASCH2410_CH15335	NA	NA	NA	RPHASCH2410_RS28080	RPHASCH2410_PD03065	RPHASCH2410_PD03065	FALSE
site	WAarTkkAAWAwATWWTgAmCA	ECK120002286	PuuR	puuR	b1299	RPHASCH2410_RS28340	RPHASCH2410_PD03330	NA	NA	NA	RPHASCH2410_RS28155	RPHASCH2410_PD03140	stcD	FALSE
site	WAarTkkAAWAwATWWTgAmCA	ECK120002286	PuuR	puuR	b1299	RPHASCH2410_RS28340	RPHASCH2410_PD03330	NA	NA	NA	RPHASCH2410_RS28160	RPHASCH2410_PD03145	RPHASCH2410_PD03145	FALSE
site	ayGTTAyccgTAAcATwwsmAw	ECK120002342	GntR	gntR	b3438	RPHASCH2410_RS25610	RPHASCH2410_PD00565	NA	NA	NA	RPHASCH2410_RS28580	RPHASCH2410_PD03595	RPHASCH2410_PD03595	FALSE
site	WAarTkkAAWAwATWWTgAmCA	ECK120002286	PuuR	puuR	b1299	RPHASCH2410_RS28340	RPHASCH2410_PD03330	NA	NA	NA	RPHASCH2410_RS28705	RPHASCH2410_PD03730	RPHASCH2410_PD03730	FALSE
site	kwwTwTTwTycTk	ECK120000540	Lrp	lrp	b0889	RPHASCH2410_RS28065	RPHASCH2410_PD03050	NA	NA	NA	RPHASCH2410_RS28820	RPHASCH2410_PD03845	RPHASCH2410_PD03845	FALSE
site	ATTAhTkAtwWAAAT	ECK120003471	SlyA	slyA	b1642	RPHASCH2410_RS15855	RPHASCH2410_CH16260	NA	NA	NA	RPHASCH2410_RS28840	RPHASCH2410_PD03865	RPHASCH2410_PD03865	FALSE
site	WGATTakWWWTGAwwWWWhrWGW	ECK120004350	UlaR	ulaR	b4191	RPHASCH2410_RS21345	RPHASCH2410_PB00140	NA	NA	NA	RPHASCH2410_RS28840	RPHASCH2410_PD03865	RPHASCH2410_PD03865	FALSE
site	ATTAhTkAtwWAAAT	ECK120003471	SlyA	slyA	b1642	RPHASCH2410_RS15855	RPHASCH2410_CH16260	NA	NA	NA	NA	RPHASCH2410_PD03870	RPHASCH2410_PD03870	FALSE
site	WGATTakWWWTGAwwWWWhrWGW	ECK120004350	UlaR	ulaR	b4191	RPHASCH2410_RS21345	RPHASCH2410_PB00140	NA	NA	NA	NA	RPHASCH2410_PD03870	RPHASCH2410_PD03870	FALSE
site	ttgACcrwtTrGTCmAcktt	ECK120002180	RutR	rutR	b1013	RPHASCH2410_RS15505	RPHASCH2410_CH15905	NA	NA	NA	RPHASCH2410_RS28890	RPHASCH2410_PD03925	RPHASCH2410_PD03925	FALSE
site	ttgACcrwtTrGTCmAcktt	ECK120002180	RutR	rutR	b1013	RPHASCH2410_RS15505	RPHASCH2410_CH15905	NA	NA	NA	NA	RPHASCH2410_PD03950	RPHASCH2410_PD03950	FALSE
site	WAarTkkAAWAwATWWTgAmCA	ECK120002286	PuuR	puuR	b1299	RPHASCH2410_RS28340	RPHASCH2410_PD03330	NA	NA	NA	RPHASCH2410_RS29040	RPHASCH2410_PD04110	RPHASCH2410_PD04110	FALSE
site	WAarTkkAAWAwATWWTgAmCA	ECK120002286	PuuR	puuR	b1299	RPHASCH2410_RS28340	RPHASCH2410_PD03330	NA	NA	NA	RPHASCH2410_RS29045	RPHASCH2410_PD04115	RPHASCH2410_PD04115	FALSE
site	tkAhAwwwwCTwATggyw	ECK120001729	GcvA	gcvA	b2808	RPHASCH2410_RS14950	RPHASCH2410_CH15335	NA	NA	NA	RPHASCH2410_RS29050	RPHASCH2410_PD04120	RPHASCH2410_PD04120	FALSE
site	WAarTkkAAWAwATWWTgAmCA	ECK120002286	PuuR	puuR	b1299	RPHASCH2410_RS28340	RPHASCH2410_PD03330	NA	NA	NA	RPHASCH2410_RS29095	RPHASCH2410_PD04165	RPHASCH2410_PD04165	FALSE
site	ayGTTAyccgTAAcATwwsmAw	ECK120002342	GntR	gntR	b3438	RPHASCH2410_RS25610	RPHASCH2410_PD00565	NA	NA	NA	RPHASCH2410_RS33515	RPHASCH2410_PD04220	RPHASCH2410_PD04220	FALSE
site	ayGTTAyccgTAAcATwwsmAw	ECK120002342	GntR	gntR	b3438	RPHASCH2410_RS25610	RPHASCH2410_PD00565	NA	NA	NA	NA	RPHASCH2410_PD04225	RPHASCH2410_PD04225	FALSE
site	ttgACcrwtTrGTCmAcktt	ECK120002180	RutR	rutR	b1013	RPHASCH2410_RS15505	RPHASCH2410_CH15905	NA	NA	NA	RPHASCH2410_RS29360	RPHASCH2410_PD04465	RPHASCH2410_PD04465	FALSE
site	ttgACcrwtTrGTCmAcktt	ECK120002180	RutR	rutR	b1013	RPHASCH2410_RS15505	RPHASCH2410_CH15905	NA	NA	NA	RPHASCH2410_RS29465	RPHASCH2410_PD04570	RPHASCH2410_PD04570	FALSE
site	twyGtyahgttarctktdkg	ECK120000946	SoxR	soxR	b4063	RPHASCH2410_RS05245	RPHASCH2410_CH05360	NA	NA	NA	RPHASCH2410_RS29530	RPHASCH2410_PD04635	RPHASCH2410_PD04635	FALSE
site	ATTAhTkAtwWAAAT	ECK120003471	SlyA	slyA	b1642	RPHASCH2410_RS15855	RPHASCH2410_CH16260	NA	NA	NA	RPHASCH2410_RS29630	RPHASCH2410_PD04755	RPHASCH2410_PD04755	FALSE
site	ATTAhTkAtwWAAAT	ECK120003471	SlyA	slyA	b1642	RPHASCH2410_RS15855	RPHASCH2410_CH16260	NA	NA	NA	RPHASCH2410_RS29635	RPHASCH2410_PD04760	RPHASCH2410_PD04760	FALSE
site	ATTTtytkWyATkgtkmaT	ECK120000483	ArgP	argP	b2916	RPHASCH2410_RS19540	RPHASCH2410_CH20050	NA	NA	NA	RPHASCH2410_RS29655	RPHASCH2410_PD04780	RPHASCH2410_PD04780	FALSE
site	ATTTtytkWyATkgtkmaT	ECK120000483	ArgP	argP	b2916	RPHASCH2410_RS19540	RPHASCH2410_CH20050	NA	NA	NA	RPHASCH2410_RS29660	RPHASCH2410_PD04785	RPHASCH2410_PD04785	FALSE
site	twyGtyahgttarctktdkg	ECK120000946	SoxR	soxR	b4063	RPHASCH2410_RS05245	RPHASCH2410_CH05360	NA	NA	NA	RPHASCH2410_RS29725	RPHASCH2410_PD04855	RPHASCH2410_PD04855	FALSE
site	ayGTTAyccgTAAcATwwsmAw	ECK120002342	GntR	gntR	b3438	RPHASCH2410_RS25610	RPHASCH2410_PD00565	NA	NA	NA	RPHASCH2410_RS29890	RPHASCH2410_PD05020	fcS	FALSE
site	ayGTTAyccgTAAcATwwsmAw	ECK120002342	GntR	gntR	b3438	RPHASCH2410_RS25610	RPHASCH2410_PD00565	NA	NA	NA	RPHASCH2410_RS29895	RPHASCH2410_PD05025	RPHASCH2410_PD05025	FALSE
site	ATTTtytkWyATkgtkmaT	ECK120000483	ArgP	argP	b2916	RPHASCH2410_RS19540	RPHASCH2410_CH20050	NA	NA	NA	RPHASCH2410_RS30045	RPHASCH2410_PD05175	RPHASCH2410_PD05175	FALSE
site	ATTAhTkAtwWAAAT	ECK120003471	SlyA	slyA	b1642	RPHASCH2410_RS15855	RPHASCH2410_CH16260	NA	NA	NA	RPHASCH2410_RS30180	RPHASCH2410_PD05315	RPHASCH2410_PD05315	FALSE
site	ATTAhTkAtwWAAAT	ECK120003471	SlyA	slyA	b1642	RPHASCH2410_RS15855	RPHASCH2410_CH16260	NA	NA	NA	RPHASCH2410_RS30185	RPHASCH2410_PD05320	RPHASCH2410_PD05320	FALSE
