TFlocusTag	TFname	TFoldRZlocusTag	firstGene	TUid	TGs	No.TGs	Strand	isTgOrthologous	isOrthologousInteraction
b4396	Rob	RPHASCH2410_CH04215	RPHASCH2410_CH00095	3	RPHASCH2410_CH00095,RPHASCH2410_CH00090,RPHASCH2410_CH00085,RPHASCH2410_CH00080,RPHASCH2410_CH00075,RPHASCH2410_RS00065,RPHASCH2410_CH00060,RPHASCH2410_CH00055,RPHASCH2410_CH00050,RPHASCH2410_RS00045,RPHASCH2410_CH00040,RPHASCH2410_CH00035	12	-	F,F,F,F,F,F,F,F,F,F,F,F	F,F,F,F,F,F,F,F,F,F,F,F
b4396	Rob	RPHASCH2410_CH04215	RPHASCH2410_CH00100	4	RPHASCH2410_CH00100,RPHASCH2410_CH00105	2	+	F,F	F,F
b4396	Rob	RPHASCH2410_CH04215	RPHASCH2410_CH00205	10	RPHASCH2410_CH00205	1	+	F	F
b3226	NanR	RPHASCH2410_PD05225	RPHASCH2410_CH00440	27	RPHASCH2410_CH00440	1	+	F	F
b3226	NanR	RPHASCH2410_PD05225	RPHASCH2410_CH00460	30	RPHASCH2410_CH00460	1	-	F	F
b2193	NarP	RPHASCH2410_PA01320	RPHASCH2410_CH00460	30	RPHASCH2410_CH00460	1	-	F	F
b3226	NanR	RPHASCH2410_PD05225	RPHASCH2410_CH00465	31	RPHASCH2410_CH00465	1	+	F	F
b2193	NarP	RPHASCH2410_PA01320	RPHASCH2410_CH00465	31	RPHASCH2410_CH00465	1	+	F	F
b1658	PurR	RPHASCH2410_CH12005	RPHASCH2410_CH00470	32	RPHASCH2410_CH00470	1	-	F	F
b3868	NtrC	RPHASCH2410_CH02640	RPHASCH2410_CH00505	34	RPHASCH2410_CH00505,RPHASCH2410_CH00500,RPHASCH2410_CH00495,RPHASCH2410_CH00490	4	-	F,F,F,F	F,F,F,F
b3868	NtrC	RPHASCH2410_CH02640	RPHASCH2410_CH00510	35	RPHASCH2410_CH00510	1	+	F	F
b4063	SoxR	RPHASCH2410_CH05360	RPHASCH2410_CH00550	39	RPHASCH2410_CH00550,RPHASCH2410_CH00545,RPHASCH2410_CH00540,RPHASCH2410_CH00535,RPHASCH2410_CH00530	5	-	T,T,T,F,F	F,F,F,F,F
b3226	NanR	RPHASCH2410_PD05225	RPHASCH2410_CH00640	52	RPHASCH2410_CH00640	1	+	F	F
b1658	PurR	RPHASCH2410_CH12005	RPHASCH2410_CH00675	57	RPHASCH2410_CH00675	1	+	F	F
b3226	NanR	RPHASCH2410_PD05225	RPHASCH2410_CH00680	58	RPHASCH2410_CH00680,RPHASCH2410_RS32250	2	+	F,F	F,F
b4191	UlaR	RPHASCH2410_PB00140	RPHASCH2410_CH00695	61	RPHASCH2410_CH00695	1	-	F	F
b3226	NanR	RPHASCH2410_PD05225	RPHASCH2410_CH00835	67	RPHASCH2410_CH00835,RPHASCH2410_CH00840,RPHASCH2410_CH00845	3	+	F,T,T	F,F,F
b1658	PurR	RPHASCH2410_CH12005	RPHASCH2410_CH00880	73	RPHASCH2410_CH00880,RPHASCH2410_CH00875	2	-	F,F	F,F
b1658	PurR	RPHASCH2410_CH12005	RPHASCH2410_CH00885	74	RPHASCH2410_CH00885,RPHASCH2410_CH00890	2	+	F,F	F,F
b1299	PuuR	RPHASCH2410_PD03330	RPHASCH2410_CH00905	77	RPHASCH2410_CH00905	1	-	F	F
b4396	Rob	RPHASCH2410_CH04215	RPHASCH2410_CH00955	82	RPHASCH2410_CH00955	1	+	T	F
b3226	NanR	RPHASCH2410_PD05225	RPHASCH2410_CH01005	89	RPHASCH2410_CH01005,RPHASCH2410_CH01000	2	-	F,F	F,F
b3226	NanR	RPHASCH2410_PD05225	RPHASCH2410_CH01035	92	RPHASCH2410_CH01035,RPHASCH2410_CH01040,RPHASCH2410_CH01045,RPHASCH2410_CH01050,RPHASCH2410_CH01055,RPHASCH2410_CH01060,RPHASCH2410_CH01065,RPHASCH2410_CH01070	8	+	F,T,T,T,T,F,T,T	F,F,F,F,F,F,F,F
b1658	PurR	RPHASCH2410_CH12005	RPHASCH2410_CH01035	92	RPHASCH2410_CH01035,RPHASCH2410_CH01040,RPHASCH2410_CH01045,RPHASCH2410_CH01050,RPHASCH2410_CH01055,RPHASCH2410_CH01060,RPHASCH2410_CH01065,RPHASCH2410_CH01070	8	+	F,T,T,T,T,F,T,T	F,F,F,F,F,F,F,F
b4396	Rob	RPHASCH2410_CH04215	RPHASCH2410_CH01035	92	RPHASCH2410_CH01035,RPHASCH2410_CH01040,RPHASCH2410_CH01045,RPHASCH2410_CH01050,RPHASCH2410_CH01055,RPHASCH2410_CH01060,RPHASCH2410_CH01065,RPHASCH2410_CH01070	8	+	F,T,T,T,T,F,T,T	F,F,F,F,F,F,F,F
b3226	NanR	RPHASCH2410_PD05225	RPHASCH2410_CH01410	110	RPHASCH2410_CH01410,RPHASCH2410_CH01405,RPHASCH2410_CH01400,RPHASCH2410_CH01395,RPHASCH2410_CH01390	5	-	F,F,F,F,F	F,F,F,F,F
b3226	NanR	RPHASCH2410_PD05225	RPHASCH2410_CH01415	111	RPHASCH2410_CH01415	1	+	F	F
b4396	Rob	RPHASCH2410_CH04215	RPHASCH2410_CH01425	112	RPHASCH2410_CH01425,RPHASCH2410_CH01420	2	-	F,T	F,F
b1658	PurR	RPHASCH2410_CH12005	RPHASCH2410_CH01465	119	RPHASCH2410_CH01465	1	+	F	F
b1299	PuuR	RPHASCH2410_PD03330	RPHASCH2410_CH01555	131	RPHASCH2410_CH01555	1	-	F	F
b2808	GcvA	RPHASCH2410_CH15335	RPHASCH2410_CH01605	138	RPHASCH2410_CH01605	1	+	F	F
b1658	PurR	RPHASCH2410_CH12005	RPHASCH2410_CH01605	138	RPHASCH2410_CH01605	1	+	F	F
b4396	Rob	RPHASCH2410_CH04215	RPHASCH2410_CH01605	138	RPHASCH2410_CH01605	1	+	F	F
b3226	NanR	RPHASCH2410_PD05225	RPHASCH2410_CH01710	152	RPHASCH2410_CH01710	1	-	F	F
b3226	NanR	RPHASCH2410_PD05225	RPHASCH2410_CH01715	153	RPHASCH2410_CH01715	1	+	F	F
b1299	PuuR	RPHASCH2410_PD03330	RPHASCH2410_CH01735	154	RPHASCH2410_CH01735,RPHASCH2410_CH01730,RPHASCH2410_CH01725,RPHASCH2410_CH01720	4	-	F,T,F,F	F,F,F,F
b4396	Rob	RPHASCH2410_CH04215	RPHASCH2410_CH01735	154	RPHASCH2410_CH01735,RPHASCH2410_CH01730,RPHASCH2410_CH01725,RPHASCH2410_CH01720	4	-	F,T,F,F	F,F,F,F
b4396	Rob	RPHASCH2410_CH04215	RPHASCH2410_CH01745	155	RPHASCH2410_CH01745,RPHASCH2410_CH01740	2	-	F,F	F,F
b4396	Rob	RPHASCH2410_CH04215	RPHASCH2410_CH01770	160	RPHASCH2410_CH01770	1	-	F	F
b4396	Rob	RPHASCH2410_CH04215	RPHASCH2410_CH01775	161	RPHASCH2410_CH01775	1	+	F	F
b2193	NarP	RPHASCH2410_PA01320	RPHASCH2410_CH01845	174	RPHASCH2410_CH01845	1	+	F	F
b4396	Rob	RPHASCH2410_CH04215	RPHASCH2410_CH01845	174	RPHASCH2410_CH01845	1	+	F	F
b3868	NtrC	RPHASCH2410_CH02640	RPHASCH2410_CH01875	181	RPHASCH2410_CH01875	1	-	F	F
b3868	NtrC	RPHASCH2410_CH02640	RPHASCH2410_CH01880	182	RPHASCH2410_CH01880,RPHASCH2410_CH01885	2	+	F,F	F,F
b1658	PurR	RPHASCH2410_CH12005	RPHASCH2410_CH02070	202	RPHASCH2410_CH02070	1	-	F	F
b1658	PurR	RPHASCH2410_CH12005	RPHASCH2410_CH02135	210	RPHASCH2410_CH02135	1	+	F	F
b2193	NarP	RPHASCH2410_PA01320	RPHASCH2410_CH02150	213	RPHASCH2410_CH02150	1	-	F	F
b2193	NarP	RPHASCH2410_PA01320	RPHASCH2410_CH02155	214	RPHASCH2410_CH02155,RPHASCH2410_CH02160,RPHASCH2410_CH02165	3	+	F,F,F	F,F,F
b1658	PurR	RPHASCH2410_CH12005	RPHASCH2410_CH02200	217	RPHASCH2410_CH02200,RPHASCH2410_CH02195,RPHASCH2410_CH02190,RPHASCH2410_CH02185	4	-	F,F,T,F	F,F,F,F
b4396	Rob	RPHASCH2410_CH04215	RPHASCH2410_CH02240	224	RPHASCH2410_CH02240	1	+	F	F
b1642	SlyA	RPHASCH2410_CH16260	RPHASCH2410_CH02240	224	RPHASCH2410_CH02240	1	+	F	F
b3438	GntR	RPHASCH2410_PD00565	RPHASCH2410_CH02270	227	RPHASCH2410_CH02270	1	-	T	F
b3438	GntR	RPHASCH2410_PD00565	RPHASCH2410_CH02275	228	RPHASCH2410_CH02275,RPHASCH2410_CH02280	2	+	F,F	F,F
b2193	NarP	RPHASCH2410_PA01320	RPHASCH2410_CH02315	232	RPHASCH2410_CH02315	1	-	F	F
b1299	PuuR	RPHASCH2410_PD03330	RPHASCH2410_CH02315	232	RPHASCH2410_CH02315	1	-	F	F
b2193	NarP	RPHASCH2410_PA01320	RPHASCH2410_CH02320	233	RPHASCH2410_CH02320	1	+	F	F
b1299	PuuR	RPHASCH2410_PD03330	RPHASCH2410_CH02320	233	RPHASCH2410_CH02320	1	+	F	F
b1299	PuuR	RPHASCH2410_PD03330	RPHASCH2410_CH02410	246	RPHASCH2410_CH02410,RPHASCH2410_CH02415	2	+	F,T	F,F
b1013	RutR	RPHASCH2410_CH15905	RPHASCH2410_CH02530	253	RPHASCH2410_CH02530	1	-	T	F
b4396	Rob	RPHASCH2410_CH04215	RPHASCH2410_CH02545	256	RPHASCH2410_CH02545,RPHASCH2410_CH02550,RPHASCH2410_CH02555	3	+	F,T,T	F,F,F
b1658	PurR	RPHASCH2410_CH12005	RPHASCH2410_CH02560	257	RPHASCH2410_CH02560	1	+	F	F
b3934	CytR	RPHASCH2410_CH04180	RPHASCH2410_CH02565	258	RPHASCH2410_CH02565,RPHASCH2410_CH02570,RPHASCH2410_RS02500,RPHASCH2410_CH02575,RPHASCH2410_CH02580,RPHASCH2410_CH02585,RPHASCH2410_CH02590	7	+	F,F,F,F,F,F,F	F,F,F,F,F,F,F
b2193	NarP	RPHASCH2410_PA01320	RPHASCH2410_CH02645	263	RPHASCH2410_CH02645	1	-	F	F
b4396	Rob	RPHASCH2410_CH04215	RPHASCH2410_CH02645	263	RPHASCH2410_CH02645	1	-	F	F
b3934	CytR	RPHASCH2410_CH04180	RPHASCH2410_CH02650	264	RPHASCH2410_CH02650	1	+	F	F
b2193	NarP	RPHASCH2410_PA01320	RPHASCH2410_CH02650	264	RPHASCH2410_CH02650	1	+	F	F
b4396	Rob	RPHASCH2410_CH04215	RPHASCH2410_CH02650	264	RPHASCH2410_CH02650	1	+	F	F
b3226	NanR	RPHASCH2410_PD05225	RPHASCH2410_CH02655	265	RPHASCH2410_CH02655	1	-	F	F
b4396	Rob	RPHASCH2410_CH04215	RPHASCH2410_CH02670	268	RPHASCH2410_CH02670	1	-	F	F
b4396	Rob	RPHASCH2410_CH04215	RPHASCH2410_CH02675	269	RPHASCH2410_CH02675	1	+	F	F
b2808	GcvA	RPHASCH2410_CH15335	RPHASCH2410_CH02705	271	RPHASCH2410_CH02705	1	-	F	F
b4396	Rob	RPHASCH2410_CH04215	RPHASCH2410_CH02705	271	RPHASCH2410_CH02705	1	-	F	F
b2808	GcvA	RPHASCH2410_CH15335	RPHASCH2410_CH02710	272	RPHASCH2410_CH02710,RPHASCH2410_CH02715,RPHASCH2410_CH02720	3	+	F,T,F	F,F,F
b4396	Rob	RPHASCH2410_CH04215	RPHASCH2410_CH02710	272	RPHASCH2410_CH02710,RPHASCH2410_CH02715,RPHASCH2410_CH02720	3	+	F,T,F	F,F,F
b0889	Lrp	RPHASCH2410_PD03050	RPHASCH2410_CH02805	278	RPHASCH2410_CH02805	1	+	F	F
b3226	NanR	RPHASCH2410_PD05225	RPHASCH2410_CH02815	280	RPHASCH2410_CH02815	1	-	F	F
b4396	Rob	RPHASCH2410_CH04215	RPHASCH2410_CH02820	281	RPHASCH2410_CH02820	1	-	F	F
b2837	GalR	RPHASCH2410_CH10080	RPHASCH2410_CH02855	289	RPHASCH2410_CH02855	1	+	F	F
b4396	Rob	RPHASCH2410_CH04215	RPHASCH2410_CH02855	289	RPHASCH2410_CH02855	1	+	F	F
b4396	Rob	RPHASCH2410_CH04215	RPHASCH2410_CH02860	290	RPHASCH2410_CH02860	1	-	F	F
b4396	Rob	RPHASCH2410_CH04215	RPHASCH2410_CH02865	291	RPHASCH2410_CH02865	1	+	F	F
b1658	PurR	RPHASCH2410_CH12005	RPHASCH2410_CH03000	303	RPHASCH2410_CH03000	1	+	F	F
b1299	PuuR	RPHASCH2410_PD03330	RPHASCH2410_CH03195	319	RPHASCH2410_CH03195,RPHASCH2410_CH03190,RPHASCH2410_CH03185	3	-	T,F,F	F,F,F
b1299	PuuR	RPHASCH2410_PD03330	RPHASCH2410_CH03200	320	RPHASCH2410_CH03200	1	+	F	F
b1013	RutR	RPHASCH2410_CH15905	RPHASCH2410_CH03205	321	RPHASCH2410_CH03205	1	-	T	F
b0889	Lrp	RPHASCH2410_PD03050	RPHASCH2410_CH03230	324	RPHASCH2410_CH03230,RPHASCH2410_CH03235,RPHASCH2410_CH03240,RPHASCH2410_CH03245,RPHASCH2410_CH03250	5	+	T,F,T,T,T	F,F,F,F,F
b4396	Rob	RPHASCH2410_CH04215	RPHASCH2410_CH03270	327	RPHASCH2410_CH03270,RPHASCH2410_CH03265	2	-	F,F	F,F
b1642	SlyA	RPHASCH2410_CH16260	RPHASCH2410_CH03360	335	RPHASCH2410_CH03360	1	-	F	F
b1642	SlyA	RPHASCH2410_CH16260	RPHASCH2410_CH03365	336	RPHASCH2410_CH03365	1	+	F	F
b3934	CytR	RPHASCH2410_CH04180	RPHASCH2410_CH03405	341	RPHASCH2410_CH03405,RPHASCH2410_CH03400,RPHASCH2410_CH03395,RPHASCH2410_CH03390	4	-	F,F,F,F	F,F,F,F
b3934	CytR	RPHASCH2410_CH04180	RPHASCH2410_CH03410	342	RPHASCH2410_CH03410,RPHASCH2410_CH03415	2	+	F,F	F,F
b1013	RutR	RPHASCH2410_CH15905	RPHASCH2410_CH03410	342	RPHASCH2410_CH03410,RPHASCH2410_CH03415	2	+	F,F	F,F
b3226	NanR	RPHASCH2410_PD05225	RPHASCH2410_CH03435	344	RPHASCH2410_CH03435	1	-	F	F
b4396	Rob	RPHASCH2410_CH04215	RPHASCH2410_CH03435	344	RPHASCH2410_CH03435	1	-	F	F
b3226	NanR	RPHASCH2410_PD05225	RPHASCH2410_CH03440	345	RPHASCH2410_CH03440	1	+	F	F
b4396	Rob	RPHASCH2410_CH04215	RPHASCH2410_CH03440	345	RPHASCH2410_CH03440	1	+	F	F
b4063	SoxR	RPHASCH2410_CH05360	RPHASCH2410_CH03450	347	RPHASCH2410_CH03450	1	-	F	F
b3868	NtrC	RPHASCH2410_CH02640	RPHASCH2410_CH03460	349	RPHASCH2410_CH03460	1	-	F	F
b3868	NtrC	RPHASCH2410_CH02640	RPHASCH2410_CH03465	350	RPHASCH2410_CH03465,RPHASCH2410_CH03470,RPHASCH2410_CH03475	3	+	T,T,F	F,F,F
b3868	NtrC	RPHASCH2410_CH02640	RPHASCH2410_CH03535	356	RPHASCH2410_CH03535,RPHASCH2410_CH03530	2	-	F,T	F,F
b3226	NanR	RPHASCH2410_PD05225	RPHASCH2410_CH03550	358	RPHASCH2410_CH03550	1	-	F	F
b2193	NarP	RPHASCH2410_PA01320	RPHASCH2410_CH03550	358	RPHASCH2410_CH03550	1	-	F	F
b2193	NarP	RPHASCH2410_PA01320	RPHASCH2410_CH03555	359	RPHASCH2410_CH03555	1	+	F	F
b3226	NanR	RPHASCH2410_PD05225	RPHASCH2410_CH03580	363	RPHASCH2410_CH03580,RPHASCH2410_CH03575	2	-	F,F	F,F
b2916	ArgP	RPHASCH2410_CH20050	RPHASCH2410_CH03590	365	RPHASCH2410_CH03590	1	+	F	F
b3438	GntR	RPHASCH2410_PD00565	RPHASCH2410_CH03590	365	RPHASCH2410_CH03590	1	+	F	F
b2193	NarP	RPHASCH2410_PA01320	RPHASCH2410_CH03590	365	RPHASCH2410_CH03590	1	+	F	F
b4191	UlaR	RPHASCH2410_PB00140	RPHASCH2410_CH03590	365	RPHASCH2410_CH03590	1	+	F	F
b2808	GcvA	RPHASCH2410_CH15335	RPHASCH2410_CH03665	373	RPHASCH2410_CH03665,RPHASCH2410_CH03660,RPHASCH2410_CH03655	3	-	T,F,T	F,F,F
b3934	CytR	RPHASCH2410_CH04180	RPHASCH2410_CH03700	396	RPHASCH2410_CH03700	1	-	T	F
b3934	CytR	RPHASCH2410_CH04180	RPHASCH2410_CH03705	397	RPHASCH2410_CH03705	1	+	F	F
b4396	Rob	RPHASCH2410_CH04215	RPHASCH2410_CH03735	401	RPHASCH2410_CH03735	1	+	F	F
b3226	NanR	RPHASCH2410_PD05225	RPHASCH2410_CH03780	409	RPHASCH2410_CH03780,RPHASCH2410_RS32330	2	+	F,F	F,F
b0889	Lrp	RPHASCH2410_PD03050	RPHASCH2410_CH03975	433	RPHASCH2410_CH03975	1	+	F	F
b3438	GntR	RPHASCH2410_PD00565	RPHASCH2410_CH04005	437	RPHASCH2410_CH04005	1	-	F	F
b2837	GalR	RPHASCH2410_CH10080	RPHASCH2410_CH04010	438	RPHASCH2410_CH04010	1	-	F	F
b1658	PurR	RPHASCH2410_CH12005	RPHASCH2410_CH04010	438	RPHASCH2410_CH04010	1	-	F	F
b2837	GalR	RPHASCH2410_CH10080	RPHASCH2410_CH04015	439	RPHASCH2410_CH04015,RPHASCH2410_CH04020	2	+	F,F	F,F
b1658	PurR	RPHASCH2410_CH12005	RPHASCH2410_CH04015	439	RPHASCH2410_CH04015,RPHASCH2410_CH04020	2	+	F,F	F,F
b1658	PurR	RPHASCH2410_CH12005	RPHASCH2410_CH04025	440	RPHASCH2410_CH04025	1	-	F	F
b1658	PurR	RPHASCH2410_CH12005	RPHASCH2410_CH04030	441	RPHASCH2410_CH04030	1	+	T	F
b4396	Rob	RPHASCH2410_CH04215	RPHASCH2410_CH04125	454	RPHASCH2410_CH04125,RPHASCH2410_CH04130,RPHASCH2410_CH04135	3	+	F,F,F	F,F,F
b2837	GalR	RPHASCH2410_CH10080	RPHASCH2410_CH04175	459	RPHASCH2410_CH04175,RPHASCH2410_CH04170,RPHASCH2410_CH04165	3	-	F,F,F	F,F,F
b1658	PurR	RPHASCH2410_CH12005	RPHASCH2410_CH04175	459	RPHASCH2410_CH04175,RPHASCH2410_CH04170,RPHASCH2410_CH04165	3	-	F,F,F	F,F,F
b2837	GalR	RPHASCH2410_CH10080	RPHASCH2410_CH04180	460	RPHASCH2410_CH04180	1	+	T	F
b1658	PurR	RPHASCH2410_CH12005	RPHASCH2410_CH04180	460	RPHASCH2410_CH04180	1	+	T	F
b3226	NanR	RPHASCH2410_PD05225	RPHASCH2410_CH04205	463	RPHASCH2410_CH04205	1	-	F	F
b3226	NanR	RPHASCH2410_PD05225	RPHASCH2410_CH04210	464	RPHASCH2410_CH04210	1	+	F	F
b3226	NanR	RPHASCH2410_PD05225	RPHASCH2410_CH04220	466	RPHASCH2410_CH04220	1	+	F	F
b2808	GcvA	RPHASCH2410_CH15335	RPHASCH2410_CH04330	481	RPHASCH2410_CH04330	1	-	F	F
b4396	Rob	RPHASCH2410_CH04215	RPHASCH2410_CH04330	481	RPHASCH2410_CH04330	1	-	F	F
b2808	GcvA	RPHASCH2410_CH15335	RPHASCH2410_CH04335	482	RPHASCH2410_CH04335	1	+	F	F
b4396	Rob	RPHASCH2410_CH04215	RPHASCH2410_CH04335	482	RPHASCH2410_CH04335	1	+	F	F
b4396	Rob	RPHASCH2410_CH04215	RPHASCH2410_CH04370	483	RPHASCH2410_CH04370,RPHASCH2410_CH04365,RPHASCH2410_CH04360,RPHASCH2410_CH04355,RPHASCH2410_CH04350,RPHASCH2410_CH04345,RPHASCH2410_CH04340	7	-	F,F,F,F,F,F,F	F,F,F,F,F,F,F
b3438	GntR	RPHASCH2410_PD00565	RPHASCH2410_CH04405	488	RPHASCH2410_CH04405,RPHASCH2410_CH04400,RPHASCH2410_CH04395	3	-	F,F,F	F,F,F
b4191	UlaR	RPHASCH2410_PB00140	RPHASCH2410_CH04435	490	RPHASCH2410_CH04435,RPHASCH2410_CH04430,RPHASCH2410_CH04425,RPHASCH2410_CH04420,RPHASCH2410_CH04415	5	-	T,T,T,T,T	F,F,F,F,F
b4191	UlaR	RPHASCH2410_PB00140	RPHASCH2410_CH04440	491	RPHASCH2410_CH04440,RPHASCH2410_CH04445	2	+	F,T	F,F
b3226	NanR	RPHASCH2410_PD05225	RPHASCH2410_CH04570	505	RPHASCH2410_CH04570,RPHASCH2410_CH04575	2	+	F,T	F,F
b2916	ArgP	RPHASCH2410_CH20050	RPHASCH2410_CH04635	513	RPHASCH2410_CH04635	1	-	F	F
b3438	GntR	RPHASCH2410_PD00565	RPHASCH2410_CH04635	513	RPHASCH2410_CH04635	1	-	F	F
b0889	Lrp	RPHASCH2410_PD03050	RPHASCH2410_CH04635	513	RPHASCH2410_CH04635	1	-	F	F
b4396	Rob	RPHASCH2410_CH04215	RPHASCH2410_CH04635	513	RPHASCH2410_CH04635	1	-	F	F
b3226	NanR	RPHASCH2410_PD05225	RPHASCH2410_CH04650	514	RPHASCH2410_CH04650,RPHASCH2410_CH04645,RPHASCH2410_CH04640	3	-	F,T,F	F,F,F
b4191	UlaR	RPHASCH2410_PB00140	RPHASCH2410_CH04650	514	RPHASCH2410_CH04650,RPHASCH2410_CH04645,RPHASCH2410_CH04640	3	-	F,T,F	F,F,F
b4396	Rob	RPHASCH2410_CH04215	RPHASCH2410_CH04700	518	RPHASCH2410_CH04700	1	-	F	F
b4396	Rob	RPHASCH2410_CH04215	RPHASCH2410_CH04760	525	RPHASCH2410_CH04760	1	-	F	F
b1658	PurR	RPHASCH2410_CH12005	RPHASCH2410_CH04900	545	RPHASCH2410_CH04900,RPHASCH2410_CH04905,RPHASCH2410_CH04910	3	+	F,F,F	F,F,F
b0889	Lrp	RPHASCH2410_PD03050	RPHASCH2410_CH05035	561	RPHASCH2410_CH05035	1	+	T	F
b4396	Rob	RPHASCH2410_CH04215	RPHASCH2410_CH05110	569	RPHASCH2410_CH05110,RPHASCH2410_CH05105	2	-	F,F	F,F
b4396	Rob	RPHASCH2410_CH04215	RPHASCH2410_CH05115	570	RPHASCH2410_CH05115	1	+	F	F
b1013	RutR	RPHASCH2410_CH15905	RPHASCH2410_CH05215	584	RPHASCH2410_CH05215	1	-	F	F
b3226	NanR	RPHASCH2410_PD05225	RPHASCH2410_CH05285	594	RPHASCH2410_CH05285,RPHASCH2410_CH05290	2	+	F,F	F,F
b4063	SoxR	RPHASCH2410_CH05360	RPHASCH2410_CH05295	595	RPHASCH2410_CH05295	1	-	F	F
b4063	SoxR	RPHASCH2410_CH05360	RPHASCH2410_CH05300	596	RPHASCH2410_CH05300,RPHASCH2410_CH05305	2	+	F,F	F,F
b4191	UlaR	RPHASCH2410_PB00140	RPHASCH2410_CH05520	612	RPHASCH2410_CH05520	1	-	F	F
b4396	Rob	RPHASCH2410_CH04215	RPHASCH2410_CH05545	613	RPHASCH2410_CH05545,RPHASCH2410_CH05540,RPHASCH2410_CH05535,RPHASCH2410_RS05430,RPHASCH2410_CH05530,RPHASCH2410_RS32360	6	-	T,F,T,F,T,F	F,F,F,F,F,F
b4396	Rob	RPHASCH2410_CH04215	RPHASCH2410_CH05550	614	RPHASCH2410_CH05550	1	+	F	F
b3226	NanR	RPHASCH2410_PD05225	RPHASCH2410_CH05710	633	RPHASCH2410_CH05710	1	-	F	F
b4396	Rob	RPHASCH2410_CH04215	RPHASCH2410_CH05730	637	RPHASCH2410_CH05730	1	+	T	F
b1299	PuuR	RPHASCH2410_PD03330	RPHASCH2410_CH05830	649	RPHASCH2410_CH05830	1	-	F	F
b1642	SlyA	RPHASCH2410_CH16260	RPHASCH2410_CH05935	660	RPHASCH2410_CH05935	1	-	T	F
b1642	SlyA	RPHASCH2410_CH16260	RPHASCH2410_CH05940	661	RPHASCH2410_CH05940	1	+	T	F
b1299	PuuR	RPHASCH2410_PD03330	RPHASCH2410_CH05975	663	RPHASCH2410_CH05975,RPHASCH2410_CH05970	2	-	F,F	F,F
b1299	PuuR	RPHASCH2410_PD03330	RPHASCH2410_CH05980	664	RPHASCH2410_CH05980	1	+	F	F
b1299	PuuR	RPHASCH2410_PD03330	RPHASCH2410_CH06005	668	RPHASCH2410_CH06005	1	-	F	F
b1299	PuuR	RPHASCH2410_PD03330	RPHASCH2410_CH06010	669	RPHASCH2410_CH06010,RPHASCH2410_CH06015,RPHASCH2410_CH06020	3	+	T,T,F	F,F,F
b3226	NanR	RPHASCH2410_PD05225	RPHASCH2410_CH06075	675	RPHASCH2410_CH06075	1	-	F	F
b3934	CytR	RPHASCH2410_CH04180	RPHASCH2410_CH06100	677	RPHASCH2410_CH06100	1	+	F	F
b1642	SlyA	RPHASCH2410_CH16260	RPHASCH2410_CH06100	677	RPHASCH2410_CH06100	1	+	F	F
b2837	GalR	RPHASCH2410_CH10080	RPHASCH2410_CH06110	679	RPHASCH2410_CH06110	1	+	F	F
b1658	PurR	RPHASCH2410_CH12005	RPHASCH2410_CH06135	682	RPHASCH2410_CH06135	1	+	F	F
b4396	Rob	RPHASCH2410_CH04215	RPHASCH2410_CH06220	694	RPHASCH2410_CH06220	1	+	F	F
b4396	Rob	RPHASCH2410_CH04215	RPHASCH2410_CH06260	700	RPHASCH2410_CH06260	1	-	F	F
b4396	Rob	RPHASCH2410_CH04215	RPHASCH2410_CH06265	701	RPHASCH2410_CH06265	1	+	T	F
b1658	PurR	RPHASCH2410_CH12005	RPHASCH2410_CH06320	706	RPHASCH2410_CH06320	1	-	T	F
b1658	PurR	RPHASCH2410_CH12005	RPHASCH2410_CH06325	707	RPHASCH2410_CH06325,RPHASCH2410_CH06330	2	+	T,F	F,F
b4396	Rob	RPHASCH2410_CH04215	RPHASCH2410_CH06335	708	RPHASCH2410_CH06335,RPHASCH2410_CH06340,RPHASCH2410_CH06345,RPHASCH2410_CH06350,RPHASCH2410_CH06355,RPHASCH2410_CH06360,RPHASCH2410_CH06365	7	+	F,F,F,F,F,F,F	F,F,F,F,F,F,F
b0889	Lrp	RPHASCH2410_PD03050	RPHASCH2410_CH06400	714	RPHASCH2410_CH06400,RPHASCH2410_CH06405,RPHASCH2410_CH06410	3	+	F,F,F	F,F,F
b3934	CytR	RPHASCH2410_CH04180	RPHASCH2410_CH06415	715	RPHASCH2410_CH06415	1	-	F	F
b4396	Rob	RPHASCH2410_CH04215	RPHASCH2410_CH06415	715	RPHASCH2410_CH06415	1	-	F	F
b4063	SoxR	RPHASCH2410_CH05360	RPHASCH2410_CH06645	742	RPHASCH2410_CH06645	1	+	F	F
b2193	NarP	RPHASCH2410_PA01320	RPHASCH2410_CH06695	748	RPHASCH2410_CH06695,RPHASCH2410_CH06690	2	-	F,F	F,F
b2193	NarP	RPHASCH2410_PA01320	RPHASCH2410_CH06700	749	RPHASCH2410_CH06700	1	+	F	F
b1658	PurR	RPHASCH2410_CH12005	RPHASCH2410_CH06715	752	RPHASCH2410_CH06715	1	-	F	F
b4396	Rob	RPHASCH2410_CH04215	RPHASCH2410_CH06865	764	RPHASCH2410_CH06865	1	+	F	F
b4063	SoxR	RPHASCH2410_CH05360	RPHASCH2410_CH06870	765	RPHASCH2410_CH06870	1	+	F	F
b1299	PuuR	RPHASCH2410_PD03330	RPHASCH2410_CH06965	771	RPHASCH2410_CH06965,RPHASCH2410_CH06960,RPHASCH2410_CH06955,RPHASCH2410_CH06950,RPHASCH2410_CH06945	5	-	F,F,F,F,F	F,F,F,F,F
b1642	SlyA	RPHASCH2410_CH16260	RPHASCH2410_CH07120	780	RPHASCH2410_CH07120	1	-	F	F
b4063	SoxR	RPHASCH2410_CH05360	RPHASCH2410_CH07120	780	RPHASCH2410_CH07120	1	-	F	F
b2808	GcvA	RPHASCH2410_CH15335	RPHASCH2410_CH07125	781	RPHASCH2410_CH07125	1	+	F	F
b3226	NanR	RPHASCH2410_PD05225	RPHASCH2410_CH07125	781	RPHASCH2410_CH07125	1	+	F	F
b1642	SlyA	RPHASCH2410_CH16260	RPHASCH2410_CH07125	781	RPHASCH2410_CH07125	1	+	F	F
b4063	SoxR	RPHASCH2410_CH05360	RPHASCH2410_CH07125	781	RPHASCH2410_CH07125	1	+	F	F
b3934	CytR	RPHASCH2410_CH04180	RPHASCH2410_CH07160	784	RPHASCH2410_CH07160	1	-	F	F
b3934	CytR	RPHASCH2410_CH04180	RPHASCH2410_CH07165	785	RPHASCH2410_CH07165,RPHASCH2410_CH07170,RPHASCH2410_CH07175	3	+	F,F,F	F,F,F
b1658	PurR	RPHASCH2410_CH12005	RPHASCH2410_CH07245	790	RPHASCH2410_CH07245,RPHASCH2410_CH07240	2	-	F,T	F,F
b3226	NanR	RPHASCH2410_PD05225	RPHASCH2410_CH07305	800	RPHASCH2410_CH07305	1	-	F	F
b3226	NanR	RPHASCH2410_PD05225	RPHASCH2410_CH07390	808	RPHASCH2410_CH07390,RPHASCH2410_CH07385,RPHASCH2410_CH07380,RPHASCH2410_CH07375	4	-	T,T,T,F	F,F,F,F
b3226	NanR	RPHASCH2410_PD05225	RPHASCH2410_CH07445	816	RPHASCH2410_CH07445	1	-	F	F
b2193	NarP	RPHASCH2410_PA01320	RPHASCH2410_CH07445	816	RPHASCH2410_CH07445	1	-	F	F
b3226	NanR	RPHASCH2410_PD05225	RPHASCH2410_CH07450	817	RPHASCH2410_CH07450,RPHASCH2410_CH07455	2	+	F,F	F,F
b2193	NarP	RPHASCH2410_PA01320	RPHASCH2410_CH07450	817	RPHASCH2410_CH07450,RPHASCH2410_CH07455	2	+	F,F	F,F
b1658	PurR	RPHASCH2410_CH12005	RPHASCH2410_CH07495	824	RPHASCH2410_CH07495	1	-	F	F
b1013	RutR	RPHASCH2410_CH15905	RPHASCH2410_CH07495	824	RPHASCH2410_CH07495	1	-	F	F
b1658	PurR	RPHASCH2410_CH12005	RPHASCH2410_CH07500	825	RPHASCH2410_CH07500,RPHASCH2410_CH07505,RPHASCH2410_CH07510	3	+	T,T,F	F,F,F
b1013	RutR	RPHASCH2410_CH15905	RPHASCH2410_CH07500	825	RPHASCH2410_CH07500,RPHASCH2410_CH07505,RPHASCH2410_CH07510	3	+	T,T,F	F,F,F
b1299	PuuR	RPHASCH2410_PD03330	RPHASCH2410_CH07545	829	RPHASCH2410_CH07545,RPHASCH2410_CH07540	2	-	F,T	F,F
b1658	PurR	RPHASCH2410_CH12005	RPHASCH2410_CH07685	864	RPHASCH2410_CH07685	1	+	F	F
b1299	PuuR	RPHASCH2410_PD03330	RPHASCH2410_CH07710	868	RPHASCH2410_CH07710	1	-	F	F
b2916	ArgP	RPHASCH2410_CH20050	RPHASCH2410_CH07720	870	RPHASCH2410_CH07720	1	-	F	F
b3226	NanR	RPHASCH2410_PD05225	RPHASCH2410_CH07720	870	RPHASCH2410_CH07720	1	-	F	F
b2916	ArgP	RPHASCH2410_CH20050	RPHASCH2410_CH07725	871	RPHASCH2410_CH07725	1	+	F	F
b3226	NanR	RPHASCH2410_PD05225	RPHASCH2410_CH07725	871	RPHASCH2410_CH07725	1	+	F	F
b4396	Rob	RPHASCH2410_CH04215	RPHASCH2410_CH07840	878	RPHASCH2410_CH07840,RPHASCH2410_CH07835,RPHASCH2410_CH07830,RPHASCH2410_CH07825,RPHASCH2410_CH07820,RPHASCH2410_CH07815,RPHASCH2410_CH07810	7	-	T,T,T,T,T,T,F	F,F,F,F,F,F,F
b4396	Rob	RPHASCH2410_CH04215	RPHASCH2410_CH07845	879	RPHASCH2410_CH07845	1	+	F	F
b3226	NanR	RPHASCH2410_PD05225	RPHASCH2410_CH07870	881	RPHASCH2410_CH07870,RPHASCH2410_CH07865	2	-	F,T	F,F
b4396	Rob	RPHASCH2410_CH04215	RPHASCH2410_CH07940	890	RPHASCH2410_CH07940	1	+	F	F
b2837	GalR	RPHASCH2410_CH10080	RPHASCH2410_CH08005	893	RPHASCH2410_CH08005,RPHASCH2410_CH08000,RPHASCH2410_CH07995	3	-	T,T,T	F,F,F
b1658	PurR	RPHASCH2410_CH12005	RPHASCH2410_CH08020	895	RPHASCH2410_CH08020	1	-	F	F
b4396	Rob	RPHASCH2410_CH04215	RPHASCH2410_CH08300	926	RPHASCH2410_CH08300	1	-	F	F
b4396	Rob	RPHASCH2410_CH04215	RPHASCH2410_CH08305	927	RPHASCH2410_CH08305	1	+	F	F
b0889	Lrp	RPHASCH2410_PD03050	RPHASCH2410_CH08620	967	RPHASCH2410_CH08620,RPHASCH2410_CH08615	2	-	F,F	F,F
b2193	NarP	RPHASCH2410_PA01320	RPHASCH2410_CH08620	967	RPHASCH2410_CH08620,RPHASCH2410_CH08615	2	-	F,F	F,F
b0889	Lrp	RPHASCH2410_PD03050	RPHASCH2410_CH08625	968	RPHASCH2410_CH08625	1	+	F	F
b2193	NarP	RPHASCH2410_PA01320	RPHASCH2410_CH08625	968	RPHASCH2410_CH08625	1	+	F	F
b4396	Rob	RPHASCH2410_CH04215	RPHASCH2410_CH08645	972	RPHASCH2410_CH08645	1	-	F	F
b3226	NanR	RPHASCH2410_PD05225	RPHASCH2410_CH08770	986	RPHASCH2410_CH08770	1	+	F	F
b4396	Rob	RPHASCH2410_CH04215	RPHASCH2410_CH08855	994	RPHASCH2410_CH08855,RPHASCH2410_CH08850,RPHASCH2410_CH08845,RPHASCH2410_CH08840	4	-	T,T,T,F	F,F,F,F
b3226	NanR	RPHASCH2410_PD05225	RPHASCH2410_CH08875	995	RPHASCH2410_CH08875,RPHASCH2410_CH08870,RPHASCH2410_CH08865,RPHASCH2410_CH08860	4	-	F,F,T,F	F,F,F,F
b2808	GcvA	RPHASCH2410_CH15335	RPHASCH2410_CH08895	999	RPHASCH2410_CH08895	1	-	F	F
b2808	GcvA	RPHASCH2410_CH15335	RPHASCH2410_CH08900	1000	RPHASCH2410_CH08900	1	+	F	F
b4396	Rob	RPHASCH2410_CH04215	RPHASCH2410_CH08910	1001	RPHASCH2410_CH08910,RPHASCH2410_CH08905	2	-	T,T	F,F
b4396	Rob	RPHASCH2410_CH04215	RPHASCH2410_CH08920	1002	RPHASCH2410_CH08920,RPHASCH2410_CH08915	2	-	T,F	F,F
b1658	PurR	RPHASCH2410_CH12005	RPHASCH2410_CH09020	1015	RPHASCH2410_CH09020	1	-	F	F
b1658	PurR	RPHASCH2410_CH12005	RPHASCH2410_CH09115	1026	RPHASCH2410_CH09115	1	-	F	F
b1658	PurR	RPHASCH2410_CH12005	RPHASCH2410_CH09120	1027	RPHASCH2410_CH09120,RPHASCH2410_CH09125	2	+	F,F	F,F
b3226	NanR	RPHASCH2410_PD05225	RPHASCH2410_CH09170	1034	RPHASCH2410_CH09170,RPHASCH2410_CH09165,RPHASCH2410_CH09160	3	-	F,F,T	F,F,F
b3226	NanR	RPHASCH2410_PD05225	RPHASCH2410_CH09175	1035	RPHASCH2410_CH09175,RPHASCH2410_CH09180	2	+	F,F	F,F
b4396	Rob	RPHASCH2410_CH04215	RPHASCH2410_CH09200	1037	RPHASCH2410_CH09200	1	+	F	F
b1658	PurR	RPHASCH2410_CH12005	RPHASCH2410_CH09360	1059	RPHASCH2410_CH09360	1	+	T	T
b4396	Rob	RPHASCH2410_CH04215	RPHASCH2410_CH09360	1059	RPHASCH2410_CH09360	1	+	T	F
b2916	ArgP	RPHASCH2410_CH20050	RPHASCH2410_CH09365	1060	RPHASCH2410_CH09365	1	+	F	F
b3438	GntR	RPHASCH2410_PD00565	RPHASCH2410_CH09365	1060	RPHASCH2410_CH09365	1	+	F	F
b1013	RutR	RPHASCH2410_CH15905	RPHASCH2410_CH09400	1066	RPHASCH2410_CH09400	1	-	T	F
b4063	SoxR	RPHASCH2410_CH05360	RPHASCH2410_CH09405	1067	RPHASCH2410_CH09405	1	-	T	F
b4063	SoxR	RPHASCH2410_CH05360	RPHASCH2410_CH09410	1068	RPHASCH2410_CH09410	1	+	F	F
b1658	PurR	RPHASCH2410_CH12005	RPHASCH2410_CH09515	1078	RPHASCH2410_CH09515	1	-	F	F
b3438	GntR	RPHASCH2410_PD00565	RPHASCH2410_CH09620	1090	RPHASCH2410_CH09620	1	-	T	F
b1299	PuuR	RPHASCH2410_PD03330	RPHASCH2410_CH09620	1090	RPHASCH2410_CH09620	1	-	T	F
b2193	NarP	RPHASCH2410_PA01320	RPHASCH2410_CH09755	1111	RPHASCH2410_CH09755	1	-	F	F
b1658	PurR	RPHASCH2410_CH12005	RPHASCH2410_CH09760	1112	RPHASCH2410_CH09760	1	-	F	F
b4396	Rob	RPHASCH2410_CH04215	RPHASCH2410_CH09810	1118	RPHASCH2410_CH09810	1	+	F	F
b2916	ArgP	RPHASCH2410_CH20050	RPHASCH2410_CH09815	1119	RPHASCH2410_CH09815	1	-	F	F
b1658	PurR	RPHASCH2410_CH12005	RPHASCH2410_CH09830	1122	RPHASCH2410_CH09830	1	-	F	F
b4396	Rob	RPHASCH2410_CH04215	RPHASCH2410_CH09830	1122	RPHASCH2410_CH09830	1	-	F	F
b1658	PurR	RPHASCH2410_CH12005	RPHASCH2410_CH09835	1123	RPHASCH2410_CH09835	1	+	F	F
b4396	Rob	RPHASCH2410_CH04215	RPHASCH2410_CH09835	1123	RPHASCH2410_CH09835	1	+	F	F
b3226	NanR	RPHASCH2410_PD05225	RPHASCH2410_CH09880	1132	RPHASCH2410_CH09880	1	-	F	F
b3226	NanR	RPHASCH2410_PD05225	RPHASCH2410_CH09885	1133	RPHASCH2410_CH09885,RPHASCH2410_CH09890	2	+	F,F	F,F
b4396	Rob	RPHASCH2410_CH04215	RPHASCH2410_CH10005	1145	RPHASCH2410_CH10005	1	+	F	F
b3226	NanR	RPHASCH2410_PD05225	RPHASCH2410_CH10125	1159	RPHASCH2410_CH10125	1	-	F	F
b3226	NanR	RPHASCH2410_PD05225	RPHASCH2410_CH10130	1160	RPHASCH2410_CH10130,RPHASCH2410_CH10135	2	+	F,F	F,F
b0889	Lrp	RPHASCH2410_PD03050	RPHASCH2410_CH10180	1167	RPHASCH2410_CH10180	1	-	F	F
b4396	Rob	RPHASCH2410_CH04215	RPHASCH2410_CH10195	1169	RPHASCH2410_CH10195,RPHASCH2410_CH10190	2	-	T,F	F,F
b4396	Rob	RPHASCH2410_CH04215	RPHASCH2410_CH10200	1170	RPHASCH2410_CH10200	1	+	F	F
b3226	NanR	RPHASCH2410_PD05225	RPHASCH2410_CH10205	1173	RPHASCH2410_CH10205	1	-	F	F
b3934	CytR	RPHASCH2410_CH04180	RPHASCH2410_CH10265	1176	RPHASCH2410_CH10265	1	+	F	F
b4396	Rob	RPHASCH2410_CH04215	RPHASCH2410_CH10430	1185	RPHASCH2410_CH10430	1	+	F	F
b3226	NanR	RPHASCH2410_PD05225	RPHASCH2410_CH10810	1220	RPHASCH2410_CH10810,RPHASCH2410_CH10805,RPHASCH2410_CH10800,RPHASCH2410_CH10795,RPHASCH2410_CH10790,RPHASCH2410_CH10785	6	-	F,F,F,F,F,F	F,F,F,F,F,F
b2837	GalR	RPHASCH2410_CH10080	RPHASCH2410_CH10955	1230	RPHASCH2410_CH10955	1	+	F	F
b3226	NanR	RPHASCH2410_PD05225	RPHASCH2410_CH10990	1236	RPHASCH2410_CH10990	1	-	F	F
b3438	GntR	RPHASCH2410_PD00565	RPHASCH2410_CH11110	1250	RPHASCH2410_CH11110,RPHASCH2410_CH11105	2	-	F,T	F,F
b3438	GntR	RPHASCH2410_PD00565	RPHASCH2410_CH11115	1251	RPHASCH2410_CH11115,RPHASCH2410_CH11120	2	+	F,T	F,F
b1013	RutR	RPHASCH2410_CH15905	RPHASCH2410_CH11140	1254	RPHASCH2410_CH11140	1	+	F	F
b4396	Rob	RPHASCH2410_CH04215	RPHASCH2410_CH11145	1255	RPHASCH2410_CH11145	1	-	F	F
b4396	Rob	RPHASCH2410_CH04215	RPHASCH2410_CH11150	1256	RPHASCH2410_CH11150,RPHASCH2410_CH11155,RPHASCH2410_CH11160	3	+	F,T,F	F,F,F
b3226	NanR	RPHASCH2410_PD05225	RPHASCH2410_CH11220	1266	RPHASCH2410_CH11220	1	-	F	F
b3226	NanR	RPHASCH2410_PD05225	RPHASCH2410_CH11225	1267	RPHASCH2410_CH11225,RPHASCH2410_CH11230	2	+	F,F	F,F
b1658	PurR	RPHASCH2410_CH12005	RPHASCH2410_CH11390	1283	RPHASCH2410_CH11390,RPHASCH2410_CH11395	2	+	T,F	F,F
b4396	Rob	RPHASCH2410_CH04215	RPHASCH2410_CH11400	1287	RPHASCH2410_CH11400	1	+	F	F
b3226	NanR	RPHASCH2410_PD05225	RPHASCH2410_CH11420	1290	RPHASCH2410_CH11420	1	+	F	F
b4396	Rob	RPHASCH2410_CH04215	RPHASCH2410_CH11425	1291	RPHASCH2410_CH11425	1	-	F	F
b1658	PurR	RPHASCH2410_CH12005	RPHASCH2410_CH11510	1304	RPHASCH2410_CH11510	1	-	F	F
b1658	PurR	RPHASCH2410_CH12005	RPHASCH2410_CH11525	1306	RPHASCH2410_CH11525	1	-	F	F
b1299	PuuR	RPHASCH2410_PD03330	RPHASCH2410_CH11530	1307	RPHASCH2410_CH11530	1	-	F	F
b2916	ArgP	RPHASCH2410_CH20050	RPHASCH2410_CH11545	1309	RPHASCH2410_CH11545,RPHASCH2410_CH11540	2	-	F,F	F,F
b4191	UlaR	RPHASCH2410_PB00140	RPHASCH2410_CH11545	1309	RPHASCH2410_CH11545,RPHASCH2410_CH11540	2	-	F,F	F,F
b2916	ArgP	RPHASCH2410_CH20050	RPHASCH2410_CH11550	1310	RPHASCH2410_CH11550	1	+	F	F
b4191	UlaR	RPHASCH2410_PB00140	RPHASCH2410_CH11550	1310	RPHASCH2410_CH11550	1	+	F	F
b4396	Rob	RPHASCH2410_CH04215	RPHASCH2410_CH11555	1311	RPHASCH2410_CH11555	1	-	T	F
b4396	Rob	RPHASCH2410_CH04215	RPHASCH2410_CH11560	1312	RPHASCH2410_CH11560	1	+	F	F
b4396	Rob	RPHASCH2410_CH04215	RPHASCH2410_CH11580	1314	RPHASCH2410_CH11580,RPHASCH2410_CH11575	2	-	F,F	F,F
b4396	Rob	RPHASCH2410_CH04215	RPHASCH2410_CH11585	1315	RPHASCH2410_CH11585	1	+	F	F
b2808	GcvA	RPHASCH2410_CH15335	RPHASCH2410_CH11640	1322	RPHASCH2410_CH11640	1	-	F	F
b2808	GcvA	RPHASCH2410_CH15335	RPHASCH2410_CH11645	1323	RPHASCH2410_CH11645	1	+	F	F
b1299	PuuR	RPHASCH2410_PD03330	RPHASCH2410_CH11685	1327	RPHASCH2410_CH11685,RPHASCH2410_CH11680	2	-	T,F	F,F
b1299	PuuR	RPHASCH2410_PD03330	RPHASCH2410_CH11690	1328	RPHASCH2410_CH11690	1	+	F	F
b4063	SoxR	RPHASCH2410_CH05360	RPHASCH2410_CH11695	1329	RPHASCH2410_CH11695,RPHASCH2410_RS32450	2	+	F,F	F,F
b4396	Rob	RPHASCH2410_CH04215	RPHASCH2410_CH11705	1330	RPHASCH2410_CH11705,RPHASCH2410_CH11700	2	-	T,F	F,F
b1299	PuuR	RPHASCH2410_PD03330	RPHASCH2410_CH11910	1355	RPHASCH2410_CH11910,RPHASCH2410_CH11905,RPHASCH2410_CH11900,RPHASCH2410_CH11895	4	-	T,F,T,F	F,F,F,F
b3934	CytR	RPHASCH2410_CH04180	RPHASCH2410_CH11970	1363	RPHASCH2410_CH11970	1	-	F	F
b2193	NarP	RPHASCH2410_PA01320	RPHASCH2410_CH11970	1363	RPHASCH2410_CH11970	1	-	F	F
b3934	CytR	RPHASCH2410_CH04180	RPHASCH2410_CH11975	1364	RPHASCH2410_CH11975	1	+	F	F
b2193	NarP	RPHASCH2410_PA01320	RPHASCH2410_CH11975	1364	RPHASCH2410_CH11975	1	+	F	F
b1658	PurR	RPHASCH2410_CH12005	RPHASCH2410_CH12000	1367	RPHASCH2410_CH12000	1	-	F	F
b1658	PurR	RPHASCH2410_CH12005	RPHASCH2410_CH12005	1368	RPHASCH2410_CH12005,RPHASCH2410_CH12010,RPHASCH2410_CH12015,RPHASCH2410_CH12020	4	+	T,F,F,F	T,F,F,F
b0889	Lrp	RPHASCH2410_PD03050	RPHASCH2410_CH12025	1369	RPHASCH2410_CH12025,RPHASCH2410_CH12030	2	+	F,F	F,F
b4396	Rob	RPHASCH2410_CH04215	RPHASCH2410_CH12085	1379	RPHASCH2410_CH12085	1	-	F	F
b4396	Rob	RPHASCH2410_CH04215	RPHASCH2410_CH12090	1380	RPHASCH2410_CH12090	1	+	F	F
b1299	PuuR	RPHASCH2410_PD03330	RPHASCH2410_CH12140	1386	RPHASCH2410_CH12140,RPHASCH2410_CH12145	2	+	F,F	F,F
b1013	RutR	RPHASCH2410_CH15905	RPHASCH2410_CH12160	1389	RPHASCH2410_CH12160	1	-	F	F
b3226	NanR	RPHASCH2410_PD05225	RPHASCH2410_CH12195	1394	RPHASCH2410_CH12195	1	-	F	F
b3226	NanR	RPHASCH2410_PD05225	RPHASCH2410_CH12205	1395	RPHASCH2410_CH12205	1	-	F	F
b3226	NanR	RPHASCH2410_PD05225	RPHASCH2410_CH12210	1396	RPHASCH2410_CH12210	1	+	F	F
b0889	Lrp	RPHASCH2410_PD03050	RPHASCH2410_CH12270	1404	RPHASCH2410_CH12270	1	+	F	F
b4063	SoxR	RPHASCH2410_CH05360	RPHASCH2410_CH12270	1404	RPHASCH2410_CH12270	1	+	F	F
b2916	ArgP	RPHASCH2410_CH20050	RPHASCH2410_CH12300	1408	RPHASCH2410_CH12300	1	-	F	F
b2916	ArgP	RPHASCH2410_CH20050	RPHASCH2410_CH12305	1409	RPHASCH2410_CH12305	1	+	F	F
b2193	NarP	RPHASCH2410_PA01320	RPHASCH2410_CH12305	1409	RPHASCH2410_CH12305	1	+	F	F
b4396	Rob	RPHASCH2410_CH04215	RPHASCH2410_CH12305	1409	RPHASCH2410_CH12305	1	+	F	F
b3226	NanR	RPHASCH2410_PD05225	RPHASCH2410_CH12385	1422	RPHASCH2410_CH12385	1	+	F	F
b4396	Rob	RPHASCH2410_CH04215	RPHASCH2410_CH12395	1424	RPHASCH2410_CH12395	1	+	F	F
b4396	Rob	RPHASCH2410_CH04215	RPHASCH2410_CH12435	1432	RPHASCH2410_CH12435	1	-	F	F
b4396	Rob	RPHASCH2410_CH04215	RPHASCH2410_CH12440	1433	RPHASCH2410_CH12440,RPHASCH2410_CH12445,RPHASCH2410_CH12450,RPHASCH2410_RS12145,RPHASCH2410_CH12460,RPHASCH2410_CH12465	6	+	F,F,F,F,F,F	F,F,F,F,F,F
b4396	Rob	RPHASCH2410_CH04215	RPHASCH2410_CH12510	1439	RPHASCH2410_CH12510	1	-	F	F
b2193	NarP	RPHASCH2410_PA01320	RPHASCH2410_CH12520	1441	RPHASCH2410_CH12520	1	-	F	F
b4396	Rob	RPHASCH2410_CH04215	RPHASCH2410_CH12560	1447	RPHASCH2410_CH12560,RPHASCH2410_CH12555,RPHASCH2410_CH12550	3	-	T,T,T	F,F,F
b4396	Rob	RPHASCH2410_CH04215	RPHASCH2410_CH12565	1448	RPHASCH2410_CH12565	1	+	F	F
b1658	PurR	RPHASCH2410_CH12005	RPHASCH2410_CH12610	1453	RPHASCH2410_CH12610,RPHASCH2410_CH12615	2	+	F,F	F,F
b3868	NtrC	RPHASCH2410_CH02640	RPHASCH2410_CH12840	1488	RPHASCH2410_CH12840,RPHASCH2410_CH12835	2	-	F,F	F,F
b4063	SoxR	RPHASCH2410_CH05360	RPHASCH2410_CH12845	1489	RPHASCH2410_CH12845	1	-	T	F
b4063	SoxR	RPHASCH2410_CH05360	RPHASCH2410_CH12850	1490	RPHASCH2410_CH12850	1	+	F	F
b4396	Rob	RPHASCH2410_CH04215	RPHASCH2410_CH12935	1505	RPHASCH2410_CH12935	1	-	T	F
b4396	Rob	RPHASCH2410_CH04215	RPHASCH2410_CH12940	1506	RPHASCH2410_CH12940	1	+	T	F
b3226	NanR	RPHASCH2410_PD05225	RPHASCH2410_CH13015	1518	RPHASCH2410_CH13015	1	-	F	F
b3226	NanR	RPHASCH2410_PD05225	RPHASCH2410_CH13020	1519	RPHASCH2410_CH13020,RPHASCH2410_CH13025	2	+	F,F	F,F
b1658	PurR	RPHASCH2410_CH12005	RPHASCH2410_CH13075	1527	RPHASCH2410_CH13075,RPHASCH2410_CH13070	2	-	F,F	F,F
b1658	PurR	RPHASCH2410_CH12005	RPHASCH2410_CH13080	1528	RPHASCH2410_CH13080	1	+	F	F
b4396	Rob	RPHASCH2410_CH04215	RPHASCH2410_CH13105	1533	RPHASCH2410_CH13105	1	+	F	F
b3226	NanR	RPHASCH2410_PD05225	RPHASCH2410_CH13155	1540	RPHASCH2410_CH13155	1	-	F	F
b2193	NarP	RPHASCH2410_PA01320	RPHASCH2410_CH13160	1541	RPHASCH2410_CH13160	1	-	T	F
b4396	Rob	RPHASCH2410_CH04215	RPHASCH2410_CH13160	1541	RPHASCH2410_CH13160	1	-	T	F
b2193	NarP	RPHASCH2410_PA01320	RPHASCH2410_CH13165	1542	RPHASCH2410_CH13165	1	+	F	F
b4396	Rob	RPHASCH2410_CH04215	RPHASCH2410_CH13165	1542	RPHASCH2410_CH13165	1	+	F	F
b4396	Rob	RPHASCH2410_CH04215	RPHASCH2410_CH13205	1545	RPHASCH2410_CH13205	1	+	F	F
b2193	NarP	RPHASCH2410_PA01320	RPHASCH2410_CH13240	1550	RPHASCH2410_CH13240	1	-	F	F
b3438	GntR	RPHASCH2410_PD00565	RPHASCH2410_CH13265	1552	RPHASCH2410_CH13265	1	-	F	F
b3438	GntR	RPHASCH2410_PD00565	RPHASCH2410_CH13270	1553	RPHASCH2410_CH13270	1	+	T	F
b2916	ArgP	RPHASCH2410_CH20050	RPHASCH2410_CH13315	1560	RPHASCH2410_CH13315	1	-	F	F
b2916	ArgP	RPHASCH2410_CH20050	RPHASCH2410_CH13320	1561	RPHASCH2410_CH13320	1	+	F	F
b2916	ArgP	RPHASCH2410_CH20050	RPHASCH2410_CH13380	1567	RPHASCH2410_CH13380,RPHASCH2410_CH13385,RPHASCH2410_CH13390	3	+	F,T,F	F,F,F
b1658	PurR	RPHASCH2410_CH12005	RPHASCH2410_CH13495	1583	RPHASCH2410_CH13495	1	-	F	F
b1658	PurR	RPHASCH2410_CH12005	RPHASCH2410_CH13500	1584	RPHASCH2410_CH13500	1	+	F	F
b1658	PurR	RPHASCH2410_CH12005	RPHASCH2410_CH13520	1588	RPHASCH2410_CH13520	1	-	F	F
b2916	ArgP	RPHASCH2410_CH20050	RPHASCH2410_CH13600	1597	RPHASCH2410_CH13600	1	-	T	F
b3226	NanR	RPHASCH2410_PD05225	RPHASCH2410_CH13610	1599	RPHASCH2410_CH13610	1	-	F	F
b3226	NanR	RPHASCH2410_PD05225	RPHASCH2410_CH13615	1600	RPHASCH2410_CH13615	1	+	F	F
b4396	Rob	RPHASCH2410_CH04215	RPHASCH2410_CH13660	1609	RPHASCH2410_CH13660	1	+	F	F
b4396	Rob	RPHASCH2410_CH04215	RPHASCH2410_CH13745	1618	RPHASCH2410_CH13745	1	-	F	F
b4396	Rob	RPHASCH2410_CH04215	RPHASCH2410_CH13750	1619	RPHASCH2410_CH13750,RPHASCH2410_CH13755	2	+	F,T	F,F
b3438	GntR	RPHASCH2410_PD00565	RPHASCH2410_CH13860	1632	RPHASCH2410_CH13860,RPHASCH2410_CH13855	2	-	F,F	F,F
b1658	PurR	RPHASCH2410_CH12005	RPHASCH2410_CH13895	1638	RPHASCH2410_CH13895	1	-	F	F
b4191	UlaR	RPHASCH2410_PB00140	RPHASCH2410_CH14000	1648	RPHASCH2410_CH14000	1	+	F	F
b4396	Rob	RPHASCH2410_CH04215	RPHASCH2410_CH14105	1654	RPHASCH2410_CH14105	1	-	F	F
b4396	Rob	RPHASCH2410_CH04215	RPHASCH2410_CH14110	1655	RPHASCH2410_CH14110,RPHASCH2410_CH14115	2	+	F,F	F,F
b2193	NarP	RPHASCH2410_PA01320	RPHASCH2410_CH14230	1669	RPHASCH2410_CH14230,RPHASCH2410_CH14225,RPHASCH2410_CH14220,RPHASCH2410_CH14215	4	-	F,T,F,F	F,F,F,F
b1658	PurR	RPHASCH2410_CH12005	RPHASCH2410_CH14230	1669	RPHASCH2410_CH14230,RPHASCH2410_CH14225,RPHASCH2410_CH14220,RPHASCH2410_CH14215	4	-	F,T,F,F	F,F,F,F
b2193	NarP	RPHASCH2410_PA01320	RPHASCH2410_CH14235	1670	RPHASCH2410_CH14235	1	+	F	F
b1658	PurR	RPHASCH2410_CH12005	RPHASCH2410_CH14235	1670	RPHASCH2410_CH14235	1	+	F	F
b4396	Rob	RPHASCH2410_CH04215	RPHASCH2410_CH14275	1675	RPHASCH2410_CH14275,RPHASCH2410_CH14280	2	+	F,F	F,F
b3438	GntR	RPHASCH2410_PD00565	RPHASCH2410_CH14295	1677	RPHASCH2410_CH14295	1	-	F	F
b4396	Rob	RPHASCH2410_CH04215	RPHASCH2410_CH14360	1686	RPHASCH2410_CH14360,RPHASCH2410_CH14355	2	-	F,F	F,F
b1642	SlyA	RPHASCH2410_CH16260	RPHASCH2410_CH14380	1690	RPHASCH2410_CH14380	1	+	F	F
b3226	NanR	RPHASCH2410_PD05225	RPHASCH2410_CH14390	1692	RPHASCH2410_CH14390	1	+	F	F
b2193	NarP	RPHASCH2410_PA01320	RPHASCH2410_CH14415	1697	RPHASCH2410_CH14415	1	-	F	F
b4396	Rob	RPHASCH2410_CH04215	RPHASCH2410_CH14415	1697	RPHASCH2410_CH14415	1	-	F	F
b1658	PurR	RPHASCH2410_CH12005	RPHASCH2410_CH14425	1699	RPHASCH2410_CH14425,RPHASCH2410_CH14420	2	-	F,F	F,F
b4396	Rob	RPHASCH2410_CH04215	RPHASCH2410_CH14425	1699	RPHASCH2410_CH14425,RPHASCH2410_CH14420	2	-	F,F	F,F
b1658	PurR	RPHASCH2410_CH12005	RPHASCH2410_CH14430	1700	RPHASCH2410_CH14430	1	+	F	F
b4396	Rob	RPHASCH2410_CH04215	RPHASCH2410_CH14430	1700	RPHASCH2410_CH14430	1	+	F	F
b1658	PurR	RPHASCH2410_CH12005	RPHASCH2410_CH14515	1708	RPHASCH2410_CH14515	1	-	F	F
b3226	NanR	RPHASCH2410_PD05225	RPHASCH2410_CH14535	1710	RPHASCH2410_CH14535	1	+	F	F
b4396	Rob	RPHASCH2410_CH04215	RPHASCH2410_CH14575	1714	RPHASCH2410_CH14575	1	-	F	F
b4396	Rob	RPHASCH2410_CH04215	RPHASCH2410_CH14580	1715	RPHASCH2410_CH14580	1	+	F	F
b1658	PurR	RPHASCH2410_CH12005	RPHASCH2410_CH14700	1736	RPHASCH2410_CH14700	1	+	F	F
b3438	GntR	RPHASCH2410_PD00565	RPHASCH2410_CH14715	1739	RPHASCH2410_CH14715	1	-	F	F
b3438	GntR	RPHASCH2410_PD00565	RPHASCH2410_CH14720	1740	RPHASCH2410_CH14720	1	+	F	F
b4396	Rob	RPHASCH2410_CH04215	RPHASCH2410_CH14735	1743	RPHASCH2410_CH14735	1	-	T	F
b4396	Rob	RPHASCH2410_CH04215	RPHASCH2410_CH14740	1744	RPHASCH2410_CH14740,RPHASCH2410_CH14745,RPHASCH2410_CH14750,RPHASCH2410_CH14755	4	+	F,F,F,F	F,F,F,F
b2916	ArgP	RPHASCH2410_CH20050	RPHASCH2410_CH14760	1745	RPHASCH2410_CH14760	1	+	F	F
b3226	NanR	RPHASCH2410_PD05225	RPHASCH2410_CH14760	1745	RPHASCH2410_CH14760	1	+	F	F
b2916	ArgP	RPHASCH2410_CH20050	RPHASCH2410_CH14840	1755	RPHASCH2410_CH14840	1	+	F	F
b2808	GcvA	RPHASCH2410_CH15335	RPHASCH2410_CH14900	1764	RPHASCH2410_CH14900	1	+	F	F
b3226	NanR	RPHASCH2410_PD05225	RPHASCH2410_CH14900	1764	RPHASCH2410_CH14900	1	+	F	F
b1658	PurR	RPHASCH2410_CH12005	RPHASCH2410_CH14930	1768	RPHASCH2410_CH14930,RPHASCH2410_CH14925	2	-	F,F	F,F
b4396	Rob	RPHASCH2410_CH04215	RPHASCH2410_CH14975	1774	RPHASCH2410_CH14975	1	-	F	F
b4396	Rob	RPHASCH2410_CH04215	RPHASCH2410_CH14980	1775	RPHASCH2410_CH14980,RPHASCH2410_CH14985	2	+	F,T	F,F
b3226	NanR	RPHASCH2410_PD05225	RPHASCH2410_CH15170	1795	RPHASCH2410_CH15170,RPHASCH2410_CH15165,RPHASCH2410_CH15160	3	-	F,T,T	F,F,F
b3226	NanR	RPHASCH2410_PD05225	RPHASCH2410_CH15175	1796	RPHASCH2410_CH15175	1	+	F	F
b0889	Lrp	RPHASCH2410_PD03050	RPHASCH2410_CH15230	1803	RPHASCH2410_CH15230,RPHASCH2410_CH15225	2	-	F,F	F,F
b0889	Lrp	RPHASCH2410_PD03050	RPHASCH2410_CH15235	1804	RPHASCH2410_CH15235	1	+	F	F
b4063	SoxR	RPHASCH2410_CH05360	RPHASCH2410_CH15265	1809	RPHASCH2410_CH15265,RPHASCH2410_CH15260	2	-	F,F	F,F
b4063	SoxR	RPHASCH2410_CH05360	RPHASCH2410_CH15270	1810	RPHASCH2410_CH15270	1	+	F	F
b3226	NanR	RPHASCH2410_PD05225	RPHASCH2410_CH15290	1813	RPHASCH2410_CH15290	1	-	F	F
b2916	ArgP	RPHASCH2410_CH20050	RPHASCH2410_CH15345	1822	RPHASCH2410_CH15345,RPHASCH2410_CH15350,RPHASCH2410_CH15355,RPHASCH2410_CH15360,RPHASCH2410_CH15365,RPHASCH2410_CH15370	6	+	F,F,F,F,F,F	F,F,F,F,F,F
b1642	SlyA	RPHASCH2410_CH16260	RPHASCH2410_CH15345	1822	RPHASCH2410_CH15345,RPHASCH2410_CH15350,RPHASCH2410_CH15355,RPHASCH2410_CH15360,RPHASCH2410_CH15365,RPHASCH2410_CH15370	6	+	F,F,F,F,F,F	F,F,F,F,F,F
b2916	ArgP	RPHASCH2410_CH20050	RPHASCH2410_CH15380	1823	RPHASCH2410_CH15380	1	+	F	F
b4396	Rob	RPHASCH2410_CH04215	RPHASCH2410_CH15380	1823	RPHASCH2410_CH15380	1	+	F	F
b3226	NanR	RPHASCH2410_PD05225	RPHASCH2410_CH15415	1826	RPHASCH2410_CH15415,RPHASCH2410_CH15410,RPHASCH2410_CH15405,RPHASCH2410_CH15400,RPHASCH2410_CH15395	5	-	F,F,F,F,F	F,F,F,F,F
b4396	Rob	RPHASCH2410_CH04215	RPHASCH2410_CH15505	1833	RPHASCH2410_CH15505,RPHASCH2410_CH15500	2	-	F,F	F,F
b3226	NanR	RPHASCH2410_PD05225	RPHASCH2410_CH15510	1834	RPHASCH2410_CH15510	1	-	F	F
b4396	Rob	RPHASCH2410_CH04215	RPHASCH2410_CH15510	1834	RPHASCH2410_CH15510	1	-	F	F
b2193	NarP	RPHASCH2410_PA01320	RPHASCH2410_CH15515	1835	RPHASCH2410_CH15515	1	+	F	F
b4191	UlaR	RPHASCH2410_PB00140	RPHASCH2410_CH15515	1835	RPHASCH2410_CH15515	1	+	F	F
b3226	NanR	RPHASCH2410_PD05225	RPHASCH2410_CH15540	1837	RPHASCH2410_CH15540,RPHASCH2410_CH15535	2	-	F,F	F,F
b4396	Rob	RPHASCH2410_CH04215	RPHASCH2410_CH15540	1837	RPHASCH2410_CH15540,RPHASCH2410_CH15535	2	-	F,F	F,F
b3226	NanR	RPHASCH2410_PD05225	RPHASCH2410_CH15545	1838	RPHASCH2410_CH15545	1	+	F	F
b4396	Rob	RPHASCH2410_CH04215	RPHASCH2410_CH15545	1838	RPHASCH2410_CH15545	1	+	F	F
b1642	SlyA	RPHASCH2410_CH16260	RPHASCH2410_CH15550	1839	RPHASCH2410_CH15550	1	+	F	F
b3226	NanR	RPHASCH2410_PD05225	RPHASCH2410_CH15655	1854	RPHASCH2410_CH15655	1	-	F	F
b3226	NanR	RPHASCH2410_PD05225	RPHASCH2410_CH15700	1859	RPHASCH2410_CH15700,RPHASCH2410_CH15695,RPHASCH2410_CH15690	3	-	F,F,F	F,F,F
b4191	UlaR	RPHASCH2410_PB00140	RPHASCH2410_CH15700	1859	RPHASCH2410_CH15700,RPHASCH2410_CH15695,RPHASCH2410_CH15690	3	-	F,F,F	F,F,F
b4396	Rob	RPHASCH2410_CH04215	RPHASCH2410_CH15760	1865	RPHASCH2410_CH15760	1	+	F	F
b3868	NtrC	RPHASCH2410_CH02640	RPHASCH2410_CH15765	1866	RPHASCH2410_CH15765	1	+	F	F
b2193	NarP	RPHASCH2410_PA01320	RPHASCH2410_CH15770	1867	RPHASCH2410_CH15770,RPHASCH2410_CH15775,RPHASCH2410_CH15780	3	+	T,T,F	F,F,F
b4063	SoxR	RPHASCH2410_CH05360	RPHASCH2410_CH15805	1868	RPHASCH2410_CH15805,RPHASCH2410_CH15800,RPHASCH2410_CH15795,RPHASCH2410_CH15790,RPHASCH2410_CH15785	5	-	F,F,F,F,F	F,F,F,F,F
b2193	NarP	RPHASCH2410_PA01320	RPHASCH2410_CH15820	1869	RPHASCH2410_CH15820,RPHASCH2410_CH15815,RPHASCH2410_CH15810	3	-	F,F,F	F,F,F
b2193	NarP	RPHASCH2410_PA01320	RPHASCH2410_CH15825	1870	RPHASCH2410_CH15825,RPHASCH2410_CH15830	2	+	F,F	F,F
b3438	GntR	RPHASCH2410_PD00565	RPHASCH2410_CH15865	1874	RPHASCH2410_CH15865	1	-	F	F
b1013	RutR	RPHASCH2410_CH15905	RPHASCH2410_CH15905	1881	RPHASCH2410_CH15905	1	-	T	T
b1642	SlyA	RPHASCH2410_CH16260	RPHASCH2410_CH15905	1881	RPHASCH2410_CH15905	1	-	T	F
b1013	RutR	RPHASCH2410_CH15905	RPHASCH2410_CH15910	1882	RPHASCH2410_CH15910,RPHASCH2410_CH15915,RPHASCH2410_CH15920	3	+	F,F,T	F,F,F
b1642	SlyA	RPHASCH2410_CH16260	RPHASCH2410_CH15910	1882	RPHASCH2410_CH15910,RPHASCH2410_CH15915,RPHASCH2410_CH15920	3	+	F,F,T	F,F,F
b4396	Rob	RPHASCH2410_CH04215	RPHASCH2410_CH16105	1897	RPHASCH2410_CH16105	1	+	F	F
b2193	NarP	RPHASCH2410_PA01320	RPHASCH2410_CH16130	1902	RPHASCH2410_CH16130	1	-	F	F
b1299	PuuR	RPHASCH2410_PD03330	RPHASCH2410_CH16130	1902	RPHASCH2410_CH16130	1	-	F	F
b1642	SlyA	RPHASCH2410_CH16260	RPHASCH2410_CH16130	1902	RPHASCH2410_CH16130	1	-	F	F
b4191	UlaR	RPHASCH2410_PB00140	RPHASCH2410_CH16130	1902	RPHASCH2410_CH16130	1	-	F	F
b2193	NarP	RPHASCH2410_PA01320	RPHASCH2410_CH16135	1903	RPHASCH2410_CH16135	1	+	F	F
b1299	PuuR	RPHASCH2410_PD03330	RPHASCH2410_CH16135	1903	RPHASCH2410_CH16135	1	+	F	F
b1642	SlyA	RPHASCH2410_CH16260	RPHASCH2410_CH16135	1903	RPHASCH2410_CH16135	1	+	F	F
b4191	UlaR	RPHASCH2410_PB00140	RPHASCH2410_CH16135	1903	RPHASCH2410_CH16135	1	+	F	F
b3226	NanR	RPHASCH2410_PD05225	RPHASCH2410_CH16155	1906	RPHASCH2410_CH16155	1	+	F	F
b1658	PurR	RPHASCH2410_CH12005	RPHASCH2410_CH16155	1906	RPHASCH2410_CH16155	1	+	F	F
b4396	Rob	RPHASCH2410_CH04215	RPHASCH2410_CH16290	1924	RPHASCH2410_CH16290	1	-	F	F
b3226	NanR	RPHASCH2410_PD05225	RPHASCH2410_CH16330	1929	RPHASCH2410_CH16330,RPHASCH2410_CH16325,RPHASCH2410_CH16320,RPHASCH2410_CH16315	4	-	F,F,F,F	F,F,F,F
b4396	Rob	RPHASCH2410_CH04215	RPHASCH2410_CH16370	1932	RPHASCH2410_CH16370,RPHASCH2410_CH16375,RPHASCH2410_CH16380,RPHASCH2410_RS15980,RPHASCH2410_CH16390,RPHASCH2410_CH16395,RPHASCH2410_CH16400,RPHASCH2410_CH16405,RPHASCH2410_CH16410,RPHASCH2410_CH16415,RPHASCH2410_CH16420,RPHASCH2410_CH16425,RPHASCH2410_CH16430,RPHASCH2410_CH16435	14	+	F,F,F,F,F,F,T,F,F,F,F,T,T,F	F,F,F,F,F,F,F,F,F,F,F,F,F,F
b3226	NanR	RPHASCH2410_PD05225	RPHASCH2410_CH16450	1933	RPHASCH2410_CH16450,RPHASCH2410_CH16445,RPHASCH2410_CH16440	3	-	T,F,F	F,F,F
b3226	NanR	RPHASCH2410_PD05225	RPHASCH2410_CH16455	1934	RPHASCH2410_CH16455,RPHASCH2410_CH16460,RPHASCH2410_CH16465,RPHASCH2410_CH16470	4	+	F,F,F,F	F,F,F,F
b1299	PuuR	RPHASCH2410_PD03330	RPHASCH2410_CH16510	1936	RPHASCH2410_CH16510	1	+	F	F
b3226	NanR	RPHASCH2410_PD05225	RPHASCH2410_CH16705	1954	RPHASCH2410_CH16705	1	+	F	F
b3438	GntR	RPHASCH2410_PD00565	RPHASCH2410_CH16725	1956	RPHASCH2410_CH16725	1	+	F	F
b1642	SlyA	RPHASCH2410_CH16260	RPHASCH2410_CH16745	1959	RPHASCH2410_CH16745	1	-	T	F
b2916	ArgP	RPHASCH2410_CH20050	RPHASCH2410_CH16790	1960	RPHASCH2410_CH16790,RPHASCH2410_CH16785,RPHASCH2410_CH16780,RPHASCH2410_CH16775,RPHASCH2410_CH16770,RPHASCH2410_CH16765,RPHASCH2410_CH16760,RPHASCH2410_CH16755,RPHASCH2410_CH16750	9	-	T,T,F,F,F,F,F,F,T	F,F,F,F,F,F,F,F,F
b4396	Rob	RPHASCH2410_CH04215	RPHASCH2410_CH16790	1960	RPHASCH2410_CH16790,RPHASCH2410_CH16785,RPHASCH2410_CH16780,RPHASCH2410_CH16775,RPHASCH2410_CH16770,RPHASCH2410_CH16765,RPHASCH2410_CH16760,RPHASCH2410_CH16755,RPHASCH2410_CH16750	9	-	T,T,F,F,F,F,F,F,T	F,F,F,F,F,F,F,F,F
b1658	PurR	RPHASCH2410_CH12005	RPHASCH2410_CH16800	1962	RPHASCH2410_CH16800	1	+	F	F
b2808	GcvA	RPHASCH2410_CH15335	RPHASCH2410_CH16915	1977	RPHASCH2410_CH16915	1	-	F	F
b4063	SoxR	RPHASCH2410_CH05360	RPHASCH2410_CH16915	1977	RPHASCH2410_CH16915	1	-	F	F
b2808	GcvA	RPHASCH2410_CH15335	RPHASCH2410_CH16920	1978	RPHASCH2410_CH16920	1	+	F	F
b4063	SoxR	RPHASCH2410_CH05360	RPHASCH2410_CH16920	1978	RPHASCH2410_CH16920	1	+	F	F
b1658	PurR	RPHASCH2410_CH12005	RPHASCH2410_CH17005	1989	RPHASCH2410_CH17005	1	+	F	F
b1299	PuuR	RPHASCH2410_PD03330	RPHASCH2410_CH17005	1989	RPHASCH2410_CH17005	1	+	F	F
b4396	Rob	RPHASCH2410_CH04215	RPHASCH2410_CH17005	1989	RPHASCH2410_CH17005	1	+	F	F
b3226	NanR	RPHASCH2410_PD05225	RPHASCH2410_CH17130	1999	RPHASCH2410_CH17130,RPHASCH2410_CH17125,RPHASCH2410_CH17120,RPHASCH2410_CH17115,RPHASCH2410_CH17110,RPHASCH2410_CH17105,RPHASCH2410_RS16680,RPHASCH2410_CH17095,RPHASCH2410_CH17090,RPHASCH2410_CH17085	10	-	F,F,F,F,F,F,F,F,F,T	F,F,F,F,F,F,F,F,F,F
b3226	NanR	RPHASCH2410_PD05225	RPHASCH2410_CH17135	2000	RPHASCH2410_CH17135	1	+	F	F
b4396	Rob	RPHASCH2410_CH04215	RPHASCH2410_CH17265	2014	RPHASCH2410_CH17265	1	-	F	F
b3226	NanR	RPHASCH2410_PD05225	RPHASCH2410_CH17335	2031	RPHASCH2410_CH17335	1	-	F	F
b3226	NanR	RPHASCH2410_PD05225	RPHASCH2410_CH17365	2034	RPHASCH2410_CH17365,RPHASCH2410_CH17360	2	-	F,T	F,F
b2193	NarP	RPHASCH2410_PA01320	RPHASCH2410_CH17420	2046	RPHASCH2410_CH17420	1	-	T	F
b2193	NarP	RPHASCH2410_PA01320	RPHASCH2410_CH17425	2048	RPHASCH2410_CH17425	1	+	F	F
b1299	PuuR	RPHASCH2410_PD03330	RPHASCH2410_CH17440	2050	RPHASCH2410_CH17440,RPHASCH2410_CH17435	2	-	F,F	F,F
b1299	PuuR	RPHASCH2410_PD03330	RPHASCH2410_CH17445	2051	RPHASCH2410_CH17445,RPHASCH2410_CH17450	2	+	T,F	F,F
b2837	GalR	RPHASCH2410_CH10080	RPHASCH2410_CH17510	2060	RPHASCH2410_CH17510	1	+	F	F
b3226	NanR	RPHASCH2410_PD05225	RPHASCH2410_CH17560	2067	RPHASCH2410_CH17560	1	-	F	F
b3226	NanR	RPHASCH2410_PD05225	RPHASCH2410_CH17565	2068	RPHASCH2410_CH17565	1	+	F	F
b3226	NanR	RPHASCH2410_PD05225	RPHASCH2410_CH17580	2070	RPHASCH2410_CH17580	1	+	F	F
b1658	PurR	RPHASCH2410_CH12005	RPHASCH2410_CH17605	2073	RPHASCH2410_CH17605,RPHASCH2410_CH17600,RPHASCH2410_CH17595	3	-	F,F,F	F,F,F
b4063	SoxR	RPHASCH2410_CH05360	RPHASCH2410_CH17610	2074	RPHASCH2410_CH17610	1	-	F	F
b3226	NanR	RPHASCH2410_PD05225	RPHASCH2410_CH17615	2075	RPHASCH2410_CH17615	1	-	F	F
b3226	NanR	RPHASCH2410_PD05225	RPHASCH2410_CH17620	2076	RPHASCH2410_CH17620	1	+	T	F
b4396	Rob	RPHASCH2410_CH04215	RPHASCH2410_CH17635	2077	RPHASCH2410_CH17635,RPHASCH2410_CH17630,RPHASCH2410_CH17625	3	-	F,T,F	F,F,F
b4191	UlaR	RPHASCH2410_PB00140	RPHASCH2410_CH17710	2087	RPHASCH2410_CH17710	1	-	F	F
b4191	UlaR	RPHASCH2410_PB00140	RPHASCH2410_CH17715	2088	RPHASCH2410_CH17715	1	+	T	F
b4396	Rob	RPHASCH2410_CH04215	RPHASCH2410_CH17750	2092	RPHASCH2410_CH17750,RPHASCH2410_CH17745,RPHASCH2410_CH17740	3	-	F,F,F	F,F,F
b4396	Rob	RPHASCH2410_CH04215	RPHASCH2410_CH17755	2093	RPHASCH2410_CH17755	1	+	F	F
b0889	Lrp	RPHASCH2410_PD03050	RPHASCH2410_CH17785	2098	RPHASCH2410_CH17785	1	+	F	F
b4396	Rob	RPHASCH2410_CH04215	RPHASCH2410_CH17885	2114	RPHASCH2410_CH17885	1	-	F	F
b4396	Rob	RPHASCH2410_CH04215	RPHASCH2410_CH17890	2115	RPHASCH2410_CH17890,RPHASCH2410_CH17895	2	+	F,F	F,F
b1658	PurR	RPHASCH2410_CH12005	RPHASCH2410_CH17905	2117	RPHASCH2410_CH17905	1	-	F	F
b1658	PurR	RPHASCH2410_CH12005	RPHASCH2410_CH17910	2118	RPHASCH2410_CH17910	1	+	T	F
b4191	UlaR	RPHASCH2410_PB00140	RPHASCH2410_CH17960	2122	RPHASCH2410_CH17960,RPHASCH2410_CH17955,RPHASCH2410_CH17950,RPHASCH2410_CH17945,RPHASCH2410_CH17940	5	-	T,F,F,F,T	F,F,F,F,F
b4191	UlaR	RPHASCH2410_PB00140	RPHASCH2410_CH17965	2123	RPHASCH2410_CH17965	1	+	F	F
b3226	NanR	RPHASCH2410_PD05225	RPHASCH2410_CH18070	2132	RPHASCH2410_CH18070	1	+	F	F
b4396	Rob	RPHASCH2410_CH04215	RPHASCH2410_CH18075	2133	RPHASCH2410_CH18075	1	-	F	F
b4396	Rob	RPHASCH2410_CH04215	RPHASCH2410_CH18080	2134	RPHASCH2410_CH18080,RPHASCH2410_CH18085	2	+	F,F	F,F
b1658	PurR	RPHASCH2410_CH12005	RPHASCH2410_CH18155	2144	RPHASCH2410_CH18155	1	-	F	F
b1658	PurR	RPHASCH2410_CH12005	RPHASCH2410_CH18160	2145	RPHASCH2410_CH18160	1	+	F	F
b1642	SlyA	RPHASCH2410_CH16260	RPHASCH2410_CH18250	2150	RPHASCH2410_CH18250,RPHASCH2410_CH18255,RPHASCH2410_RS17820	3	+	F,T,F	F,F,F
b2837	GalR	RPHASCH2410_CH10080	RPHASCH2410_CH18265	2151	RPHASCH2410_CH18265	1	-	F	F
b4396	Rob	RPHASCH2410_CH04215	RPHASCH2410_CH18265	2151	RPHASCH2410_CH18265	1	-	F	F
b4396	Rob	RPHASCH2410_CH04215	RPHASCH2410_CH18325	2158	RPHASCH2410_CH18325	1	-	F	F
b4396	Rob	RPHASCH2410_CH04215	RPHASCH2410_CH18330	2159	RPHASCH2410_CH18330,RPHASCH2410_CH18335	2	+	F,F	F,F
b2916	ArgP	RPHASCH2410_CH20050	RPHASCH2410_CH18365	2163	RPHASCH2410_CH18365	1	-	F	F
b3226	NanR	RPHASCH2410_PD05225	RPHASCH2410_CH18365	2163	RPHASCH2410_CH18365	1	-	F	F
b3226	NanR	RPHASCH2410_PD05225	RPHASCH2410_CH18375	2164	RPHASCH2410_CH18375	1	-	F	F
b4396	Rob	RPHASCH2410_CH04215	RPHASCH2410_CH18375	2164	RPHASCH2410_CH18375	1	-	F	F
b3226	NanR	RPHASCH2410_PD05225	RPHASCH2410_CH18380	2165	RPHASCH2410_CH18380	1	+	F	F
b4396	Rob	RPHASCH2410_CH04215	RPHASCH2410_CH18380	2165	RPHASCH2410_CH18380	1	+	F	F
b3438	GntR	RPHASCH2410_PD00565	RPHASCH2410_CH18390	2167	RPHASCH2410_CH18390	1	+	F	F
b3226	NanR	RPHASCH2410_PD05225	RPHASCH2410_CH18390	2167	RPHASCH2410_CH18390	1	+	F	F
b1299	PuuR	RPHASCH2410_PD03330	RPHASCH2410_CH18435	2175	RPHASCH2410_CH18435,RPHASCH2410_CH18430	2	-	F,F	F,F
b2193	NarP	RPHASCH2410_PA01320	RPHASCH2410_CH18520	2191	RPHASCH2410_CH18520	1	+	F	F
b4063	SoxR	RPHASCH2410_CH05360	RPHASCH2410_CH18640	2206	RPHASCH2410_CH18640,RPHASCH2410_CH18635	2	-	F,F	F,F
b4063	SoxR	RPHASCH2410_CH05360	RPHASCH2410_CH18645	2207	RPHASCH2410_CH18645	1	+	F	F
b1642	SlyA	RPHASCH2410_CH16260	RPHASCH2410_CH18765	2222	RPHASCH2410_CH18765	1	-	T	F
b1642	SlyA	RPHASCH2410_CH16260	RPHASCH2410_CH18770	2223	RPHASCH2410_CH18770	1	+	F	F
b1658	PurR	RPHASCH2410_CH12005	RPHASCH2410_CH18835	2230	RPHASCH2410_CH18835,RPHASCH2410_CH18840	2	+	F,F	F,F
b2193	NarP	RPHASCH2410_PA01320	RPHASCH2410_CH18900	2239	RPHASCH2410_CH18900	1	-	F	F
b3226	NanR	RPHASCH2410_PD05225	RPHASCH2410_CH18995	2252	RPHASCH2410_CH18995	1	-	F	F
b1658	PurR	RPHASCH2410_CH12005	RPHASCH2410_CH19005	2253	RPHASCH2410_CH19005,RPHASCH2410_CH19000	2	-	F,F	F,F
b3226	NanR	RPHASCH2410_PD05225	RPHASCH2410_CH19035	2256	RPHASCH2410_CH19035,RPHASCH2410_CH19030,RPHASCH2410_CH19025	3	-	T,T,T	F,F,F
b4396	Rob	RPHASCH2410_CH04215	RPHASCH2410_CH19055	2259	RPHASCH2410_CH19055,RPHASCH2410_CH19050	2	-	F,F	F,F
b4396	Rob	RPHASCH2410_CH04215	RPHASCH2410_CH19060	2260	RPHASCH2410_CH19060	1	+	F	F
b1658	PurR	RPHASCH2410_CH12005	RPHASCH2410_CH19120	2271	RPHASCH2410_CH19120	1	+	F	F
b4396	Rob	RPHASCH2410_CH04215	RPHASCH2410_CH19280	2300	RPHASCH2410_CH19280	1	-	F	F
b4396	Rob	RPHASCH2410_CH04215	RPHASCH2410_CH19285	2301	RPHASCH2410_CH19285	1	+	F	F
b2837	GalR	RPHASCH2410_CH10080	RPHASCH2410_CH19350	2310	RPHASCH2410_CH19350	1	-	F	F
b4396	Rob	RPHASCH2410_CH04215	RPHASCH2410_CH19350	2310	RPHASCH2410_CH19350	1	-	F	F
b1642	SlyA	RPHASCH2410_CH16260	RPHASCH2410_CH19355	2311	RPHASCH2410_CH19355	1	-	F	F
b1642	SlyA	RPHASCH2410_CH16260	RPHASCH2410_CH19360	2312	RPHASCH2410_CH19360	1	+	F	F
b2808	GcvA	RPHASCH2410_CH15335	RPHASCH2410_CH19530	2335	RPHASCH2410_CH19530	1	-	F	F
b3226	NanR	RPHASCH2410_PD05225	RPHASCH2410_CH19530	2335	RPHASCH2410_CH19530	1	-	F	F
b4396	Rob	RPHASCH2410_CH04215	RPHASCH2410_CH19530	2335	RPHASCH2410_CH19530	1	-	F	F
b3226	NanR	RPHASCH2410_PD05225	RPHASCH2410_CH19535	2336	RPHASCH2410_CH19535	1	+	F	F
b4396	Rob	RPHASCH2410_CH04215	RPHASCH2410_CH19535	2336	RPHASCH2410_CH19535	1	+	F	F
b1658	PurR	RPHASCH2410_CH12005	RPHASCH2410_CH19645	2349	RPHASCH2410_CH19645,RPHASCH2410_CH19650	2	+	F,F	F,F
b3226	NanR	RPHASCH2410_PD05225	RPHASCH2410_CH19675	2352	RPHASCH2410_CH19675,RPHASCH2410_RS19170	2	-	F,F	F,F
b3226	NanR	RPHASCH2410_PD05225	RPHASCH2410_CH19680	2353	RPHASCH2410_CH19680	1	+	F	F
b3226	NanR	RPHASCH2410_PD05225	RPHASCH2410_CH19750	2363	RPHASCH2410_CH19750	1	-	F	F
b1658	PurR	RPHASCH2410_CH12005	RPHASCH2410_CH19800	2371	RPHASCH2410_CH19800	1	+	F	F
b0889	Lrp	RPHASCH2410_PD03050	RPHASCH2410_CH19830	2374	RPHASCH2410_CH19830	1	-	F	F
b4063	SoxR	RPHASCH2410_CH05360	RPHASCH2410_CH19830	2374	RPHASCH2410_CH19830	1	-	F	F
b0889	Lrp	RPHASCH2410_PD03050	RPHASCH2410_CH19835	2375	RPHASCH2410_CH19835	1	+	F	F
b3226	NanR	RPHASCH2410_PD05225	RPHASCH2410_CH19860	2380	RPHASCH2410_CH19860	1	-	F	F
b1658	PurR	RPHASCH2410_CH12005	RPHASCH2410_CH19880	2383	RPHASCH2410_CH19880	1	-	F	F
b1658	PurR	RPHASCH2410_CH12005	RPHASCH2410_CH19885	2384	RPHASCH2410_CH19885,RPHASCH2410_CH19890	2	+	F,F	F,F
b4063	SoxR	RPHASCH2410_CH05360	RPHASCH2410_CH19895	2385	RPHASCH2410_CH19895	1	-	F	F
b4063	SoxR	RPHASCH2410_CH05360	RPHASCH2410_CH19900	2386	RPHASCH2410_CH19900	1	+	F	F
b0889	Lrp	RPHASCH2410_PD03050	RPHASCH2410_CH19935	2392	RPHASCH2410_CH19935	1	-	F	F
b3226	NanR	RPHASCH2410_PD05225	RPHASCH2410_CH19935	2392	RPHASCH2410_CH19935	1	-	F	F
b1299	PuuR	RPHASCH2410_PD03330	RPHASCH2410_CH19935	2392	RPHASCH2410_CH19935	1	-	F	F
b0889	Lrp	RPHASCH2410_PD03050	RPHASCH2410_CH19940	2393	RPHASCH2410_CH19940	1	+	F	F
b1299	PuuR	RPHASCH2410_PD03330	RPHASCH2410_CH19940	2393	RPHASCH2410_CH19940	1	+	F	F
b3226	NanR	RPHASCH2410_PD05225	RPHASCH2410_CH20145	2421	RPHASCH2410_CH20145	1	-	F	F
b1658	PurR	RPHASCH2410_CH12005	RPHASCH2410_CH20185	2430	RPHASCH2410_CH20185	1	-	F	F
b1658	PurR	RPHASCH2410_CH12005	RPHASCH2410_CH20190	2431	RPHASCH2410_CH20190	1	+	T	F
b4063	SoxR	RPHASCH2410_CH05360	RPHASCH2410_CH20230	2438	RPHASCH2410_CH20230	1	-	F	F
b4063	SoxR	RPHASCH2410_CH05360	RPHASCH2410_CH20235	2439	RPHASCH2410_CH20235	1	+	T	F
b3934	CytR	RPHASCH2410_CH04180	RPHASCH2410_CH20245	2441	RPHASCH2410_CH20245,RPHASCH2410_CH20240	2	-	F,F	F,F
b3226	NanR	RPHASCH2410_PD05225	RPHASCH2410_CH20355	2450	RPHASCH2410_CH20355	1	-	T	F
b3226	NanR	RPHASCH2410_PD05225	RPHASCH2410_CH20360	2451	RPHASCH2410_CH20360,RPHASCH2410_CH20365	2	+	F,F	F,F
b4396	Rob	RPHASCH2410_CH04215	RPHASCH2410_CH20425	2458	RPHASCH2410_CH20425	1	+	F	F
b4396	Rob	RPHASCH2410_CH04215	RPHASCH2410_CH20480	2465	RPHASCH2410_CH20480,RPHASCH2410_RS19970	2	+	T,F	F,F
b3226	NanR	RPHASCH2410_PD05225	RPHASCH2410_CH20565	2476	RPHASCH2410_CH20565	1	-	F	F
b3226	NanR	RPHASCH2410_PD05225	RPHASCH2410_CH20570	2477	RPHASCH2410_CH20570	1	+	F	F
b1642	SlyA	RPHASCH2410_CH16260	RPHASCH2410_CH20645	2484	RPHASCH2410_CH20645,RPHASCH2410_CH20640,RPHASCH2410_CH20635,RPHASCH2410_CH20630	4	-	F,F,F,F	F,F,F,F
b1642	SlyA	RPHASCH2410_CH16260	RPHASCH2410_CH20650	2485	RPHASCH2410_CH20650	1	+	F	F
b1013	RutR	RPHASCH2410_CH15905	RPHASCH2410_CH20655	2486	RPHASCH2410_CH20655,RPHASCH2410_CH20660	2	+	F,F	F,F
b4396	Rob	RPHASCH2410_CH04215	RPHASCH2410_CH20735	2494	RPHASCH2410_CH20735	1	-	F	F
b3868	NtrC	RPHASCH2410_CH02640	RPHASCH2410_CH20795	2502	RPHASCH2410_CH20795	1	+	F	F
b3438	GntR	RPHASCH2410_PD00565	RPHASCH2410_CH20800	2503	RPHASCH2410_CH20800	1	-	F	F
b3226	NanR	RPHASCH2410_PD05225	RPHASCH2410_CH21005	2536	RPHASCH2410_CH21005	1	+	F	F
b2916	ArgP	RPHASCH2410_CH20050	RPHASCH2410_CH21020	2539	RPHASCH2410_CH21020	1	-	T	F
b3226	NanR	RPHASCH2410_PD05225	RPHASCH2410_CH21065	2547	RPHASCH2410_CH21065	1	-	F	F
b4191	UlaR	RPHASCH2410_PB00140	RPHASCH2410_CH21065	2547	RPHASCH2410_CH21065	1	-	F	F
b3226	NanR	RPHASCH2410_PD05225	RPHASCH2410_CH21070	2548	RPHASCH2410_CH21070	1	+	F	F
b4191	UlaR	RPHASCH2410_PB00140	RPHASCH2410_CH21070	2548	RPHASCH2410_CH21070	1	+	F	F
b1658	PurR	RPHASCH2410_CH12005	RPHASCH2410_CH21110	2554	RPHASCH2410_CH21110	1	+	F	F
b1299	PuuR	RPHASCH2410_PD03330	RPHASCH2410_CH21170	2564	RPHASCH2410_CH21170,RPHASCH2410_CH21165	2	-	F,F	F,F
b3226	NanR	RPHASCH2410_PD05225	RPHASCH2410_CH21185	2566	RPHASCH2410_CH21185	1	+	T	F
b2193	NarP	RPHASCH2410_PA01320	RPHASCH2410_CH21265	2579	RPHASCH2410_CH21265	1	-	F	F
b4396	Rob	RPHASCH2410_CH04215	RPHASCH2410_CH21280	2582	RPHASCH2410_CH21280	1	+	F	F
b1658	PurR	RPHASCH2410_CH12005	RPHASCH2410_CH21370	2593	RPHASCH2410_CH21370	1	-	F	F
b4396	Rob	RPHASCH2410_CH04215	RPHASCH2410_CH21455	2602	RPHASCH2410_CH21455,RPHASCH2410_CH21450,RPHASCH2410_CH21445	3	-	F,T,F	F,F,F
b4396	Rob	RPHASCH2410_CH04215	RPHASCH2410_CH21460	2603	RPHASCH2410_CH21460	1	+	F	F
b3226	NanR	RPHASCH2410_PD05225	RPHASCH2410_CH21490	2608	RPHASCH2410_CH21490	1	+	F	F
b2916	ArgP	RPHASCH2410_CH20050	RPHASCH2410_CH21510	2611	RPHASCH2410_CH21510	1	+	F	F
b3226	NanR	RPHASCH2410_PD05225	RPHASCH2410_CH21570	2619	RPHASCH2410_CH21570	1	+	F	F
b4396	Rob	RPHASCH2410_CH04215	RPHASCH2410_CH21580	2621	RPHASCH2410_CH21580,RPHASCH2410_CH21585,RPHASCH2410_CH21590,RPHASCH2410_CH21595	4	+	T,F,T,F	F,F,F,F
b1658	PurR	RPHASCH2410_CH12005	RPHASCH2410_CH21640	2629	RPHASCH2410_CH21640	1	+	T	F
b1299	PuuR	RPHASCH2410_PD03330	RPHASCH2410_CH21740	2642	RPHASCH2410_CH21740,RPHASCH2410_CH21735	2	-	T,T	F,F
b1299	PuuR	RPHASCH2410_PD03330	RPHASCH2410_CH21745	2643	RPHASCH2410_CH21745,RPHASCH2410_CH21750	2	+	F,T	F,F
b3934	CytR	RPHASCH2410_CH04180	RPHASCH2410_PA00010	3742	RPHASCH2410_PA00010,RPHASCH2410_PA00005	2	-	F,F	F,F
b3934	CytR	RPHASCH2410_CH04180	RPHASCH2410_PA00015	3743	RPHASCH2410_PA00015,RPHASCH2410_PA00020,RPHASCH2410_PA00025,RPHASCH2410_PA00030,RPHASCH2410_PA00035,RPHASCH2410_PA00040,RPHASCH2410_PA00045,RPHASCH2410_PA00050	8	+	F,F,T,F,F,F,F,F	F,F,F,F,F,F,F,F
b1642	SlyA	RPHASCH2410_CH16260	RPHASCH2410_PA00060	3745	RPHASCH2410_PA00060,RPHASCH2410_PA00065	2	+	F,F	F,F
b1658	PurR	RPHASCH2410_CH12005	RPHASCH2410_PA00095	3747	RPHASCH2410_PA00095,RPHASCH2410_PA00090,RPHASCH2410_PA00085	3	-	T,T,F	F,F,F
b1658	PurR	RPHASCH2410_CH12005	RPHASCH2410_PA00100	3748	RPHASCH2410_PA00100	1	+	F	F
b3226	NanR	RPHASCH2410_PD05225	RPHASCH2410_PA00105	3749	RPHASCH2410_PA00105	1	+	F	F
b3226	NanR	RPHASCH2410_PD05225	RPHASCH2410_PA00110	3750	RPHASCH2410_PA00110,RPHASCH2410_PA00115,RPHASCH2410_PA00120,RPHASCH2410_PA00125,RPHASCH2410_PA00130,RPHASCH2410_PA00135,RPHASCH2410_PA00140	7	+	F,F,F,F,F,F,F	F,F,F,F,F,F,F
b3226	NanR	RPHASCH2410_PD05225	RPHASCH2410_PA00165	3752	RPHASCH2410_PA00165	1	+	F	F
b3934	CytR	RPHASCH2410_CH04180	RPHASCH2410_PA00260	3758	RPHASCH2410_PA00260,RPHASCH2410_PA00265	2	+	F,F	F,F
b3868	NtrC	RPHASCH2410_CH02640	RPHASCH2410_PA00290	3761	RPHASCH2410_PA00290,RPHASCH2410_PA00295	2	+	F,F	F,F
b3438	GntR	RPHASCH2410_PD00565	RPHASCH2410_PA00305	3762	RPHASCH2410_PA00305,RPHASCH2410_PA00300	2	-	F,F	F,F
b1658	PurR	RPHASCH2410_CH12005	RPHASCH2410_PA00305	3762	RPHASCH2410_PA00305,RPHASCH2410_PA00300	2	-	F,F	F,F
b3438	GntR	RPHASCH2410_PD00565	RPHASCH2410_PA00310	3763	RPHASCH2410_PA00310,RPHASCH2410_PA00315,RPHASCH2410_PA00320,RPHASCH2410_PA00325,RPHASCH2410_PA00330,RPHASCH2410_PA00335,RPHASCH2410_PA00340,RPHASCH2410_PA00345,RPHASCH2410_PA00350,RPHASCH2410_PA00355	10	+	F,F,F,F,F,F,F,F,F,F	F,F,F,F,F,F,F,F,F,F
b1658	PurR	RPHASCH2410_CH12005	RPHASCH2410_PA00310	3763	RPHASCH2410_PA00310,RPHASCH2410_PA00315,RPHASCH2410_PA00320,RPHASCH2410_PA00325,RPHASCH2410_PA00330,RPHASCH2410_PA00335,RPHASCH2410_PA00340,RPHASCH2410_PA00345,RPHASCH2410_PA00350,RPHASCH2410_PA00355	10	+	F,F,F,F,F,F,F,F,F,F	F,F,F,F,F,F,F,F,F,F
b2193	NarP	RPHASCH2410_PA01320	RPHASCH2410_PA00365	3764	RPHASCH2410_PA00365,RPHASCH2410_PA00360	2	-	F,F	F,F
b4396	Rob	RPHASCH2410_CH04215	RPHASCH2410_PA00365	3764	RPHASCH2410_PA00365,RPHASCH2410_PA00360	2	-	F,F	F,F
b2193	NarP	RPHASCH2410_PA01320	RPHASCH2410_PA00370	3765	RPHASCH2410_PA00370,RPHASCH2410_PA00375	2	+	T,F	F,F
b4396	Rob	RPHASCH2410_CH04215	RPHASCH2410_PA00370	3765	RPHASCH2410_PA00370,RPHASCH2410_PA00375	2	+	T,F	F,F
b2916	ArgP	RPHASCH2410_CH20050	RPHASCH2410_PA00535	3774	RPHASCH2410_PA00535,RPHASCH2410_PA00530,RPHASCH2410_PA00525,RPHASCH2410_PA00520	4	-	F,F,F,F	F,F,F,F
b0889	Lrp	RPHASCH2410_PD03050	RPHASCH2410_PA00535	3774	RPHASCH2410_PA00535,RPHASCH2410_PA00530,RPHASCH2410_PA00525,RPHASCH2410_PA00520	4	-	F,F,F,F	F,F,F,F
b3226	NanR	RPHASCH2410_PD05225	RPHASCH2410_PA00535	3774	RPHASCH2410_PA00535,RPHASCH2410_PA00530,RPHASCH2410_PA00525,RPHASCH2410_PA00520	4	-	F,F,F,F	F,F,F,F
b2193	NarP	RPHASCH2410_PA01320	RPHASCH2410_PA00535	3774	RPHASCH2410_PA00535,RPHASCH2410_PA00530,RPHASCH2410_PA00525,RPHASCH2410_PA00520	4	-	F,F,F,F	F,F,F,F
b4396	Rob	RPHASCH2410_CH04215	RPHASCH2410_PA00535	3774	RPHASCH2410_PA00535,RPHASCH2410_PA00530,RPHASCH2410_PA00525,RPHASCH2410_PA00520	4	-	F,F,F,F	F,F,F,F
b2916	ArgP	RPHASCH2410_CH20050	RPHASCH2410_PA00540	3775	RPHASCH2410_PA00540	1	+	F	F
b0889	Lrp	RPHASCH2410_PD03050	RPHASCH2410_PA00540	3775	RPHASCH2410_PA00540	1	+	F	F
b3226	NanR	RPHASCH2410_PD05225	RPHASCH2410_PA00540	3775	RPHASCH2410_PA00540	1	+	F	F
b2193	NarP	RPHASCH2410_PA01320	RPHASCH2410_PA00540	3775	RPHASCH2410_PA00540	1	+	F	F
b4396	Rob	RPHASCH2410_CH04215	RPHASCH2410_PA00540	3775	RPHASCH2410_PA00540	1	+	F	F
b1013	RutR	RPHASCH2410_CH15905	RPHASCH2410_PA00545	3776	RPHASCH2410_PA00545	1	-	F	F
b1013	RutR	RPHASCH2410_CH15905	RPHASCH2410_PA00550	3777	RPHASCH2410_PA00550	1	+	F	F
b1299	PuuR	RPHASCH2410_PD03330	RPHASCH2410_PA00605	3782	RPHASCH2410_PA00605,RPHASCH2410_PA00610,RPHASCH2410_PA00615,RPHASCH2410_PA00620,RPHASCH2410_PA00625,RPHASCH2410_PA00630,RPHASCH2410_PA00635	7	+	T,T,T,T,T,F,F	F,F,F,F,F,F,F
b4396	Rob	RPHASCH2410_CH04215	RPHASCH2410_PA00910	3803	RPHASCH2410_PA00910,RPHASCH2410_PA00905,RPHASCH2410_PA00900,RPHASCH2410_PA00895,RPHASCH2410_RS31190	5	-	F,F,F,F,F	F,F,F,F,F
b4396	Rob	RPHASCH2410_CH04215	RPHASCH2410_PA00915	3804	RPHASCH2410_PA00915,RPHASCH2410_PA00920	2	+	F,F	F,F
b2916	ArgP	RPHASCH2410_CH20050	RPHASCH2410_PA01000	3813	RPHASCH2410_PA01000,RPHASCH2410_PA01005,RPHASCH2410_PA01010,RPHASCH2410_PA01015	4	+	F,F,F,F	F,F,F,F
b4191	UlaR	RPHASCH2410_PB00140	RPHASCH2410_PA01000	3813	RPHASCH2410_PA01000,RPHASCH2410_PA01005,RPHASCH2410_PA01010,RPHASCH2410_PA01015	4	+	F,F,F,F	F,F,F,F
b3226	NanR	RPHASCH2410_PD05225	RPHASCH2410_PA01105	3824	RPHASCH2410_PA01105	1	-	F	F
b4063	SoxR	RPHASCH2410_CH05360	RPHASCH2410_PA01105	3824	RPHASCH2410_PA01105	1	-	F	F
b3226	NanR	RPHASCH2410_PD05225	RPHASCH2410_PA01110	3825	RPHASCH2410_PA01110	1	+	F	F
b4063	SoxR	RPHASCH2410_CH05360	RPHASCH2410_PA01110	3825	RPHASCH2410_PA01110	1	+	F	F
b4063	SoxR	RPHASCH2410_CH05360	RPHASCH2410_PA01115	3826	RPHASCH2410_PA01115	1	+	F	F
b4396	Rob	RPHASCH2410_CH04215	RPHASCH2410_PA01150	3833	RPHASCH2410_PA01150	1	-	F	F
b4396	Rob	RPHASCH2410_CH04215	RPHASCH2410_PA01155	3834	RPHASCH2410_PA01155	1	+	F	F
b1658	PurR	RPHASCH2410_CH12005	RPHASCH2410_PA01190	3837	RPHASCH2410_PA01190,RPHASCH2410_PA01195,RPHASCH2410_PA01200,RPHASCH2410_PA01205	4	+	F,F,F,F	F,F,F,F
b3438	GntR	RPHASCH2410_PD00565	RPHASCH2410_PA01240	3842	RPHASCH2410_PA01240	1	-	F	F
b2193	NarP	RPHASCH2410_PA01320	RPHASCH2410_PA01240	3842	RPHASCH2410_PA01240	1	-	F	F
b3438	GntR	RPHASCH2410_PD00565	RPHASCH2410_PA01245	3843	RPHASCH2410_PA01245	1	+	F	F
b2193	NarP	RPHASCH2410_PA01320	RPHASCH2410_PA01245	3843	RPHASCH2410_PA01245	1	+	F	F
b2916	ArgP	RPHASCH2410_CH20050	RPHASCH2410_PA01255	3844	RPHASCH2410_PA01255,RPHASCH2410_PA01250	2	-	F,T	F,F
b3438	GntR	RPHASCH2410_PD00565	RPHASCH2410_PA01255	3844	RPHASCH2410_PA01255,RPHASCH2410_PA01250	2	-	F,T	F,T
b4396	Rob	RPHASCH2410_CH04215	RPHASCH2410_PA01255	3844	RPHASCH2410_PA01255,RPHASCH2410_PA01250	2	-	F,T	F,F
b2916	ArgP	RPHASCH2410_CH20050	RPHASCH2410_PA01260	3845	RPHASCH2410_PA01260,RPHASCH2410_PA01265,RPHASCH2410_PA01270	3	+	T,F,F	F,F,F
b3438	GntR	RPHASCH2410_PD00565	RPHASCH2410_PA01260	3845	RPHASCH2410_PA01260,RPHASCH2410_PA01265,RPHASCH2410_PA01270	3	+	T,F,F	T,F,F
b4396	Rob	RPHASCH2410_CH04215	RPHASCH2410_PA01260	3845	RPHASCH2410_PA01260,RPHASCH2410_PA01265,RPHASCH2410_PA01270	3	+	T,F,F	F,F,F
b3438	GntR	RPHASCH2410_PD00565	RPHASCH2410_PA01275	3846	RPHASCH2410_PA01275,RPHASCH2410_PA01280,RPHASCH2410_PA01285	3	+	F,F,F	F,F,F
b3934	CytR	RPHASCH2410_CH04180	RPHASCH2410_PA01295	3848	RPHASCH2410_PA01295	1	-	F	F
b4396	Rob	RPHASCH2410_CH04215	RPHASCH2410_PA01360	3855	RPHASCH2410_PA01360	1	-	F	F
b4396	Rob	RPHASCH2410_CH04215	RPHASCH2410_PA01365	3856	RPHASCH2410_PA01365	1	+	F	F
b1299	PuuR	RPHASCH2410_PD03330	RPHASCH2410_PA01390	3858	RPHASCH2410_PA01390	1	-	F	F
b1299	PuuR	RPHASCH2410_PD03330	RPHASCH2410_PA01395	3859	RPHASCH2410_PA01395,RPHASCH2410_PA01400,RPHASCH2410_PA01405,RPHASCH2410_PA01410,RPHASCH2410_PA01415,RPHASCH2410_PA01420,RPHASCH2410_PA01425,RPHASCH2410_PA01430	8	+	F,F,F,F,F,F,F,F	F,F,F,F,F,F,F,F
b1299	PuuR	RPHASCH2410_PD03330	RPHASCH2410_PA01435	3860	RPHASCH2410_PA01435	1	-	F	F
b3934	CytR	RPHASCH2410_CH04180	RPHASCH2410_PA01475	3861	RPHASCH2410_PA01475,RPHASCH2410_PA01470,RPHASCH2410_PA01465,RPHASCH2410_PA01460,RPHASCH2410_RS31765,RPHASCH2410_PA01450,RPHASCH2410_PA01445,RPHASCH2410_PA01440	8	-	F,F,F,F,F,F,F,F	F,F,F,F,F,F,F,F
b4191	UlaR	RPHASCH2410_PB00140	RPHASCH2410_PA01475	3861	RPHASCH2410_PA01475,RPHASCH2410_PA01470,RPHASCH2410_PA01465,RPHASCH2410_PA01460,RPHASCH2410_RS31765,RPHASCH2410_PA01450,RPHASCH2410_PA01445,RPHASCH2410_PA01440	8	-	F,F,F,F,F,F,F,F	F,F,F,F,F,F,F,F
b3934	CytR	RPHASCH2410_CH04180	RPHASCH2410_PA01480	3862	RPHASCH2410_PA01480	1	+	F	F
b4191	UlaR	RPHASCH2410_PB00140	RPHASCH2410_PA01480	3862	RPHASCH2410_PA01480	1	+	F	F
b4396	Rob	RPHASCH2410_CH04215	RPHASCH2410_PA01555	3867	RPHASCH2410_PA01555	1	-	F	F
b1658	PurR	RPHASCH2410_CH12005	RPHASCH2410_PA01560	3868	RPHASCH2410_PA01560	1	-	F	F
b1658	PurR	RPHASCH2410_CH12005	RPHASCH2410_PA01565	3869	RPHASCH2410_PA01565,RPHASCH2410_PA01570,RPHASCH2410_PA01575,RPHASCH2410_PA01580,RPHASCH2410_PA01585	5	+	F,F,F,F,F	F,F,F,F,F
b1299	PuuR	RPHASCH2410_PD03330	RPHASCH2410_PA01565	3869	RPHASCH2410_PA01565,RPHASCH2410_PA01570,RPHASCH2410_PA01575,RPHASCH2410_PA01580,RPHASCH2410_PA01585	5	+	F,F,F,F,F	F,F,F,F,F
b1658	PurR	RPHASCH2410_CH12005	RPHASCH2410_PA01595	3871	RPHASCH2410_PA01595	1	+	F	F
b1299	PuuR	RPHASCH2410_PD03330	RPHASCH2410_PA01630	3875	RPHASCH2410_PA01630	1	+	F	F
b2193	NarP	RPHASCH2410_PA01320	RPHASCH2410_PA01635	3876	RPHASCH2410_PA01635	1	+	F	F
b3226	NanR	RPHASCH2410_PD05225	RPHASCH2410_PA01725	3883	RPHASCH2410_PA01725	1	-	F	F
b3226	NanR	RPHASCH2410_PD05225	RPHASCH2410_PA01730	3884	RPHASCH2410_PA01730	1	+	F	F
b3226	NanR	RPHASCH2410_PD05225	RPHASCH2410_PB00015	2648	RPHASCH2410_PB00015,RPHASCH2410_PB00010,RPHASCH2410_PB00005	3	-	T,T,T	F,F,F
b4191	UlaR	RPHASCH2410_PB00140	RPHASCH2410_PB00140	2662	RPHASCH2410_PB00140,RPHASCH2410_PB00135,RPHASCH2410_PB00130,RPHASCH2410_PB00125,RPHASCH2410_PB00120,RPHASCH2410_PB00115,RPHASCH2410_PB00110	7	-	T,T,F,F,F,T,F	F,F,F,F,F,F,F
b4191	UlaR	RPHASCH2410_PB00140	RPHASCH2410_PB00145	2663	RPHASCH2410_PB00145,RPHASCH2410_PB00150	2	+	F,F	F,F
b4396	Rob	RPHASCH2410_CH04215	RPHASCH2410_PB00170	2667	RPHASCH2410_PB00170	1	-	F	F
b4063	SoxR	RPHASCH2410_CH05360	RPHASCH2410_PB00170	2667	RPHASCH2410_PB00170	1	-	F	F
b4396	Rob	RPHASCH2410_CH04215	RPHASCH2410_PB00175	2668	RPHASCH2410_PB00175	1	+	T	F
b4063	SoxR	RPHASCH2410_CH05360	RPHASCH2410_PB00175	2668	RPHASCH2410_PB00175	1	+	T	F
b3438	GntR	RPHASCH2410_PD00565	RPHASCH2410_PB00190	2671	RPHASCH2410_PB00190	1	+	F	F
b4396	Rob	RPHASCH2410_CH04215	RPHASCH2410_PB00190	2671	RPHASCH2410_PB00190	1	+	F	F
b3226	NanR	RPHASCH2410_PD05225	RPHASCH2410_PB00220	2676	RPHASCH2410_PB00220	1	-	F	F
b3226	NanR	RPHASCH2410_PD05225	RPHASCH2410_PB00225	2677	RPHASCH2410_PB00225	1	+	F	F
b4396	Rob	RPHASCH2410_CH04215	RPHASCH2410_PB00230	2678	RPHASCH2410_PB00230	1	-	F	F
b4396	Rob	RPHASCH2410_CH04215	RPHASCH2410_PB00235	2679	RPHASCH2410_PB00235	1	+	F	F
b3438	GntR	RPHASCH2410_PD00565	RPHASCH2410_PB00280	2682	RPHASCH2410_PB00280,RPHASCH2410_PB00275,RPHASCH2410_PB00270,RPHASCH2410_PB00265,RPHASCH2410_PB00260,RPHASCH2410_PB00255,RPHASCH2410_PB00250	7	-	F,F,F,F,F,F,F	F,F,F,F,F,F,F
b3226	NanR	RPHASCH2410_PD05225	RPHASCH2410_PB00280	2682	RPHASCH2410_PB00280,RPHASCH2410_PB00275,RPHASCH2410_PB00270,RPHASCH2410_PB00265,RPHASCH2410_PB00260,RPHASCH2410_PB00255,RPHASCH2410_PB00250	7	-	F,F,F,F,F,F,F	F,F,F,F,F,F,F
b4396	Rob	RPHASCH2410_CH04215	RPHASCH2410_PB00355	2692	RPHASCH2410_PB00355	1	+	T	F
b2193	NarP	RPHASCH2410_PA01320	RPHASCH2410_PB00385	2697	RPHASCH2410_PB00385	1	-	F	F
b1658	PurR	RPHASCH2410_CH12005	RPHASCH2410_PB00395	2699	RPHASCH2410_PB00395,RPHASCH2410_PB00400	2	+	F,F	F,F
b3226	NanR	RPHASCH2410_PD05225	RPHASCH2410_PB00570	2719	RPHASCH2410_PB00570	1	-	F	F
b3226	NanR	RPHASCH2410_PD05225	RPHASCH2410_PB00575	2720	RPHASCH2410_PB00575	1	+	F	F
b1658	PurR	RPHASCH2410_CH12005	RPHASCH2410_PB00595	2722	RPHASCH2410_PB00595,RPHASCH2410_PB00590,RPHASCH2410_PB00585	3	-	T,T,F	F,F,F
b3934	CytR	RPHASCH2410_CH04180	RPHASCH2410_PB00600	2723	RPHASCH2410_PB00600	1	-	F	F
b3934	CytR	RPHASCH2410_CH04180	RPHASCH2410_PB00605	2724	RPHASCH2410_PB00605,RPHASCH2410_PB00610,RPHASCH2410_PB00615,RPHASCH2410_RS21810	4	+	F,F,F,F	F,F,F,F
b4396	Rob	RPHASCH2410_CH04215	RPHASCH2410_PB00620	2725	RPHASCH2410_PB00620	1	+	F	F
b1299	PuuR	RPHASCH2410_PD03330	RPHASCH2410_PB00655	2728	RPHASCH2410_PB00655	1	-	F	F
b4396	Rob	RPHASCH2410_CH04215	RPHASCH2410_PB00655	2728	RPHASCH2410_PB00655	1	-	F	F
b4396	Rob	RPHASCH2410_CH04215	RPHASCH2410_PB00660	2729	RPHASCH2410_PB00660,RPHASCH2410_PB00665,RPHASCH2410_PB00670,RPHASCH2410_PB00675	4	+	F,F,F,F	F,F,F,F
b0889	Lrp	RPHASCH2410_PD03050	RPHASCH2410_PB00705	2734	RPHASCH2410_PB00705,RPHASCH2410_PB00700	2	-	F,F	F,F
b0889	Lrp	RPHASCH2410_PD03050	RPHASCH2410_PB00710	2735	RPHASCH2410_PB00710	1	+	F	F
b0889	Lrp	RPHASCH2410_PD03050	RPHASCH2410_PB00720	2736	RPHASCH2410_PB00720,RPHASCH2410_PB00715	2	-	F,F	F,F
b0889	Lrp	RPHASCH2410_PD03050	RPHASCH2410_PB00725	2737	RPHASCH2410_PB00725,RPHASCH2410_PB00730	2	+	F,F	F,F
b3226	NanR	RPHASCH2410_PD05225	RPHASCH2410_PB00765	2743	RPHASCH2410_PB00765	1	-	F	F
b1658	PurR	RPHASCH2410_CH12005	RPHASCH2410_PB00860	2751	RPHASCH2410_PB00860,RPHASCH2410_PB00855,RPHASCH2410_PB00850,RPHASCH2410_PB00845,RPHASCH2410_PB00840,RPHASCH2410_PB00835	6	-	F,F,F,F,F,F	F,F,F,F,F,F
b3226	NanR	RPHASCH2410_PD05225	RPHASCH2410_PB00950	2762	RPHASCH2410_PB00950	1	+	F	F
b2837	GalR	RPHASCH2410_CH10080	RPHASCH2410_PB00955	2763	RPHASCH2410_PB00955	1	+	F	F
b1658	PurR	RPHASCH2410_CH12005	RPHASCH2410_PB00955	2763	RPHASCH2410_PB00955	1	+	F	F
b4063	SoxR	RPHASCH2410_CH05360	RPHASCH2410_PB00965	2764	RPHASCH2410_PB00965,RPHASCH2410_PB00960	2	-	F,F	F,F
b3226	NanR	RPHASCH2410_PD05225	RPHASCH2410_PB00975	2766	RPHASCH2410_PB00975	1	-	F	F
b1013	RutR	RPHASCH2410_CH15905	RPHASCH2410_PB00985	2768	RPHASCH2410_PB00985	1	-	F	F
b1013	RutR	RPHASCH2410_CH15905	RPHASCH2410_PB00990	2769	RPHASCH2410_PB00990	1	+	T	F
b4396	Rob	RPHASCH2410_CH04215	RPHASCH2410_PB00995	2770	RPHASCH2410_PB00995	1	+	F	F
b1013	RutR	RPHASCH2410_CH15905	RPHASCH2410_PB01020	2773	RPHASCH2410_PB01020,RPHASCH2410_PB01015	2	-	F,F	F,F
b1013	RutR	RPHASCH2410_CH15905	RPHASCH2410_PB01025	2774	RPHASCH2410_PB01025	1	+	F	F
b3934	CytR	RPHASCH2410_CH04180	RPHASCH2410_PB01080	2780	RPHASCH2410_PB01080,RPHASCH2410_PB01085	2	+	F,F	F,F
b4396	Rob	RPHASCH2410_CH04215	RPHASCH2410_PB01300	2806	RPHASCH2410_PB01300	1	-	F	F
b1642	SlyA	RPHASCH2410_CH16260	RPHASCH2410_PB01325	2807	RPHASCH2410_PB01325,RPHASCH2410_PB01320,RPHASCH2410_PB01315,RPHASCH2410_PB01310,RPHASCH2410_PB01305	5	-	F,F,F,F,F	F,F,F,F,F
b2916	ArgP	RPHASCH2410_CH20050	RPHASCH2410_PB01405	2815	RPHASCH2410_PB01405	1	-	F	F
b2916	ArgP	RPHASCH2410_CH20050	RPHASCH2410_PB01410	2816	RPHASCH2410_PB01410	1	+	F	F
b4063	SoxR	RPHASCH2410_CH05360	RPHASCH2410_PB01510	2824	RPHASCH2410_PB01510,RPHASCH2410_PB01515	2	+	F,F	F,F
b4396	Rob	RPHASCH2410_CH04215	RPHASCH2410_PB01550	2826	RPHASCH2410_PB01550,RPHASCH2410_PB01545,RPHASCH2410_PB01540,RPHASCH2410_PB01535,RPHASCH2410_PB01530,RPHASCH2410_PB01525	6	-	F,F,F,F,F,F	F,F,F,F,F,F
b0889	Lrp	RPHASCH2410_PD03050	RPHASCH2410_PB01555	2827	RPHASCH2410_PB01555	1	-	F	F
b1642	SlyA	RPHASCH2410_CH16260	RPHASCH2410_PB01590	2829	RPHASCH2410_PB01590,RPHASCH2410_PB01585,RPHASCH2410_PB01580,RPHASCH2410_PB01575,RPHASCH2410_PB01570	5	-	F,F,F,F,F	F,F,F,F,F
b1642	SlyA	RPHASCH2410_CH16260	RPHASCH2410_PB01595	2830	RPHASCH2410_PB01595,RPHASCH2410_PB01600,RPHASCH2410_PB01605,RPHASCH2410_PB01610	4	+	F,F,F,T	F,F,F,F
b1658	PurR	RPHASCH2410_CH12005	RPHASCH2410_PB01650	2833	RPHASCH2410_PB01650,RPHASCH2410_PB01645,RPHASCH2410_PB01640,RPHASCH2410_PB01635,RPHASCH2410_PB01630	5	-	F,F,F,F,F	F,F,F,F,F
b2193	NarP	RPHASCH2410_PA01320	RPHASCH2410_PB01655	2834	RPHASCH2410_PB01655	1	-	F	F
b3226	NanR	RPHASCH2410_PD05225	RPHASCH2410_PB01825	2853	RPHASCH2410_PB01825	1	-	F	F
b3226	NanR	RPHASCH2410_PD05225	RPHASCH2410_PB01830	2854	RPHASCH2410_PB01830	1	+	F	F
b4396	Rob	RPHASCH2410_CH04215	RPHASCH2410_PC00085	2872	RPHASCH2410_PC00085,RPHASCH2410_PC00080,RPHASCH2410_PC00075,RPHASCH2410_PC00070,RPHASCH2410_PC00065,RPHASCH2410_PC00060,RPHASCH2410_PC00055	7	-	F,F,F,F,F,F,F	F,F,F,F,F,F,F
b3438	GntR	RPHASCH2410_PD00565	RPHASCH2410_PC00145	2881	RPHASCH2410_PC00145,RPHASCH2410_PC00150,RPHASCH2410_PC00155,RPHASCH2410_PC00160,RPHASCH2410_PC00165	5	+	F,F,T,T,F	F,F,F,F,F
b4396	Rob	RPHASCH2410_CH04215	RPHASCH2410_PC00225	2887	RPHASCH2410_PC00225	1	-	F	F
b1658	PurR	RPHASCH2410_CH12005	RPHASCH2410_PC00265	2893	RPHASCH2410_PC00265	1	+	F	F
b4396	Rob	RPHASCH2410_CH04215	RPHASCH2410_PC00325	2898	RPHASCH2410_PC00325	1	-	F	F
b1658	PurR	RPHASCH2410_CH12005	RPHASCH2410_PC00355	2901	RPHASCH2410_PC00355	1	+	F	F
b4396	Rob	RPHASCH2410_CH04215	RPHASCH2410_PC00355	2901	RPHASCH2410_PC00355	1	+	F	F
b3226	NanR	RPHASCH2410_PD05225	RPHASCH2410_PC00380	2905	RPHASCH2410_PC00380	1	-	F	F
b3226	NanR	RPHASCH2410_PD05225	RPHASCH2410_PC00385	2906	RPHASCH2410_PC00385	1	+	F	F
b1299	PuuR	RPHASCH2410_PD03330	RPHASCH2410_PC00450	2916	RPHASCH2410_PC00450,RPHASCH2410_PC00445	2	-	F,F	F,F
b3226	NanR	RPHASCH2410_PD05225	RPHASCH2410_PC00515	2924	RPHASCH2410_PC00515,RPHASCH2410_PC00510,RPHASCH2410_PC00505,RPHASCH2410_PC00500,RPHASCH2410_PC00495	5	-	F,F,F,F,F	F,F,F,F,F
b1299	PuuR	RPHASCH2410_PD03330	RPHASCH2410_PC00565	2933	RPHASCH2410_PC00565	1	-	F	F
b4396	Rob	RPHASCH2410_CH04215	RPHASCH2410_PC00610	2936	RPHASCH2410_PC00610,RPHASCH2410_PC00605,RPHASCH2410_PC00600,RPHASCH2410_PC00595,RPHASCH2410_PC00590,RPHASCH2410_PC00585,RPHASCH2410_PC00580	7	-	F,F,F,F,F,F,F	F,F,F,F,F,F,F
b3226	NanR	RPHASCH2410_PD05225	RPHASCH2410_PC00625	2939	RPHASCH2410_PC00625	1	-	F	F
b3226	NanR	RPHASCH2410_PD05225	RPHASCH2410_PC00635	2940	RPHASCH2410_PC00635	1	-	F	F
b3226	NanR	RPHASCH2410_PD05225	RPHASCH2410_PC00665	2944	RPHASCH2410_PC00665,RPHASCH2410_PC00670,RPHASCH2410_PC00675	3	+	F,F,F	F,F,F
b2193	NarP	RPHASCH2410_PA01320	RPHASCH2410_PC00695	2948	RPHASCH2410_PC00695	1	-	F	F
b4396	Rob	RPHASCH2410_CH04215	RPHASCH2410_PC00725	2952	RPHASCH2410_PC00725	1	-	F	F
b1658	PurR	RPHASCH2410_CH12005	RPHASCH2410_PC00770	2959	RPHASCH2410_PC00770	1	-	F	F
b4396	Rob	RPHASCH2410_CH04215	RPHASCH2410_PC00785	2962	RPHASCH2410_PC00785	1	-	F	F
b1658	PurR	RPHASCH2410_CH12005	RPHASCH2410_PC00790	2963	RPHASCH2410_PC00790	1	+	F	F
b1013	RutR	RPHASCH2410_CH15905	RPHASCH2410_PC00835	2968	RPHASCH2410_PC00835,RPHASCH2410_PC00840	2	+	F,F	F,F
b2837	GalR	RPHASCH2410_CH10080	RPHASCH2410_PC00885	2975	RPHASCH2410_PC00885,RPHASCH2410_RS32980	2	-	F,F	F,F
b3438	GntR	RPHASCH2410_PD00565	RPHASCH2410_PC00885	2975	RPHASCH2410_PC00885,RPHASCH2410_RS32980	2	-	F,F	F,F
b1658	PurR	RPHASCH2410_CH12005	RPHASCH2410_PC00910	2979	RPHASCH2410_PC00910,RPHASCH2410_PC00905,RPHASCH2410_PC00900	3	-	F,F,F	F,F,F
b3226	NanR	RPHASCH2410_PD05225	RPHASCH2410_PC01000	2990	RPHASCH2410_PC01000	1	+	F	F
b3226	NanR	RPHASCH2410_PD05225	RPHASCH2410_PC01105	3012	RPHASCH2410_PC01105,RPHASCH2410_PC01100	2	-	F,F	F,F
b4396	Rob	RPHASCH2410_CH04215	RPHASCH2410_PC01145	3019	RPHASCH2410_PC01145	1	+	F	F
b0889	Lrp	RPHASCH2410_PD03050	RPHASCH2410_PC01215	3031	RPHASCH2410_PC01215	1	-	F	F
b4396	Rob	RPHASCH2410_CH04215	RPHASCH2410_PC01215	3031	RPHASCH2410_PC01215	1	-	F	F
b4063	SoxR	RPHASCH2410_CH05360	RPHASCH2410_PC01250	3037	RPHASCH2410_PC01250,RPHASCH2410_RS24260,RPHASCH2410_RS24255	3	-	F,F,F	F,F,F
b3934	CytR	RPHASCH2410_CH04180	RPHASCH2410_PC01265	3041	RPHASCH2410_PC01265,RPHASCH2410_PC01270,RPHASCH2410_PC01275,RPHASCH2410_PC01280,RPHASCH2410_PC01285,RPHASCH2410_PC01290,RPHASCH2410_PC01295,RPHASCH2410_PC01300,RPHASCH2410_RS24325,RPHASCH2410_PC01305,RPHASCH2410_PC01310	11	+	F,F,F,F,F,T,F,F,F,F,F	F,F,F,F,F,F,F,F,F,F,F
b4396	Rob	RPHASCH2410_CH04215	RPHASCH2410_PC01265	3041	RPHASCH2410_PC01265,RPHASCH2410_PC01270,RPHASCH2410_PC01275,RPHASCH2410_PC01280,RPHASCH2410_PC01285,RPHASCH2410_PC01290,RPHASCH2410_PC01295,RPHASCH2410_PC01300,RPHASCH2410_RS24325,RPHASCH2410_PC01305,RPHASCH2410_PC01310	11	+	F,F,F,F,F,T,F,F,F,F,F	F,F,F,F,F,F,F,F,F,F,F
b4396	Rob	RPHASCH2410_CH04215	RPHASCH2410_PC01325	3042	RPHASCH2410_PC01325,RPHASCH2410_PC01320,RPHASCH2410_PC01315	3	-	F,F,F	F,F,F
b4396	Rob	RPHASCH2410_CH04215	RPHASCH2410_PC01330	3043	RPHASCH2410_PC01330,RPHASCH2410_PC01335	2	+	F,F	F,F
b1658	PurR	RPHASCH2410_CH12005	RPHASCH2410_PC01340	3044	RPHASCH2410_PC01340	1	-	F	F
b1658	PurR	RPHASCH2410_CH12005	RPHASCH2410_PC01345	3045	RPHASCH2410_PC01345	1	+	F	F
b2916	ArgP	RPHASCH2410_CH20050	RPHASCH2410_PC01405	3053	RPHASCH2410_PC01405	1	+	F	F
b2808	GcvA	RPHASCH2410_CH15335	RPHASCH2410_PC01515	3063	RPHASCH2410_PC01515	1	-	F	F
b1658	PurR	RPHASCH2410_CH12005	RPHASCH2410_PC01515	3063	RPHASCH2410_PC01515	1	-	F	F
b2808	GcvA	RPHASCH2410_CH15335	RPHASCH2410_PC01520	3064	RPHASCH2410_PC01520	1	+	F	F
b1658	PurR	RPHASCH2410_CH12005	RPHASCH2410_PC01520	3064	RPHASCH2410_PC01520	1	+	F	F
b4396	Rob	RPHASCH2410_CH04215	RPHASCH2410_PC01530	3066	RPHASCH2410_PC01530	1	-	F	F
b1299	PuuR	RPHASCH2410_PD03330	RPHASCH2410_PC01540	3068	RPHASCH2410_PC01540,RPHASCH2410_PC01545	2	+	F,F	F,F
b4396	Rob	RPHASCH2410_CH04215	RPHASCH2410_PC01555	3070	RPHASCH2410_PC01555	1	-	F	F
b4396	Rob	RPHASCH2410_CH04215	RPHASCH2410_PC01585	3074	RPHASCH2410_PC01585	1	+	F	F
b1658	PurR	RPHASCH2410_CH12005	RPHASCH2410_PC01625	3079	RPHASCH2410_PC01625,RPHASCH2410_PC01630	2	+	F,F	F,F
b4396	Rob	RPHASCH2410_CH04215	RPHASCH2410_PC01640	3081	RPHASCH2410_PC01640	1	-	F	F
b4396	Rob	RPHASCH2410_CH04215	RPHASCH2410_PC01645	3082	RPHASCH2410_PC01645	1	-	F	F
b4396	Rob	RPHASCH2410_CH04215	RPHASCH2410_PC01650	3083	RPHASCH2410_PC01650,RPHASCH2410_PC01655,RPHASCH2410_PC01660,RPHASCH2410_PC01665	4	+	F,F,F,F	F,F,F,F
b1642	SlyA	RPHASCH2410_CH16260	RPHASCH2410_PC01715	3091	RPHASCH2410_PC01715	1	-	F	F
b1642	SlyA	RPHASCH2410_CH16260	RPHASCH2410_PC01720	3092	RPHASCH2410_PC01720,RPHASCH2410_PC01725,RPHASCH2410_PC01730,RPHASCH2410_PC01735,RPHASCH2410_PC01740,RPHASCH2410_PC01745,RPHASCH2410_PC01750,RPHASCH2410_PC01755,RPHASCH2410_PC01760,RPHASCH2410_PC01765,RPHASCH2410_PC01770,RPHASCH2410_PC01775,RPHASCH2410_PC01780	13	+	F,F,F,F,F,F,F,F,F,F,F,F,F	F,F,F,F,F,F,F,F,F,F,F,F,F
b1642	SlyA	RPHASCH2410_CH16260	RPHASCH2410_PC01790	3093	RPHASCH2410_PC01790,RPHASCH2410_PC01785	2	-	F,F	F,F
b4396	Rob	RPHASCH2410_CH04215	RPHASCH2410_PC01835	3099	RPHASCH2410_PC01835	1	-	F	F
b3226	NanR	RPHASCH2410_PD05225	RPHASCH2410_PC01845	3101	RPHASCH2410_PC01845	1	+	F	F
b1658	PurR	RPHASCH2410_CH12005	RPHASCH2410_PC01875	3105	RPHASCH2410_PC01875	1	-	F	F
b1658	PurR	RPHASCH2410_CH12005	RPHASCH2410_PC01905	3109	RPHASCH2410_PC01905	1	+	F	F
b1658	PurR	RPHASCH2410_CH12005	RPHASCH2410_PC01965	3120	RPHASCH2410_PC01965	1	+	F	F
b1299	PuuR	RPHASCH2410_PD03330	RPHASCH2410_PC01965	3120	RPHASCH2410_PC01965	1	+	F	F
b1658	PurR	RPHASCH2410_CH12005	RPHASCH2410_PC01990	3124	RPHASCH2410_PC01990	1	-	F	F
b1658	PurR	RPHASCH2410_CH12005	RPHASCH2410_PC02025	3125	RPHASCH2410_PC02025,RPHASCH2410_PC02020,RPHASCH2410_PC02015,RPHASCH2410_PC02010,RPHASCH2410_PC02005,RPHASCH2410_PC02000,RPHASCH2410_PC01995	7	-	F,F,F,F,F,F,F	F,F,F,F,F,F,F
b4063	SoxR	RPHASCH2410_CH05360	RPHASCH2410_PC02025	3125	RPHASCH2410_PC02025,RPHASCH2410_PC02020,RPHASCH2410_PC02015,RPHASCH2410_PC02010,RPHASCH2410_PC02005,RPHASCH2410_PC02000,RPHASCH2410_PC01995	7	-	F,F,F,F,F,F,F	F,F,F,F,F,F,F
b1013	RutR	RPHASCH2410_CH15905	RPHASCH2410_PC02105	3135	RPHASCH2410_PC02105	1	-	F	F
b2193	NarP	RPHASCH2410_PA01320	RPHASCH2410_PD00010	3148	RPHASCH2410_PD00010	1	-	F	F
b2193	NarP	RPHASCH2410_PA01320	RPHASCH2410_PD00015	3149	RPHASCH2410_PD00015,RPHASCH2410_PD00020,RPHASCH2410_PD00025	3	+	F,F,F	F,F,F
b3226	NanR	RPHASCH2410_PD05225	RPHASCH2410_PD00050	3154	RPHASCH2410_PD00050	1	-	T	F
b3934	CytR	RPHASCH2410_CH04180	RPHASCH2410_PD00105	3160	RPHASCH2410_PD00105,RPHASCH2410_PD00100,RPHASCH2410_PD00095	3	-	F,F,F	F,F,F
b1658	PurR	RPHASCH2410_CH12005	RPHASCH2410_PD00105	3160	RPHASCH2410_PD00105,RPHASCH2410_PD00100,RPHASCH2410_PD00095	3	-	F,F,F	F,F,F
b4396	Rob	RPHASCH2410_CH04215	RPHASCH2410_PD00105	3160	RPHASCH2410_PD00105,RPHASCH2410_PD00100,RPHASCH2410_PD00095	3	-	F,F,F	F,F,F
b3934	CytR	RPHASCH2410_CH04180	RPHASCH2410_PD00110	3161	RPHASCH2410_PD00110	1	+	F	F
b4396	Rob	RPHASCH2410_CH04215	RPHASCH2410_PD00110	3161	RPHASCH2410_PD00110	1	+	F	F
b1658	PurR	RPHASCH2410_CH12005	RPHASCH2410_PD00325	3185	RPHASCH2410_PD00325	1	+	F	F
b3934	CytR	RPHASCH2410_CH04180	RPHASCH2410_PD00330	3186	RPHASCH2410_PD00330	1	-	F	F
b3934	CytR	RPHASCH2410_CH04180	RPHASCH2410_PD00335	3187	RPHASCH2410_PD00335,RPHASCH2410_PD00340	2	+	F,F	F,F
b1658	PurR	RPHASCH2410_CH12005	RPHASCH2410_PD00365	3191	RPHASCH2410_PD00365,RPHASCH2410_PD00360	2	-	F,F	F,F
b4396	Rob	RPHASCH2410_CH04215	RPHASCH2410_PD00390	3195	RPHASCH2410_PD00390	1	-	F	F
b0889	Lrp	RPHASCH2410_PD03050	RPHASCH2410_PD00460	3201	RPHASCH2410_PD00460,RPHASCH2410_PD00455,RPHASCH2410_PD00450,RPHASCH2410_PD00445,RPHASCH2410_PD00440,RPHASCH2410_PD00435,RPHASCH2410_PD00430,RPHASCH2410_PD00425	8	-	F,F,F,F,F,F,F,F	F,F,F,F,F,F,F,F
b4191	UlaR	RPHASCH2410_PB00140	RPHASCH2410_PD00460	3201	RPHASCH2410_PD00460,RPHASCH2410_PD00455,RPHASCH2410_PD00450,RPHASCH2410_PD00445,RPHASCH2410_PD00440,RPHASCH2410_PD00435,RPHASCH2410_PD00430,RPHASCH2410_PD00425	8	-	F,F,F,F,F,F,F,F	F,F,F,F,F,F,F,F
b0889	Lrp	RPHASCH2410_PD03050	RPHASCH2410_PD00465	3202	RPHASCH2410_PD00465	1	+	F	F
b4191	UlaR	RPHASCH2410_PB00140	RPHASCH2410_PD00465	3202	RPHASCH2410_PD00465	1	+	F	F
b3868	NtrC	RPHASCH2410_CH02640	RPHASCH2410_PD00545	3208	RPHASCH2410_PD00545,RPHASCH2410_PD00540,RPHASCH2410_PD00535,RPHASCH2410_PD00530,RPHASCH2410_PD00525,RPHASCH2410_PD00520,RPHASCH2410_PD00515	7	-	F,F,F,F,F,F,F	F,F,F,F,F,F,F
b3438	GntR	RPHASCH2410_PD00565	RPHASCH2410_PD00565	3212	RPHASCH2410_PD00565,RPHASCH2410_RS33265	2	-	T,F	F,F
b3438	GntR	RPHASCH2410_PD00565	RPHASCH2410_PD00570	3213	RPHASCH2410_PD00570,RPHASCH2410_PD00575,RPHASCH2410_PD00580,RPHASCH2410_PD00585,RPHASCH2410_PD00590,RPHASCH2410_PD00595,RPHASCH2410_PD00600	7	+	F,F,F,F,F,F,F	F,F,F,F,F,F,F
b3438	GntR	RPHASCH2410_PD00565	RPHASCH2410_PD00700	3223	RPHASCH2410_PD00700	1	-	F	F
b3438	GntR	RPHASCH2410_PD00565	RPHASCH2410_PD00705	3224	RPHASCH2410_PD00705	1	+	F	F
b3226	NanR	RPHASCH2410_PD05225	RPHASCH2410_PD00735	3228	RPHASCH2410_PD00735	1	+	F	F
b4396	Rob	RPHASCH2410_CH04215	RPHASCH2410_PD00780	3232	RPHASCH2410_PD00780	1	-	F	F
b1299	PuuR	RPHASCH2410_PD03330	RPHASCH2410_PD00790	3234	RPHASCH2410_PD00790,RPHASCH2410_PD00795,RPHASCH2410_PD00800	3	+	T,T,T	F,F,F
b1642	SlyA	RPHASCH2410_CH16260	RPHASCH2410_PD00815	3237	RPHASCH2410_PD00815	1	-	F	F
b1642	SlyA	RPHASCH2410_CH16260	RPHASCH2410_PD00820	3238	RPHASCH2410_PD00820,RPHASCH2410_PD00825	2	+	F,F	F,F
b2837	GalR	RPHASCH2410_CH10080	RPHASCH2410_PD00985	3250	RPHASCH2410_PD00985,RPHASCH2410_PD00980,RPHASCH2410_PD00975,RPHASCH2410_PD00970,RPHASCH2410_PD00965,RPHASCH2410_PD00960,RPHASCH2410_PD00955	7	-	F,F,F,F,F,F,F	F,F,F,F,F,F,F
b1658	PurR	RPHASCH2410_CH12005	RPHASCH2410_PD00985	3250	RPHASCH2410_PD00985,RPHASCH2410_PD00980,RPHASCH2410_PD00975,RPHASCH2410_PD00970,RPHASCH2410_PD00965,RPHASCH2410_PD00960,RPHASCH2410_PD00955	7	-	F,F,F,F,F,F,F	F,F,F,F,F,F,F
b4396	Rob	RPHASCH2410_CH04215	RPHASCH2410_PD00985	3250	RPHASCH2410_PD00985,RPHASCH2410_PD00980,RPHASCH2410_PD00975,RPHASCH2410_PD00970,RPHASCH2410_PD00965,RPHASCH2410_PD00960,RPHASCH2410_PD00955	7	-	F,F,F,F,F,F,F	F,F,F,F,F,F,F
b2837	GalR	RPHASCH2410_CH10080	RPHASCH2410_PD00990	3251	RPHASCH2410_PD00990,RPHASCH2410_PD00995,RPHASCH2410_PD01000,RPHASCH2410_PD01005,RPHASCH2410_PD01010,RPHASCH2410_PD01015,RPHASCH2410_PD01020	7	+	F,F,F,F,F,F,F	F,F,F,F,F,F,F
b1658	PurR	RPHASCH2410_CH12005	RPHASCH2410_PD00990	3251	RPHASCH2410_PD00990,RPHASCH2410_PD00995,RPHASCH2410_PD01000,RPHASCH2410_PD01005,RPHASCH2410_PD01010,RPHASCH2410_PD01015,RPHASCH2410_PD01020	7	+	F,F,F,F,F,F,F	F,F,F,F,F,F,F
b4396	Rob	RPHASCH2410_CH04215	RPHASCH2410_PD00990	3251	RPHASCH2410_PD00990,RPHASCH2410_PD00995,RPHASCH2410_PD01000,RPHASCH2410_PD01005,RPHASCH2410_PD01010,RPHASCH2410_PD01015,RPHASCH2410_PD01020	7	+	F,F,F,F,F,F,F	F,F,F,F,F,F,F
b1299	PuuR	RPHASCH2410_PD03330	RPHASCH2410_PD01220	3269	RPHASCH2410_PD01220	1	-	F	F
b3226	NanR	RPHASCH2410_PD05225	RPHASCH2410_PD01230	3271	RPHASCH2410_PD01230	1	+	F	F
b3226	NanR	RPHASCH2410_PD05225	RPHASCH2410_PD01235	3272	RPHASCH2410_PD01235	1	+	F	F
b4396	Rob	RPHASCH2410_CH04215	RPHASCH2410_PD01235	3272	RPHASCH2410_PD01235	1	+	F	F
b4396	Rob	RPHASCH2410_CH04215	RPHASCH2410_PD01340	3287	RPHASCH2410_PD01340	1	+	F	F
b4063	SoxR	RPHASCH2410_CH05360	RPHASCH2410_PD01370	3293	RPHASCH2410_PD01370	1	-	F	F
b3438	GntR	RPHASCH2410_PD00565	RPHASCH2410_PD01455	3306	RPHASCH2410_PD01455	1	+	F	F
b3226	NanR	RPHASCH2410_PD05225	RPHASCH2410_PD01515	3312	RPHASCH2410_PD01515,RPHASCH2410_PD01510,RPHASCH2410_PD01505,RPHASCH2410_PD01500,RPHASCH2410_PD01495	5	-	F,F,F,F,F	F,F,F,F,F
b3226	NanR	RPHASCH2410_PD05225	RPHASCH2410_PD01525	3314	RPHASCH2410_PD01525	1	-	F	F
b2808	GcvA	RPHASCH2410_CH15335	RPHASCH2410_PD01565	3316	RPHASCH2410_PD01565,RPHASCH2410_PD01560,RPHASCH2410_PD01555,RPHASCH2410_PD01550,RPHASCH2410_PD01545,RPHASCH2410_PD01540	6	-	F,F,T,F,F,F	F,F,F,F,F,F
b4396	Rob	RPHASCH2410_CH04215	RPHASCH2410_PD01565	3316	RPHASCH2410_PD01565,RPHASCH2410_PD01560,RPHASCH2410_PD01555,RPHASCH2410_PD01550,RPHASCH2410_PD01545,RPHASCH2410_PD01540	6	-	F,F,T,F,F,F	F,F,F,F,F,F
b2808	GcvA	RPHASCH2410_CH15335	RPHASCH2410_PD01570	3317	RPHASCH2410_PD01570	1	+	F	F
b4396	Rob	RPHASCH2410_CH04215	RPHASCH2410_PD01570	3317	RPHASCH2410_PD01570	1	+	F	F
b3868	NtrC	RPHASCH2410_CH02640	RPHASCH2410_PD01605	3319	RPHASCH2410_PD01605,RPHASCH2410_PD01600	2	-	F,F	F,F
b0889	Lrp	RPHASCH2410_PD03050	RPHASCH2410_PD01910	3343	RPHASCH2410_PD01910	1	-	F	F
b1658	PurR	RPHASCH2410_CH12005	RPHASCH2410_PD01910	3343	RPHASCH2410_PD01910	1	-	F	F
b4191	UlaR	RPHASCH2410_PB00140	RPHASCH2410_PD01920	3346	RPHASCH2410_PD01920	1	-	F	F
b3934	CytR	RPHASCH2410_CH04180	RPHASCH2410_PD02065	3358	RPHASCH2410_PD02065,RPHASCH2410_PD02060,RPHASCH2410_PD02055,RPHASCH2410_PD02050	4	-	F,F,F,F	F,F,F,F
b4396	Rob	RPHASCH2410_CH04215	RPHASCH2410_PD02165	3366	RPHASCH2410_PD02165,RPHASCH2410_PD02160,RPHASCH2410_PD02155	3	-	F,F,F	F,F,F
b3438	GntR	RPHASCH2410_PD00565	RPHASCH2410_PD02595	3406	RPHASCH2410_PD02595	1	+	F	F
b1658	PurR	RPHASCH2410_CH12005	RPHASCH2410_PD02700	3418	RPHASCH2410_PD02700,RPHASCH2410_PD02695,RPHASCH2410_PD02690,RPHASCH2410_PD02685,RPHASCH2410_PD02680,RPHASCH2410_PD02675	6	-	F,F,F,F,F,F	F,F,F,F,F,F
b1658	PurR	RPHASCH2410_CH12005	RPHASCH2410_PD02705	3419	RPHASCH2410_PD02705,RPHASCH2410_PD02710,RPHASCH2410_PD02715	3	+	F,F,F	F,F,F
b3868	NtrC	RPHASCH2410_CH02640	RPHASCH2410_PD02745	3420	RPHASCH2410_PD02745,RPHASCH2410_PD02740,RPHASCH2410_PD02735,RPHASCH2410_PD02730,RPHASCH2410_PD02725,RPHASCH2410_PD02720	6	-	F,F,F,F,F,F	F,F,F,F,F,F
b3868	NtrC	RPHASCH2410_CH02640	RPHASCH2410_PD02750	3421	RPHASCH2410_PD02750	1	+	F	F
b3226	NanR	RPHASCH2410_PD05225	RPHASCH2410_PD02760	3422	RPHASCH2410_PD02760,RPHASCH2410_PD02755	2	-	F,F	F,F
b4396	Rob	RPHASCH2410_CH04215	RPHASCH2410_PD02760	3422	RPHASCH2410_PD02760,RPHASCH2410_PD02755	2	-	F,F	F,F
b4191	UlaR	RPHASCH2410_PB00140	RPHASCH2410_PD02760	3422	RPHASCH2410_PD02760,RPHASCH2410_PD02755	2	-	F,F	F,F
b3226	NanR	RPHASCH2410_PD05225	RPHASCH2410_PD02765	3423	RPHASCH2410_PD02765	1	+	F	F
b4396	Rob	RPHASCH2410_CH04215	RPHASCH2410_PD02765	3423	RPHASCH2410_PD02765	1	+	F	F
b4396	Rob	RPHASCH2410_CH04215	RPHASCH2410_PD02905	3439	RPHASCH2410_PD02905	1	-	F	F
b4396	Rob	RPHASCH2410_CH04215	RPHASCH2410_PD02910	3440	RPHASCH2410_PD02910	1	+	F	F
b1658	PurR	RPHASCH2410_CH12005	RPHASCH2410_PD02915	3441	RPHASCH2410_PD02915	1	-	F	F
b1658	PurR	RPHASCH2410_CH12005	RPHASCH2410_PD02920	3442	RPHASCH2410_PD02920,RPHASCH2410_PD02925,RPHASCH2410_PD02930	3	+	F,T,F	F,F,F
b3226	NanR	RPHASCH2410_PD05225	RPHASCH2410_PD03025	3449	RPHASCH2410_PD03025	1	-	F	F
b3226	NanR	RPHASCH2410_PD05225	RPHASCH2410_PD03030	3450	RPHASCH2410_PD03030	1	+	F	F
b2808	GcvA	RPHASCH2410_CH15335	RPHASCH2410_PD03060	3454	RPHASCH2410_PD03060	1	-	F	F
b4396	Rob	RPHASCH2410_CH04215	RPHASCH2410_PD03060	3454	RPHASCH2410_PD03060	1	-	F	F
b2808	GcvA	RPHASCH2410_CH15335	RPHASCH2410_PD03065	3455	RPHASCH2410_PD03065,RPHASCH2410_PD03070	2	+	F,T	F,F
b4396	Rob	RPHASCH2410_CH04215	RPHASCH2410_PD03065	3455	RPHASCH2410_PD03065,RPHASCH2410_PD03070	2	+	F,T	F,F
b1299	PuuR	RPHASCH2410_PD03330	RPHASCH2410_PD03140	3461	RPHASCH2410_PD03140	1	-	F	F
b1299	PuuR	RPHASCH2410_PD03330	RPHASCH2410_PD03145	3462	RPHASCH2410_PD03145,RPHASCH2410_PD03150,RPHASCH2410_PD03155,RPHASCH2410_PD03160,RPHASCH2410_PD03165	5	+	F,F,F,F,F	F,F,F,F,F
b4396	Rob	RPHASCH2410_CH04215	RPHASCH2410_PD03270	3478	RPHASCH2410_PD03270,RPHASCH2410_PD03275,RPHASCH2410_PD03280	3	+	F,F,F	F,F,F
b3226	NanR	RPHASCH2410_PD05225	RPHASCH2410_PD03430	3495	RPHASCH2410_PD03430	1	-	F	F
b3226	NanR	RPHASCH2410_PD05225	RPHASCH2410_PD03435	3496	RPHASCH2410_PD03435,RPHASCH2410_PD03440,RPHASCH2410_PD03445	3	+	F,F,T	F,F,F
b4396	Rob	RPHASCH2410_CH04215	RPHASCH2410_PD03580	3515	RPHASCH2410_PD03580	1	+	F	F
b3226	NanR	RPHASCH2410_PD05225	RPHASCH2410_PD03620	3521	RPHASCH2410_PD03620	1	-	F	F
b1299	PuuR	RPHASCH2410_PD03330	RPHASCH2410_PD03730	3534	RPHASCH2410_PD03730,RPHASCH2410_PD03735,RPHASCH2410_PD03740,RPHASCH2410_PD03745,RPHASCH2410_PD03750	5	+	F,F,F,F,F	F,F,F,F,F
b4396	Rob	RPHASCH2410_CH04215	RPHASCH2410_PD03805	3541	RPHASCH2410_PD03805	1	-	F	F
b4396	Rob	RPHASCH2410_CH04215	RPHASCH2410_PD03810	3542	RPHASCH2410_PD03810	1	+	F	F
b4396	Rob	RPHASCH2410_CH04215	RPHASCH2410_PD03815	3543	RPHASCH2410_PD03815	1	+	F	F
b0889	Lrp	RPHASCH2410_PD03050	RPHASCH2410_PD03845	3546	RPHASCH2410_PD03845	1	+	F	F
b3226	NanR	RPHASCH2410_PD05225	RPHASCH2410_PD03865	3548	RPHASCH2410_PD03865,RPHASCH2410_PD03860	2	-	F,F	F,F
b1642	SlyA	RPHASCH2410_CH16260	RPHASCH2410_PD03865	3548	RPHASCH2410_PD03865,RPHASCH2410_PD03860	2	-	F,F	F,F
b4191	UlaR	RPHASCH2410_PB00140	RPHASCH2410_PD03865	3548	RPHASCH2410_PD03865,RPHASCH2410_PD03860	2	-	F,F	F,F
b1642	SlyA	RPHASCH2410_CH16260	RPHASCH2410_PD03870	3549	RPHASCH2410_PD03870	1	+	F	F
b4191	UlaR	RPHASCH2410_PB00140	RPHASCH2410_PD03870	3549	RPHASCH2410_PD03870	1	+	F	F
b3226	NanR	RPHASCH2410_PD05225	RPHASCH2410_PD03885	3551	RPHASCH2410_PD03885	1	-	F	F
b1013	RutR	RPHASCH2410_CH15905	RPHASCH2410_PD03925	3558	RPHASCH2410_PD03925,RPHASCH2410_PD03930	2	+	F,F	F,F
b3226	NanR	RPHASCH2410_PD05225	RPHASCH2410_PD04015	3570	RPHASCH2410_PD04015	1	-	F	F
b3226	NanR	RPHASCH2410_PD05225	RPHASCH2410_PD04020	3571	RPHASCH2410_PD04020,RPHASCH2410_PD04025	2	+	F,F	F,F
b1658	PurR	RPHASCH2410_CH12005	RPHASCH2410_PD04065	3576	RPHASCH2410_PD04065,RPHASCH2410_PD04070	2	+	F,F	F,F
b3226	NanR	RPHASCH2410_PD05225	RPHASCH2410_PD04075	3577	RPHASCH2410_PD04075	1	+	F	F
b1299	PuuR	RPHASCH2410_PD03330	RPHASCH2410_PD04110	3580	RPHASCH2410_PD04110	1	-	F	F
b2808	GcvA	RPHASCH2410_CH15335	RPHASCH2410_PD04120	3582	RPHASCH2410_PD04120	1	-	F	F
b1299	PuuR	RPHASCH2410_PD03330	RPHASCH2410_PD04165	3587	RPHASCH2410_PD04165,RPHASCH2410_PD04160	2	-	F,F	F,F
b3438	GntR	RPHASCH2410_PD00565	RPHASCH2410_PD04220	3598	RPHASCH2410_PD04220	1	-	F	F
b3438	GntR	RPHASCH2410_PD00565	RPHASCH2410_PD04225	3599	RPHASCH2410_PD04225,RPHASCH2410_RS29150	2	+	F,F	F,F
b4396	Rob	RPHASCH2410_CH04215	RPHASCH2410_PD04325	3613	RPHASCH2410_PD04325	1	+	F	F
b1658	PurR	RPHASCH2410_CH12005	RPHASCH2410_PD04415	3628	RPHASCH2410_PD04415	1	+	F	F
b4396	Rob	RPHASCH2410_CH04215	RPHASCH2410_PD04420	3629	RPHASCH2410_PD04420	1	-	F	F
b3226	NanR	RPHASCH2410_PD05225	RPHASCH2410_PD04465	3637	RPHASCH2410_PD04465	1	-	F	F
b4396	Rob	RPHASCH2410_CH04215	RPHASCH2410_PD04465	3637	RPHASCH2410_PD04465	1	-	F	F
b1013	RutR	RPHASCH2410_CH15905	RPHASCH2410_PD04465	3637	RPHASCH2410_PD04465	1	-	F	F
b3226	NanR	RPHASCH2410_PD05225	RPHASCH2410_PD04470	3638	RPHASCH2410_PD04470,RPHASCH2410_PD04475	2	+	F,F	F,F
b4396	Rob	RPHASCH2410_CH04215	RPHASCH2410_PD04470	3638	RPHASCH2410_PD04470,RPHASCH2410_PD04475	2	+	F,F	F,F
b3226	NanR	RPHASCH2410_PD05225	RPHASCH2410_PD04535	3643	RPHASCH2410_PD04535,RPHASCH2410_PD04530	2	-	F,F	F,F
b1013	RutR	RPHASCH2410_CH15905	RPHASCH2410_PD04570	3650	RPHASCH2410_PD04570	1	+	F	F
b3226	NanR	RPHASCH2410_PD05225	RPHASCH2410_PD04610	3658	RPHASCH2410_PD04610	1	-	F	F
b4396	Rob	RPHASCH2410_CH04215	RPHASCH2410_PD04630	3660	RPHASCH2410_PD04630,RPHASCH2410_RS33605	2	-	F,F	F,F
b3226	NanR	RPHASCH2410_PD05225	RPHASCH2410_PD04755	3674	RPHASCH2410_PD04755	1	-	T	F
b1642	SlyA	RPHASCH2410_CH16260	RPHASCH2410_PD04755	3674	RPHASCH2410_PD04755	1	-	T	F
b3226	NanR	RPHASCH2410_PD05225	RPHASCH2410_PD04760	3675	RPHASCH2410_PD04760,RPHASCH2410_PD04765,RPHASCH2410_PD04770	3	+	F,F,F	F,F,F
b1642	SlyA	RPHASCH2410_CH16260	RPHASCH2410_PD04760	3675	RPHASCH2410_PD04760,RPHASCH2410_PD04765,RPHASCH2410_PD04770	3	+	F,F,F	F,F,F
b2916	ArgP	RPHASCH2410_CH20050	RPHASCH2410_PD04780	3677	RPHASCH2410_PD04780	1	-	F	F
b1658	PurR	RPHASCH2410_CH12005	RPHASCH2410_PD04855	3685	RPHASCH2410_PD04855	1	-	F	F
b4063	SoxR	RPHASCH2410_CH05360	RPHASCH2410_PD04855	3685	RPHASCH2410_PD04855	1	-	F	F
b3226	NanR	RPHASCH2410_PD05225	RPHASCH2410_PD04860	3687	RPHASCH2410_PD04860	1	-	F	F
b4396	Rob	RPHASCH2410_CH04215	RPHASCH2410_PD04900	3695	RPHASCH2410_PD04900,RPHASCH2410_RS29775	2	+	F,F	F,F
b4396	Rob	RPHASCH2410_CH04215	RPHASCH2410_PD04975	3697	RPHASCH2410_PD04975	1	+	F	F
b3226	NanR	RPHASCH2410_PD05225	RPHASCH2410_PD04985	3698	RPHASCH2410_PD04985	1	-	F	F
b3438	GntR	RPHASCH2410_PD00565	RPHASCH2410_PD05020	3702	RPHASCH2410_PD05020,RPHASCH2410_PD05015,RPHASCH2410_PD05010,RPHASCH2410_PD05005	4	-	F,F,F,F	F,F,F,F
b3438	GntR	RPHASCH2410_PD00565	RPHASCH2410_PD05025	3703	RPHASCH2410_PD05025	1	+	F	F
b3226	NanR	RPHASCH2410_PD05225	RPHASCH2410_PD05225	3715	RPHASCH2410_PD05225	1	-	T	F
b3226	NanR	RPHASCH2410_PD05225	RPHASCH2410_PD05230	3716	RPHASCH2410_PD05230,RPHASCH2410_PD05235,RPHASCH2410_PD05240,RPHASCH2410_PD05245	4	+	F,F,F,T	F,F,F,F
b4396	Rob	RPHASCH2410_CH04215	RPHASCH2410_PD05250	3717	RPHASCH2410_PD05250	1	+	F	F
b1642	SlyA	RPHASCH2410_CH16260	RPHASCH2410_PD05315	3723	RPHASCH2410_PD05315	1	-	F	F
b1642	SlyA	RPHASCH2410_CH16260	RPHASCH2410_PD05320	3724	RPHASCH2410_PD05320,RPHASCH2410_PD05325,RPHASCH2410_PD05330,RPHASCH2410_PD05335,RPHASCH2410_PD05340,RPHASCH2410_PD05345	6	+	F,F,F,F,F,F	F,F,F,F,F,F
b3226	NanR	RPHASCH2410_PD05225	RPHASCH2410_PD05370	3728	RPHASCH2410_PD05370,RPHASCH2410_RS30230	2	-	F,F	F,F
